<?xml version="1.0" encoding="UTF-8"?>
<gpx version="1.1" creator="iRunning blog" xmlns="http://www.topografix.com/GPX/1/1" xmlns:gpxtpx="http://www.garmin.com/xmlschemas/TrackPointExtension/v1">
 <metadata><time>2025-09-21T07:11:00Z</time></metadata>
 <trk><name>Berlin Marathon</name><type>running</type><trkseg>
  <trkpt lat="52.5141030" lon="13.3706876"><ele>36.0</ele><time>2025-09-21T07:11:00Z</time><extensions><gpxtpx:TrackPointExtension><gpxtpx:hr>122</gpxtpx:hr></gpxtpx:TrackPointExtension></extensions></trkpt>
  <trkpt lat="52.5142462" lon="13.3707505"><ele>36.0</ele><time>2025-09-21T07:11:05Z</time><extensions><gpxtpx:TrackPointExtension><gpxtpx:hr>122</gpxtpx:hr></gpxtpx:TrackPointExtension></extensions></trkpt>
  <trkpt lat="52.5143510" lon="13.3708313"><ele>36.0</ele><time>2025-09-21T07:11:10Z</time><extensions><gpxtpx:TrackPointExtension><gpxtpx:hr>123</gpxtpx:hr></gpxtpx:TrackPointExtension></extensions></trkpt>
  <trkpt lat="52.5144670" lon="13.3709429"><ele>36.1</ele><time>2025-09-21T07:11:15Z</time><extensions><gpxtpx:TrackPointExtension><gpxtpx:hr>124</gpxtpx:hr></gpxtpx:TrackPointExtension></extensions></trkpt>
  <trkpt lat="52.5145916" lon="13.3708748"><ele>36.1</ele><time>2025-09-21T07:11:20Z</time><extensions><gpxtpx:TrackPointExtension><gpxtpx:hr>124</gpxtpx:hr></gpxtpx:TrackPointExtension></extensions></trkpt>
  <trkpt lat="52.5147212" lon="13.3708964"><ele>36.1</ele><time>2025-09-21T07:11:25Z</time><extensions><gpxtpx:TrackPointExtension><gpxtpx:hr>124</gpxtpx:hr></gpxtpx:TrackPointExtension></extensions></trkpt>
  <trkpt lat="52.5148440" lon="13.3709339"><ele>36.1</ele><time>2025-09-21T07:11:30Z</time><extensions><gpxtpx:TrackPointExtension><gpxtpx:hr>126</gpxtpx:hr></gpxtpx:TrackPointExtension></extensions></trkpt>
  <trkpt lat="52.5149606" lon="13.3710259"><ele>36.1</ele><time>2025-09-21T07:11:35Z</time><extensions><gpxtpx:TrackPointExtension><gpxtpx:hr>126</gpxtpx:hr></gpxtpx:TrackPointExtension></extensions></trkpt>
  <trkpt lat="52.5150704" lon="13.3711101"><ele>36.2</ele><time>2025-09-21T07:11:40Z</time><extensions><gpxtpx:TrackPointExtension><gpxtpx:hr>126</gpxtpx:hr></gpxtpx:TrackPointExtension></extensions></trkpt>
  <trkpt lat="52.5151927" lon="13.3710955"><ele>36.2</ele><time>2025-09-21T07:11:45Z</time><extensions><gpxtpx:TrackPointExtension><gpxtpx:hr>128</gpxtpx:hr></gpxtpx:TrackPointExtension></extensions></trkpt>
  <trkpt lat="52.5152838" lon="13.3710589"><ele>36.2</ele><time>2025-09-21T07:11:50Z</time><extensions><gpxtpx:TrackPointExtension><gpxtpx:hr>128</gpxtpx:hr></gpxtpx:TrackPointExtension></extensions></trkpt>
  <trkpt lat="52.5154211" lon="13.3711029"><ele>36.2</ele><time>2025-09-21T07:11:55Z</time><extensions><gpxtpx:TrackPointExtension><gpxtpx:hr>129</gpxtpx:hr></gpxtpx:TrackPointExtension></extensions></trkpt>
  <trkpt lat="52.5154075" lon="13.3708940"><ele>36.2</ele><time>2025-09-21T07:12:00Z</time><extensions><gpxtpx:TrackPointExtension><gpxtpx:hr>130</gpxtpx:hr></gpxtpx:TrackPointExtension></extensions></trkpt>
  <trkpt lat="52.5153963" lon="13.3706643"><ele>36.3</ele><time>2025-09-21T07:12:05Z</time><extensions><gpxtpx:TrackPointExtension><gpxtpx:hr>130</gpxtpx:hr></gpxtpx:TrackPointExtension></extensions></trkpt>
  <trkpt lat="52.5153923" lon="13.3704437"><ele>36.3</ele><time>2025-09-21T07:12:10Z</time><extensions><gpxtpx:TrackPointExtension><gpxtpx:hr>132</gpxtpx:hr></gpxtpx:TrackPointExtension></extensions></trkpt>
  <trkpt lat="52.5153762" lon="13.3702181"><ele>36.3</ele><time>2025-09-21T07:12:15Z</time><extensions><gpxtpx:TrackPointExtension><gpxtpx:hr>132</gpxtpx:hr></gpxtpx:TrackPointExtension></extensions></trkpt>
  <trkpt lat="52.5153676" lon="13.3700032"><ele>36.3</ele><time>2025-09-21T07:12:20Z</time><extensions><gpxtpx:TrackPointExtension><gpxtpx:hr>132</gpxtpx:hr></gpxtpx:TrackPointExtension></extensions></trkpt>
  <trkpt lat="52.5153651" lon="13.3697851"><ele>36.3</ele><time>2025-09-21T07:12:25Z</time><extensions><gpxtpx:TrackPointExtension><gpxtpx:hr>132</gpxtpx:hr></gpxtpx:TrackPointExtension></extensions></trkpt>
  <trkpt lat="52.5153618" lon="13.3695608"><ele>36.4</ele><time>2025-09-21T07:12:30Z</time><extensions><gpxtpx:TrackPointExtension><gpxtpx:hr>132</gpxtpx:hr></gpxtpx:TrackPointExtension></extensions></trkpt>
  <trkpt lat="52.5153588" lon="13.3693425"><ele>36.4</ele><time>2025-09-21T07:12:35Z</time><extensions><gpxtpx:TrackPointExtension><gpxtpx:hr>132</gpxtpx:hr></gpxtpx:TrackPointExtension></extensions></trkpt>
  <trkpt lat="52.5153480" lon="13.3691152"><ele>36.4</ele><time>2025-09-21T07:12:40Z</time><extensions><gpxtpx:TrackPointExtension><gpxtpx:hr>133</gpxtpx:hr></gpxtpx:TrackPointExtension></extensions></trkpt>
  <trkpt lat="52.5153320" lon="13.3688934"><ele>36.4</ele><time>2025-09-21T07:12:45Z</time><extensions><gpxtpx:TrackPointExtension><gpxtpx:hr>132</gpxtpx:hr></gpxtpx:TrackPointExtension></extensions></trkpt>
  <trkpt lat="52.5153155" lon="13.3686666"><ele>36.5</ele><time>2025-09-21T07:12:50Z</time><extensions><gpxtpx:TrackPointExtension><gpxtpx:hr>132</gpxtpx:hr></gpxtpx:TrackPointExtension></extensions></trkpt>
  <trkpt lat="52.5154043" lon="13.3685482"><ele>36.5</ele><time>2025-09-21T07:12:55Z</time><extensions><gpxtpx:TrackPointExtension><gpxtpx:hr>132</gpxtpx:hr></gpxtpx:TrackPointExtension></extensions></trkpt>
  <trkpt lat="52.5155136" lon="13.3684599"><ele>36.5</ele><time>2025-09-21T07:13:00Z</time><extensions><gpxtpx:TrackPointExtension><gpxtpx:hr>133</gpxtpx:hr></gpxtpx:TrackPointExtension></extensions></trkpt>
  <trkpt lat="52.5154898" lon="13.3682370"><ele>36.5</ele><time>2025-09-21T07:13:05Z</time><extensions><gpxtpx:TrackPointExtension><gpxtpx:hr>134</gpxtpx:hr></gpxtpx:TrackPointExtension></extensions></trkpt>
  <trkpt lat="52.5154857" lon="13.3680203"><ele>36.5</ele><time>2025-09-21T07:13:10Z</time><extensions><gpxtpx:TrackPointExtension><gpxtpx:hr>135</gpxtpx:hr></gpxtpx:TrackPointExtension></extensions></trkpt>
  <trkpt lat="52.5154692" lon="13.3678072"><ele>36.6</ele><time>2025-09-21T07:13:15Z</time><extensions><gpxtpx:TrackPointExtension><gpxtpx:hr>136</gpxtpx:hr></gpxtpx:TrackPointExtension></extensions></trkpt>
  <trkpt lat="52.5154535" lon="13.3675760"><ele>36.6</ele><time>2025-09-21T07:13:20Z</time><extensions><gpxtpx:TrackPointExtension><gpxtpx:hr>135</gpxtpx:hr></gpxtpx:TrackPointExtension></extensions></trkpt>
  <trkpt lat="52.5154523" lon="13.3673576"><ele>36.6</ele><time>2025-09-21T07:13:25Z</time><extensions><gpxtpx:TrackPointExtension><gpxtpx:hr>135</gpxtpx:hr></gpxtpx:TrackPointExtension></extensions></trkpt>
  <trkpt lat="52.5154296" lon="13.3671281"><ele>36.6</ele><time>2025-09-21T07:13:30Z</time><extensions><gpxtpx:TrackPointExtension><gpxtpx:hr>136</gpxtpx:hr></gpxtpx:TrackPointExtension></extensions></trkpt>
  <trkpt lat="52.5154188" lon="13.3669262"><ele>36.6</ele><time>2025-09-21T07:13:35Z</time><extensions><gpxtpx:TrackPointExtension><gpxtpx:hr>136</gpxtpx:hr></gpxtpx:TrackPointExtension></extensions></trkpt>
  <trkpt lat="52.5153961" lon="13.3667028"><ele>36.7</ele><time>2025-09-21T07:13:40Z</time><extensions><gpxtpx:TrackPointExtension><gpxtpx:hr>136</gpxtpx:hr></gpxtpx:TrackPointExtension></extensions></trkpt>
  <trkpt lat="52.5153909" lon="13.3664735"><ele>36.7</ele><time>2025-09-21T07:13:45Z</time><extensions><gpxtpx:TrackPointExtension><gpxtpx:hr>135</gpxtpx:hr></gpxtpx:TrackPointExtension></extensions></trkpt>
  <trkpt lat="52.5153740" lon="13.3662559"><ele>36.7</ele><time>2025-09-21T07:13:50Z</time><extensions><gpxtpx:TrackPointExtension><gpxtpx:hr>136</gpxtpx:hr></gpxtpx:TrackPointExtension></extensions></trkpt>
  <trkpt lat="52.5153616" lon="13.3660294"><ele>36.7</ele><time>2025-09-21T07:13:55Z</time><extensions><gpxtpx:TrackPointExtension><gpxtpx:hr>136</gpxtpx:hr></gpxtpx:TrackPointExtension></extensions></trkpt>
  <trkpt lat="52.5153475" lon="13.3658098"><ele>36.7</ele><time>2025-09-21T07:14:00Z</time><extensions><gpxtpx:TrackPointExtension><gpxtpx:hr>137</gpxtpx:hr></gpxtpx:TrackPointExtension></extensions></trkpt>
  <trkpt lat="52.5153313" lon="13.3655962"><ele>36.8</ele><time>2025-09-21T07:14:05Z</time><extensions><gpxtpx:TrackPointExtension><gpxtpx:hr>137</gpxtpx:hr></gpxtpx:TrackPointExtension></extensions></trkpt>
  <trkpt lat="52.5153161" lon="13.3653711"><ele>36.8</ele><time>2025-09-21T07:14:10Z</time><extensions><gpxtpx:TrackPointExtension><gpxtpx:hr>138</gpxtpx:hr></gpxtpx:TrackPointExtension></extensions></trkpt>
  <trkpt lat="52.5153063" lon="13.3651450"><ele>36.8</ele><time>2025-09-21T07:14:15Z</time><extensions><gpxtpx:TrackPointExtension><gpxtpx:hr>137</gpxtpx:hr></gpxtpx:TrackPointExtension></extensions></trkpt>
  <trkpt lat="52.5152977" lon="13.3649270"><ele>36.8</ele><time>2025-09-21T07:14:20Z</time><extensions><gpxtpx:TrackPointExtension><gpxtpx:hr>138</gpxtpx:hr></gpxtpx:TrackPointExtension></extensions></trkpt>
  <trkpt lat="52.5152816" lon="13.3647121"><ele>36.8</ele><time>2025-09-21T07:14:25Z</time><extensions><gpxtpx:TrackPointExtension><gpxtpx:hr>138</gpxtpx:hr></gpxtpx:TrackPointExtension></extensions></trkpt>
  <trkpt lat="52.5152676" lon="13.3644885"><ele>36.9</ele><time>2025-09-21T07:14:30Z</time><extensions><gpxtpx:TrackPointExtension><gpxtpx:hr>139</gpxtpx:hr></gpxtpx:TrackPointExtension></extensions></trkpt>
  <trkpt lat="52.5152529" lon="13.3642688"><ele>36.9</ele><time>2025-09-21T07:14:35Z</time><extensions><gpxtpx:TrackPointExtension><gpxtpx:hr>138</gpxtpx:hr></gpxtpx:TrackPointExtension></extensions></trkpt>
  <trkpt lat="52.5152382" lon="13.3640419"><ele>36.9</ele><time>2025-09-21T07:14:40Z</time><extensions><gpxtpx:TrackPointExtension><gpxtpx:hr>137</gpxtpx:hr></gpxtpx:TrackPointExtension></extensions></trkpt>
  <trkpt lat="52.5152219" lon="13.3638215"><ele>36.9</ele><time>2025-09-21T07:14:45Z</time><extensions><gpxtpx:TrackPointExtension><gpxtpx:hr>138</gpxtpx:hr></gpxtpx:TrackPointExtension></extensions></trkpt>
  <trkpt lat="52.5152127" lon="13.3635980"><ele>36.9</ele><time>2025-09-21T07:14:50Z</time><extensions><gpxtpx:TrackPointExtension><gpxtpx:hr>138</gpxtpx:hr></gpxtpx:TrackPointExtension></extensions></trkpt>
  <trkpt lat="52.5151973" lon="13.3633744"><ele>37.0</ele><time>2025-09-21T07:14:55Z</time><extensions><gpxtpx:TrackPointExtension><gpxtpx:hr>139</gpxtpx:hr></gpxtpx:TrackPointExtension></extensions></trkpt>
  <trkpt lat="52.5151825" lon="13.3631583"><ele>37.0</ele><time>2025-09-21T07:15:00Z</time><extensions><gpxtpx:TrackPointExtension><gpxtpx:hr>138</gpxtpx:hr></gpxtpx:TrackPointExtension></extensions></trkpt>
  <trkpt lat="52.5151595" lon="13.3629362"><ele>37.0</ele><time>2025-09-21T07:15:05Z</time><extensions><gpxtpx:TrackPointExtension><gpxtpx:hr>138</gpxtpx:hr></gpxtpx:TrackPointExtension></extensions></trkpt>
  <trkpt lat="52.5151502" lon="13.3627152"><ele>37.0</ele><time>2025-09-21T07:15:10Z</time><extensions><gpxtpx:TrackPointExtension><gpxtpx:hr>138</gpxtpx:hr></gpxtpx:TrackPointExtension></extensions></trkpt>
  <trkpt lat="52.5151400" lon="13.3625021"><ele>37.0</ele><time>2025-09-21T07:15:15Z</time><extensions><gpxtpx:TrackPointExtension><gpxtpx:hr>138</gpxtpx:hr></gpxtpx:TrackPointExtension></extensions></trkpt>
  <trkpt lat="52.5151227" lon="13.3622635"><ele>37.1</ele><time>2025-09-21T07:15:20Z</time><extensions><gpxtpx:TrackPointExtension><gpxtpx:hr>138</gpxtpx:hr></gpxtpx:TrackPointExtension></extensions></trkpt>
  <trkpt lat="52.5151085" lon="13.3620560"><ele>37.1</ele><time>2025-09-21T07:15:25Z</time><extensions><gpxtpx:TrackPointExtension><gpxtpx:hr>139</gpxtpx:hr></gpxtpx:TrackPointExtension></extensions></trkpt>
  <trkpt lat="52.5150903" lon="13.3618299"><ele>37.1</ele><time>2025-09-21T07:15:30Z</time><extensions><gpxtpx:TrackPointExtension><gpxtpx:hr>139</gpxtpx:hr></gpxtpx:TrackPointExtension></extensions></trkpt>
  <trkpt lat="52.5150826" lon="13.3616108"><ele>37.1</ele><time>2025-09-21T07:15:35Z</time><extensions><gpxtpx:TrackPointExtension><gpxtpx:hr>138</gpxtpx:hr></gpxtpx:TrackPointExtension></extensions></trkpt>
  <trkpt lat="52.5150729" lon="13.3613921"><ele>37.1</ele><time>2025-09-21T07:15:40Z</time><extensions><gpxtpx:TrackPointExtension><gpxtpx:hr>139</gpxtpx:hr></gpxtpx:TrackPointExtension></extensions></trkpt>
  <trkpt lat="52.5150528" lon="13.3611694"><ele>37.2</ele><time>2025-09-21T07:15:45Z</time><extensions><gpxtpx:TrackPointExtension><gpxtpx:hr>139</gpxtpx:hr></gpxtpx:TrackPointExtension></extensions></trkpt>
  <trkpt lat="52.5150454" lon="13.3609399"><ele>37.2</ele><time>2025-09-21T07:15:50Z</time><extensions><gpxtpx:TrackPointExtension><gpxtpx:hr>139</gpxtpx:hr></gpxtpx:TrackPointExtension></extensions></trkpt>
  <trkpt lat="52.5150239" lon="13.3607152"><ele>37.2</ele><time>2025-09-21T07:15:55Z</time><extensions><gpxtpx:TrackPointExtension><gpxtpx:hr>139</gpxtpx:hr></gpxtpx:TrackPointExtension></extensions></trkpt>
  <trkpt lat="52.5150055" lon="13.3605253"><ele>37.2</ele><time>2025-09-21T07:16:00Z</time><extensions><gpxtpx:TrackPointExtension><gpxtpx:hr>139</gpxtpx:hr></gpxtpx:TrackPointExtension></extensions></trkpt>
  <trkpt lat="52.5149943" lon="13.3602967"><ele>37.2</ele><time>2025-09-21T07:16:05Z</time><extensions><gpxtpx:TrackPointExtension><gpxtpx:hr>138</gpxtpx:hr></gpxtpx:TrackPointExtension></extensions></trkpt>
  <trkpt lat="52.5149856" lon="13.3600638"><ele>37.3</ele><time>2025-09-21T07:16:10Z</time><extensions><gpxtpx:TrackPointExtension><gpxtpx:hr>139</gpxtpx:hr></gpxtpx:TrackPointExtension></extensions></trkpt>
  <trkpt lat="52.5149724" lon="13.3598537"><ele>37.3</ele><time>2025-09-21T07:16:15Z</time><extensions><gpxtpx:TrackPointExtension><gpxtpx:hr>140</gpxtpx:hr></gpxtpx:TrackPointExtension></extensions></trkpt>
  <trkpt lat="52.5149602" lon="13.3596252"><ele>37.3</ele><time>2025-09-21T07:16:20Z</time><extensions><gpxtpx:TrackPointExtension><gpxtpx:hr>140</gpxtpx:hr></gpxtpx:TrackPointExtension></extensions></trkpt>
  <trkpt lat="52.5149420" lon="13.3594095"><ele>37.3</ele><time>2025-09-21T07:16:25Z</time><extensions><gpxtpx:TrackPointExtension><gpxtpx:hr>139</gpxtpx:hr></gpxtpx:TrackPointExtension></extensions></trkpt>
  <trkpt lat="52.5149264" lon="13.3591866"><ele>37.3</ele><time>2025-09-21T07:16:30Z</time><extensions><gpxtpx:TrackPointExtension><gpxtpx:hr>139</gpxtpx:hr></gpxtpx:TrackPointExtension></extensions></trkpt>
  <trkpt lat="52.5149156" lon="13.3589606"><ele>37.4</ele><time>2025-09-21T07:16:35Z</time><extensions><gpxtpx:TrackPointExtension><gpxtpx:hr>138</gpxtpx:hr></gpxtpx:TrackPointExtension></extensions></trkpt>
  <trkpt lat="52.5149017" lon="13.3587428"><ele>37.4</ele><time>2025-09-21T07:16:40Z</time><extensions><gpxtpx:TrackPointExtension><gpxtpx:hr>138</gpxtpx:hr></gpxtpx:TrackPointExtension></extensions></trkpt>
  <trkpt lat="52.5148880" lon="13.3585079"><ele>37.4</ele><time>2025-09-21T07:16:45Z</time><extensions><gpxtpx:TrackPointExtension><gpxtpx:hr>139</gpxtpx:hr></gpxtpx:TrackPointExtension></extensions></trkpt>
  <trkpt lat="52.5148722" lon="13.3582956"><ele>37.4</ele><time>2025-09-21T07:16:50Z</time><extensions><gpxtpx:TrackPointExtension><gpxtpx:hr>138</gpxtpx:hr></gpxtpx:TrackPointExtension></extensions></trkpt>
  <trkpt lat="52.5148534" lon="13.3580772"><ele>37.4</ele><time>2025-09-21T07:16:55Z</time><extensions><gpxtpx:TrackPointExtension><gpxtpx:hr>139</gpxtpx:hr></gpxtpx:TrackPointExtension></extensions></trkpt>
  <trkpt lat="52.5148427" lon="13.3578664"><ele>37.5</ele><time>2025-09-21T07:17:00Z</time><extensions><gpxtpx:TrackPointExtension><gpxtpx:hr>139</gpxtpx:hr></gpxtpx:TrackPointExtension></extensions></trkpt>
  <trkpt lat="52.5148245" lon="13.3576302"><ele>37.5</ele><time>2025-09-21T07:17:05Z</time><extensions><gpxtpx:TrackPointExtension><gpxtpx:hr>139</gpxtpx:hr></gpxtpx:TrackPointExtension></extensions></trkpt>
  <trkpt lat="52.5148192" lon="13.3574246"><ele>37.5</ele><time>2025-09-21T07:17:10Z</time><extensions><gpxtpx:TrackPointExtension><gpxtpx:hr>140</gpxtpx:hr></gpxtpx:TrackPointExtension></extensions></trkpt>
  <trkpt lat="52.5147964" lon="13.3571951"><ele>37.5</ele><time>2025-09-21T07:17:15Z</time><extensions><gpxtpx:TrackPointExtension><gpxtpx:hr>141</gpxtpx:hr></gpxtpx:TrackPointExtension></extensions></trkpt>
  <trkpt lat="52.5147910" lon="13.3569821"><ele>37.5</ele><time>2025-09-21T07:17:20Z</time><extensions><gpxtpx:TrackPointExtension><gpxtpx:hr>141</gpxtpx:hr></gpxtpx:TrackPointExtension></extensions></trkpt>
  <trkpt lat="52.5147766" lon="13.3567559"><ele>37.6</ele><time>2025-09-21T07:17:25Z</time><extensions><gpxtpx:TrackPointExtension><gpxtpx:hr>141</gpxtpx:hr></gpxtpx:TrackPointExtension></extensions></trkpt>
  <trkpt lat="52.5147571" lon="13.3565276"><ele>37.6</ele><time>2025-09-21T07:17:30Z</time><extensions><gpxtpx:TrackPointExtension><gpxtpx:hr>141</gpxtpx:hr></gpxtpx:TrackPointExtension></extensions></trkpt>
  <trkpt lat="52.5147467" lon="13.3563137"><ele>37.6</ele><time>2025-09-21T07:17:35Z</time><extensions><gpxtpx:TrackPointExtension><gpxtpx:hr>140</gpxtpx:hr></gpxtpx:TrackPointExtension></extensions></trkpt>
  <trkpt lat="52.5147318" lon="13.3560996"><ele>37.6</ele><time>2025-09-21T07:17:40Z</time><extensions><gpxtpx:TrackPointExtension><gpxtpx:hr>139</gpxtpx:hr></gpxtpx:TrackPointExtension></extensions></trkpt>
  <trkpt lat="52.5147176" lon="13.3558781"><ele>37.6</ele><time>2025-09-21T07:17:45Z</time><extensions><gpxtpx:TrackPointExtension><gpxtpx:hr>140</gpxtpx:hr></gpxtpx:TrackPointExtension></extensions></trkpt>
  <trkpt lat="52.5146951" lon="13.3556384"><ele>37.7</ele><time>2025-09-21T07:17:50Z</time><extensions><gpxtpx:TrackPointExtension><gpxtpx:hr>140</gpxtpx:hr></gpxtpx:TrackPointExtension></extensions></trkpt>
  <trkpt lat="52.5146831" lon="13.3554259"><ele>37.7</ele><time>2025-09-21T07:17:55Z</time><extensions><gpxtpx:TrackPointExtension><gpxtpx:hr>139</gpxtpx:hr></gpxtpx:TrackPointExtension></extensions></trkpt>
  <trkpt lat="52.5146628" lon="13.3552121"><ele>37.7</ele><time>2025-09-21T07:18:00Z</time><extensions><gpxtpx:TrackPointExtension><gpxtpx:hr>139</gpxtpx:hr></gpxtpx:TrackPointExtension></extensions></trkpt>
  <trkpt lat="52.5146601" lon="13.3549929"><ele>37.7</ele><time>2025-09-21T07:18:05Z</time><extensions><gpxtpx:TrackPointExtension><gpxtpx:hr>139</gpxtpx:hr></gpxtpx:TrackPointExtension></extensions></trkpt>
  <trkpt lat="52.5146411" lon="13.3547705"><ele>37.7</ele><time>2025-09-21T07:18:10Z</time><extensions><gpxtpx:TrackPointExtension><gpxtpx:hr>138</gpxtpx:hr></gpxtpx:TrackPointExtension></extensions></trkpt>
  <trkpt lat="52.5146203" lon="13.3545533"><ele>37.8</ele><time>2025-09-21T07:18:15Z</time><extensions><gpxtpx:TrackPointExtension><gpxtpx:hr>138</gpxtpx:hr></gpxtpx:TrackPointExtension></extensions></trkpt>
  <trkpt lat="52.5146093" lon="13.3543126"><ele>37.8</ele><time>2025-09-21T07:18:20Z</time><extensions><gpxtpx:TrackPointExtension><gpxtpx:hr>137</gpxtpx:hr></gpxtpx:TrackPointExtension></extensions></trkpt>
  <trkpt lat="52.5145995" lon="13.3541098"><ele>37.8</ele><time>2025-09-21T07:18:25Z</time><extensions><gpxtpx:TrackPointExtension><gpxtpx:hr>137</gpxtpx:hr></gpxtpx:TrackPointExtension></extensions></trkpt>
  <trkpt lat="52.5145894" lon="13.3538850"><ele>37.8</ele><time>2025-09-21T07:18:30Z</time><extensions><gpxtpx:TrackPointExtension><gpxtpx:hr>137</gpxtpx:hr></gpxtpx:TrackPointExtension></extensions></trkpt>
  <trkpt lat="52.5145746" lon="13.3536526"><ele>37.8</ele><time>2025-09-21T07:18:35Z</time><extensions><gpxtpx:TrackPointExtension><gpxtpx:hr>137</gpxtpx:hr></gpxtpx:TrackPointExtension></extensions></trkpt>
  <trkpt lat="52.5145575" lon="13.3534548"><ele>37.9</ele><time>2025-09-21T07:18:40Z</time><extensions><gpxtpx:TrackPointExtension><gpxtpx:hr>137</gpxtpx:hr></gpxtpx:TrackPointExtension></extensions></trkpt>
  <trkpt lat="52.5145390" lon="13.3532275"><ele>37.9</ele><time>2025-09-21T07:18:45Z</time><extensions><gpxtpx:TrackPointExtension><gpxtpx:hr>137</gpxtpx:hr></gpxtpx:TrackPointExtension></extensions></trkpt>
  <trkpt lat="52.5145370" lon="13.3530076"><ele>37.9</ele><time>2025-09-21T07:18:50Z</time><extensions><gpxtpx:TrackPointExtension><gpxtpx:hr>137</gpxtpx:hr></gpxtpx:TrackPointExtension></extensions></trkpt>
  <trkpt lat="52.5145111" lon="13.3527798"><ele>37.9</ele><time>2025-09-21T07:18:55Z</time><extensions><gpxtpx:TrackPointExtension><gpxtpx:hr>138</gpxtpx:hr></gpxtpx:TrackPointExtension></extensions></trkpt>
  <trkpt lat="52.5144910" lon="13.3525532"><ele>37.9</ele><time>2025-09-21T07:19:00Z</time><extensions><gpxtpx:TrackPointExtension><gpxtpx:hr>139</gpxtpx:hr></gpxtpx:TrackPointExtension></extensions></trkpt>
  <trkpt lat="52.5144847" lon="13.3523342"><ele>38.0</ele><time>2025-09-21T07:19:05Z</time><extensions><gpxtpx:TrackPointExtension><gpxtpx:hr>138</gpxtpx:hr></gpxtpx:TrackPointExtension></extensions></trkpt>
  <trkpt lat="52.5144728" lon="13.3521165"><ele>38.0</ele><time>2025-09-21T07:19:10Z</time><extensions><gpxtpx:TrackPointExtension><gpxtpx:hr>138</gpxtpx:hr></gpxtpx:TrackPointExtension></extensions></trkpt>
  <trkpt lat="52.5144572" lon="13.3518905"><ele>38.0</ele><time>2025-09-21T07:19:15Z</time><extensions><gpxtpx:TrackPointExtension><gpxtpx:hr>138</gpxtpx:hr></gpxtpx:TrackPointExtension></extensions></trkpt>
  <trkpt lat="52.5144274" lon="13.3518842"><ele>38.0</ele><time>2025-09-21T07:19:20Z</time><extensions><gpxtpx:TrackPointExtension><gpxtpx:hr>138</gpxtpx:hr></gpxtpx:TrackPointExtension></extensions></trkpt>
  <trkpt lat="52.5145657" lon="13.3518590"><ele>38.0</ele><time>2025-09-21T07:19:25Z</time><extensions><gpxtpx:TrackPointExtension><gpxtpx:hr>138</gpxtpx:hr></gpxtpx:TrackPointExtension></extensions></trkpt>
  <trkpt lat="52.5146145" lon="13.3517291"><ele>38.1</ele><time>2025-09-21T07:19:30Z</time><extensions><gpxtpx:TrackPointExtension><gpxtpx:hr>138</gpxtpx:hr></gpxtpx:TrackPointExtension></extensions></trkpt>
  <trkpt lat="52.5145949" lon="13.3514936"><ele>38.1</ele><time>2025-09-21T07:19:35Z</time><extensions><gpxtpx:TrackPointExtension><gpxtpx:hr>137</gpxtpx:hr></gpxtpx:TrackPointExtension></extensions></trkpt>
  <trkpt lat="52.5145791" lon="13.3512827"><ele>38.1</ele><time>2025-09-21T07:19:40Z</time><extensions><gpxtpx:TrackPointExtension><gpxtpx:hr>137</gpxtpx:hr></gpxtpx:TrackPointExtension></extensions></trkpt>
  <trkpt lat="52.5145767" lon="13.3510604"><ele>38.1</ele><time>2025-09-21T07:19:45Z</time><extensions><gpxtpx:TrackPointExtension><gpxtpx:hr>137</gpxtpx:hr></gpxtpx:TrackPointExtension></extensions></trkpt>
  <trkpt lat="52.5145641" lon="13.3508349"><ele>38.1</ele><time>2025-09-21T07:19:50Z</time><extensions><gpxtpx:TrackPointExtension><gpxtpx:hr>138</gpxtpx:hr></gpxtpx:TrackPointExtension></extensions></trkpt>
  <trkpt lat="52.5145392" lon="13.3506140"><ele>38.1</ele><time>2025-09-21T07:19:55Z</time><extensions><gpxtpx:TrackPointExtension><gpxtpx:hr>137</gpxtpx:hr></gpxtpx:TrackPointExtension></extensions></trkpt>
  <trkpt lat="52.5145283" lon="13.3504031"><ele>38.2</ele><time>2025-09-21T07:20:00Z</time><extensions><gpxtpx:TrackPointExtension><gpxtpx:hr>138</gpxtpx:hr></gpxtpx:TrackPointExtension></extensions></trkpt>
  <trkpt lat="52.5144013" lon="13.3503414"><ele>38.2</ele><time>2025-09-21T07:20:05Z</time><extensions><gpxtpx:TrackPointExtension><gpxtpx:hr>139</gpxtpx:hr></gpxtpx:TrackPointExtension></extensions></trkpt>
  <trkpt lat="52.5143341" lon="13.3501426"><ele>38.2</ele><time>2025-09-21T07:20:10Z</time><extensions><gpxtpx:TrackPointExtension><gpxtpx:hr>140</gpxtpx:hr></gpxtpx:TrackPointExtension></extensions></trkpt>
  <trkpt lat="52.5143400" lon="13.3501025"><ele>38.2</ele><time>2025-09-21T07:20:15Z</time><extensions><gpxtpx:TrackPointExtension><gpxtpx:hr>139</gpxtpx:hr></gpxtpx:TrackPointExtension></extensions></trkpt>
  <trkpt lat="52.5143928" lon="13.3499032"><ele>38.2</ele><time>2025-09-21T07:20:20Z</time><extensions><gpxtpx:TrackPointExtension><gpxtpx:hr>139</gpxtpx:hr></gpxtpx:TrackPointExtension></extensions></trkpt>
  <trkpt lat="52.5144910" lon="13.3497842"><ele>38.3</ele><time>2025-09-21T07:20:25Z</time><extensions><gpxtpx:TrackPointExtension><gpxtpx:hr>140</gpxtpx:hr></gpxtpx:TrackPointExtension></extensions></trkpt>
  <trkpt lat="52.5144673" lon="13.3495678"><ele>38.3</ele><time>2025-09-21T07:20:30Z</time><extensions><gpxtpx:TrackPointExtension><gpxtpx:hr>140</gpxtpx:hr></gpxtpx:TrackPointExtension></extensions></trkpt>
  <trkpt lat="52.5144590" lon="13.3493462"><ele>38.3</ele><time>2025-09-21T07:20:35Z</time><extensions><gpxtpx:TrackPointExtension><gpxtpx:hr>140</gpxtpx:hr></gpxtpx:TrackPointExtension></extensions></trkpt>
  <trkpt lat="52.5144375" lon="13.3491240"><ele>38.3</ele><time>2025-09-21T07:20:40Z</time><extensions><gpxtpx:TrackPointExtension><gpxtpx:hr>139</gpxtpx:hr></gpxtpx:TrackPointExtension></extensions></trkpt>
  <trkpt lat="52.5144354" lon="13.3488992"><ele>38.3</ele><time>2025-09-21T07:20:45Z</time><extensions><gpxtpx:TrackPointExtension><gpxtpx:hr>140</gpxtpx:hr></gpxtpx:TrackPointExtension></extensions></trkpt>
  <trkpt lat="52.5144102" lon="13.3486881"><ele>38.4</ele><time>2025-09-21T07:20:50Z</time><extensions><gpxtpx:TrackPointExtension><gpxtpx:hr>139</gpxtpx:hr></gpxtpx:TrackPointExtension></extensions></trkpt>
  <trkpt lat="52.5144007" lon="13.3484664"><ele>38.4</ele><time>2025-09-21T07:20:55Z</time><extensions><gpxtpx:TrackPointExtension><gpxtpx:hr>140</gpxtpx:hr></gpxtpx:TrackPointExtension></extensions></trkpt>
  <trkpt lat="52.5144576" lon="13.3483312"><ele>38.4</ele><time>2025-09-21T07:21:00Z</time><extensions><gpxtpx:TrackPointExtension><gpxtpx:hr>140</gpxtpx:hr></gpxtpx:TrackPointExtension></extensions></trkpt>
  <trkpt lat="52.5145885" lon="13.3483181"><ele>38.4</ele><time>2025-09-21T07:21:05Z</time><extensions><gpxtpx:TrackPointExtension><gpxtpx:hr>139</gpxtpx:hr></gpxtpx:TrackPointExtension></extensions></trkpt>
  <trkpt lat="52.5146966" lon="13.3483331"><ele>38.4</ele><time>2025-09-21T07:21:10Z</time><extensions><gpxtpx:TrackPointExtension><gpxtpx:hr>140</gpxtpx:hr></gpxtpx:TrackPointExtension></extensions></trkpt>
  <trkpt lat="52.5146115" lon="13.3484093"><ele>38.5</ele><time>2025-09-21T07:21:15Z</time><extensions><gpxtpx:TrackPointExtension><gpxtpx:hr>139</gpxtpx:hr></gpxtpx:TrackPointExtension></extensions></trkpt>
  <trkpt lat="52.5146590" lon="13.3486077"><ele>38.5</ele><time>2025-09-21T07:21:20Z</time><extensions><gpxtpx:TrackPointExtension><gpxtpx:hr>140</gpxtpx:hr></gpxtpx:TrackPointExtension></extensions></trkpt>
  <trkpt lat="52.5147680" lon="13.3487511"><ele>38.5</ele><time>2025-09-21T07:21:25Z</time><extensions><gpxtpx:TrackPointExtension><gpxtpx:hr>140</gpxtpx:hr></gpxtpx:TrackPointExtension></extensions></trkpt>
  <trkpt lat="52.5148887" lon="13.3487206"><ele>38.5</ele><time>2025-09-21T07:21:30Z</time><extensions><gpxtpx:TrackPointExtension><gpxtpx:hr>139</gpxtpx:hr></gpxtpx:TrackPointExtension></extensions></trkpt>
  <trkpt lat="52.5149800" lon="13.3485495"><ele>38.5</ele><time>2025-09-21T07:21:35Z</time><extensions><gpxtpx:TrackPointExtension><gpxtpx:hr>139</gpxtpx:hr></gpxtpx:TrackPointExtension></extensions></trkpt>
  <trkpt lat="52.5150864" lon="13.3486817"><ele>38.5</ele><time>2025-09-21T07:21:40Z</time><extensions><gpxtpx:TrackPointExtension><gpxtpx:hr>139</gpxtpx:hr></gpxtpx:TrackPointExtension></extensions></trkpt>
  <trkpt lat="52.5151957" lon="13.3488107"><ele>38.6</ele><time>2025-09-21T07:21:45Z</time><extensions><gpxtpx:TrackPointExtension><gpxtpx:hr>140</gpxtpx:hr></gpxtpx:TrackPointExtension></extensions></trkpt>
  <trkpt lat="52.5152824" lon="13.3487034"><ele>38.6</ele><time>2025-09-21T07:21:50Z</time><extensions><gpxtpx:TrackPointExtension><gpxtpx:hr>141</gpxtpx:hr></gpxtpx:TrackPointExtension></extensions></trkpt>
  <trkpt lat="52.5153691" lon="13.3485157"><ele>38.6</ele><time>2025-09-21T07:21:55Z</time><extensions><gpxtpx:TrackPointExtension><gpxtpx:hr>140</gpxtpx:hr></gpxtpx:TrackPointExtension></extensions></trkpt>
  <trkpt lat="52.5154369" lon="13.3483412"><ele>38.6</ele><time>2025-09-21T07:22:00Z</time><extensions><gpxtpx:TrackPointExtension><gpxtpx:hr>140</gpxtpx:hr></gpxtpx:TrackPointExtension></extensions></trkpt>
  <trkpt lat="52.5155135" lon="13.3481622"><ele>38.6</ele><time>2025-09-21T07:22:05Z</time><extensions><gpxtpx:TrackPointExtension><gpxtpx:hr>140</gpxtpx:hr></gpxtpx:TrackPointExtension></extensions></trkpt>
  <trkpt lat="52.5155974" lon="13.3479920"><ele>38.7</ele><time>2025-09-21T07:22:10Z</time><extensions><gpxtpx:TrackPointExtension><gpxtpx:hr>140</gpxtpx:hr></gpxtpx:TrackPointExtension></extensions></trkpt>
  <trkpt lat="52.5156677" lon="13.3477916"><ele>38.7</ele><time>2025-09-21T07:22:15Z</time><extensions><gpxtpx:TrackPointExtension><gpxtpx:hr>141</gpxtpx:hr></gpxtpx:TrackPointExtension></extensions></trkpt>
  <trkpt lat="52.5157540" lon="13.3476248"><ele>38.7</ele><time>2025-09-21T07:22:20Z</time><extensions><gpxtpx:TrackPointExtension><gpxtpx:hr>142</gpxtpx:hr></gpxtpx:TrackPointExtension></extensions></trkpt>
  <trkpt lat="52.5158449" lon="13.3474898"><ele>38.7</ele><time>2025-09-21T07:22:25Z</time><extensions><gpxtpx:TrackPointExtension><gpxtpx:hr>142</gpxtpx:hr></gpxtpx:TrackPointExtension></extensions></trkpt>
  <trkpt lat="52.5159782" lon="13.3475812"><ele>38.7</ele><time>2025-09-21T07:22:30Z</time><extensions><gpxtpx:TrackPointExtension><gpxtpx:hr>141</gpxtpx:hr></gpxtpx:TrackPointExtension></extensions></trkpt>
  <trkpt lat="52.5161027" lon="13.3476296"><ele>38.7</ele><time>2025-09-21T07:22:35Z</time><extensions><gpxtpx:TrackPointExtension><gpxtpx:hr>140</gpxtpx:hr></gpxtpx:TrackPointExtension></extensions></trkpt>
  <trkpt lat="52.5162328" lon="13.3477139"><ele>38.8</ele><time>2025-09-21T07:22:40Z</time><extensions><gpxtpx:TrackPointExtension><gpxtpx:hr>140</gpxtpx:hr></gpxtpx:TrackPointExtension></extensions></trkpt>
  <trkpt lat="52.5163604" lon="13.3477884"><ele>38.8</ele><time>2025-09-21T07:22:45Z</time><extensions><gpxtpx:TrackPointExtension><gpxtpx:hr>141</gpxtpx:hr></gpxtpx:TrackPointExtension></extensions></trkpt>
  <trkpt lat="52.5164861" lon="13.3478621"><ele>38.8</ele><time>2025-09-21T07:22:50Z</time><extensions><gpxtpx:TrackPointExtension><gpxtpx:hr>141</gpxtpx:hr></gpxtpx:TrackPointExtension></extensions></trkpt>
  <trkpt lat="52.5166089" lon="13.3479330"><ele>38.8</ele><time>2025-09-21T07:22:55Z</time><extensions><gpxtpx:TrackPointExtension><gpxtpx:hr>141</gpxtpx:hr></gpxtpx:TrackPointExtension></extensions></trkpt>
  <trkpt lat="52.5166923" lon="13.3478135"><ele>38.8</ele><time>2025-09-21T07:23:00Z</time><extensions><gpxtpx:TrackPointExtension><gpxtpx:hr>142</gpxtpx:hr></gpxtpx:TrackPointExtension></extensions></trkpt>
  <trkpt lat="52.5168017" lon="13.3478331"><ele>38.9</ele><time>2025-09-21T07:23:05Z</time><extensions><gpxtpx:TrackPointExtension><gpxtpx:hr>141</gpxtpx:hr></gpxtpx:TrackPointExtension></extensions></trkpt>
  <trkpt lat="52.5168830" lon="13.3477467"><ele>38.9</ele><time>2025-09-21T07:23:10Z</time><extensions><gpxtpx:TrackPointExtension><gpxtpx:hr>142</gpxtpx:hr></gpxtpx:TrackPointExtension></extensions></trkpt>
  <trkpt lat="52.5169945" lon="13.3477719"><ele>38.9</ele><time>2025-09-21T07:23:15Z</time><extensions><gpxtpx:TrackPointExtension><gpxtpx:hr>140</gpxtpx:hr></gpxtpx:TrackPointExtension></extensions></trkpt>
  <trkpt lat="52.5171008" lon="13.3476934"><ele>38.9</ele><time>2025-09-21T07:23:20Z</time><extensions><gpxtpx:TrackPointExtension><gpxtpx:hr>140</gpxtpx:hr></gpxtpx:TrackPointExtension></extensions></trkpt>
  <trkpt lat="52.5172262" lon="13.3476657"><ele>38.9</ele><time>2025-09-21T07:23:25Z</time><extensions><gpxtpx:TrackPointExtension><gpxtpx:hr>140</gpxtpx:hr></gpxtpx:TrackPointExtension></extensions></trkpt>
  <trkpt lat="52.5173531" lon="13.3477238"><ele>38.9</ele><time>2025-09-21T07:23:30Z</time><extensions><gpxtpx:TrackPointExtension><gpxtpx:hr>139</gpxtpx:hr></gpxtpx:TrackPointExtension></extensions></trkpt>
  <trkpt lat="52.5174861" lon="13.3476931"><ele>39.0</ele><time>2025-09-21T07:23:35Z</time><extensions><gpxtpx:TrackPointExtension><gpxtpx:hr>139</gpxtpx:hr></gpxtpx:TrackPointExtension></extensions></trkpt>
  <trkpt lat="52.5176117" lon="13.3476993"><ele>39.0</ele><time>2025-09-21T07:23:40Z</time><extensions><gpxtpx:TrackPointExtension><gpxtpx:hr>140</gpxtpx:hr></gpxtpx:TrackPointExtension></extensions></trkpt>
  <trkpt lat="52.5177584" lon="13.3477217"><ele>39.0</ele><time>2025-09-21T07:23:45Z</time><extensions><gpxtpx:TrackPointExtension><gpxtpx:hr>141</gpxtpx:hr></gpxtpx:TrackPointExtension></extensions></trkpt>
  <trkpt lat="52.5178924" lon="13.3477307"><ele>39.0</ele><time>2025-09-21T07:23:50Z</time><extensions><gpxtpx:TrackPointExtension><gpxtpx:hr>141</gpxtpx:hr></gpxtpx:TrackPointExtension></extensions></trkpt>
  <trkpt lat="52.5180248" lon="13.3477490"><ele>39.0</ele><time>2025-09-21T07:23:55Z</time><extensions><gpxtpx:TrackPointExtension><gpxtpx:hr>141</gpxtpx:hr></gpxtpx:TrackPointExtension></extensions></trkpt>
  <trkpt lat="52.5181627" lon="13.3477679"><ele>39.1</ele><time>2025-09-21T07:24:00Z</time><extensions><gpxtpx:TrackPointExtension><gpxtpx:hr>141</gpxtpx:hr></gpxtpx:TrackPointExtension></extensions></trkpt>
  <trkpt lat="52.5182985" lon="13.3477748"><ele>39.1</ele><time>2025-09-21T07:24:05Z</time><extensions><gpxtpx:TrackPointExtension><gpxtpx:hr>140</gpxtpx:hr></gpxtpx:TrackPointExtension></extensions></trkpt>
  <trkpt lat="52.5184337" lon="13.3477755"><ele>39.1</ele><time>2025-09-21T07:24:10Z</time><extensions><gpxtpx:TrackPointExtension><gpxtpx:hr>139</gpxtpx:hr></gpxtpx:TrackPointExtension></extensions></trkpt>
  <trkpt lat="52.5185693" lon="13.3477719"><ele>39.1</ele><time>2025-09-21T07:24:15Z</time><extensions><gpxtpx:TrackPointExtension><gpxtpx:hr>139</gpxtpx:hr></gpxtpx:TrackPointExtension></extensions></trkpt>
  <trkpt lat="52.5187019" lon="13.3477700"><ele>39.1</ele><time>2025-09-21T07:24:20Z</time><extensions><gpxtpx:TrackPointExtension><gpxtpx:hr>139</gpxtpx:hr></gpxtpx:TrackPointExtension></extensions></trkpt>
  <trkpt lat="52.5188384" lon="13.3477864"><ele>39.1</ele><time>2025-09-21T07:24:25Z</time><extensions><gpxtpx:TrackPointExtension><gpxtpx:hr>139</gpxtpx:hr></gpxtpx:TrackPointExtension></extensions></trkpt>
  <trkpt lat="52.5189743" lon="13.3477888"><ele>39.2</ele><time>2025-09-21T07:24:30Z</time><extensions><gpxtpx:TrackPointExtension><gpxtpx:hr>139</gpxtpx:hr></gpxtpx:TrackPointExtension></extensions></trkpt>
  <trkpt lat="52.5190008" lon="13.3476900"><ele>39.2</ele><time>2025-09-21T07:24:35Z</time><extensions><gpxtpx:TrackPointExtension><gpxtpx:hr>140</gpxtpx:hr></gpxtpx:TrackPointExtension></extensions></trkpt>
  <trkpt lat="52.5190786" lon="13.3475154"><ele>39.2</ele><time>2025-09-21T07:24:40Z</time><extensions><gpxtpx:TrackPointExtension><gpxtpx:hr>140</gpxtpx:hr></gpxtpx:TrackPointExtension></extensions></trkpt>
  <trkpt lat="52.5191717" lon="13.3473288"><ele>39.2</ele><time>2025-09-21T07:24:45Z</time><extensions><gpxtpx:TrackPointExtension><gpxtpx:hr>140</gpxtpx:hr></gpxtpx:TrackPointExtension></extensions></trkpt>
  <trkpt lat="52.5192480" lon="13.3471422"><ele>39.2</ele><time>2025-09-21T07:24:50Z</time><extensions><gpxtpx:TrackPointExtension><gpxtpx:hr>141</gpxtpx:hr></gpxtpx:TrackPointExtension></extensions></trkpt>
  <trkpt lat="52.5193352" lon="13.3469915"><ele>39.2</ele><time>2025-09-21T07:24:55Z</time><extensions><gpxtpx:TrackPointExtension><gpxtpx:hr>140</gpxtpx:hr></gpxtpx:TrackPointExtension></extensions></trkpt>
  <trkpt lat="52.5194155" lon="13.3468032"><ele>39.3</ele><time>2025-09-21T07:25:00Z</time><extensions><gpxtpx:TrackPointExtension><gpxtpx:hr>140</gpxtpx:hr></gpxtpx:TrackPointExtension></extensions></trkpt>
  <trkpt lat="52.5195384" lon="13.3468491"><ele>39.3</ele><time>2025-09-21T07:25:05Z</time><extensions><gpxtpx:TrackPointExtension><gpxtpx:hr>140</gpxtpx:hr></gpxtpx:TrackPointExtension></extensions></trkpt>
  <trkpt lat="52.5196606" lon="13.3469536"><ele>39.3</ele><time>2025-09-21T07:25:10Z</time><extensions><gpxtpx:TrackPointExtension><gpxtpx:hr>139</gpxtpx:hr></gpxtpx:TrackPointExtension></extensions></trkpt>
  <trkpt lat="52.5197903" lon="13.3470231"><ele>39.3</ele><time>2025-09-21T07:25:15Z</time><extensions><gpxtpx:TrackPointExtension><gpxtpx:hr>140</gpxtpx:hr></gpxtpx:TrackPointExtension></extensions></trkpt>
  <trkpt lat="52.5199008" lon="13.3471300"><ele>39.3</ele><time>2025-09-21T07:25:20Z</time><extensions><gpxtpx:TrackPointExtension><gpxtpx:hr>141</gpxtpx:hr></gpxtpx:TrackPointExtension></extensions></trkpt>
  <trkpt lat="52.5200306" lon="13.3472302"><ele>39.3</ele><time>2025-09-21T07:25:25Z</time><extensions><gpxtpx:TrackPointExtension><gpxtpx:hr>140</gpxtpx:hr></gpxtpx:TrackPointExtension></extensions></trkpt>
  <trkpt lat="52.5201526" lon="13.3473264"><ele>39.4</ele><time>2025-09-21T07:25:30Z</time><extensions><gpxtpx:TrackPointExtension><gpxtpx:hr>141</gpxtpx:hr></gpxtpx:TrackPointExtension></extensions></trkpt>
  <trkpt lat="52.5202797" lon="13.3474333"><ele>39.4</ele><time>2025-09-21T07:25:35Z</time><extensions><gpxtpx:TrackPointExtension><gpxtpx:hr>141</gpxtpx:hr></gpxtpx:TrackPointExtension></extensions></trkpt>
  <trkpt lat="52.5204087" lon="13.3474989"><ele>39.4</ele><time>2025-09-21T07:25:40Z</time><extensions><gpxtpx:TrackPointExtension><gpxtpx:hr>141</gpxtpx:hr></gpxtpx:TrackPointExtension></extensions></trkpt>
  <trkpt lat="52.5205311" lon="13.3476101"><ele>39.4</ele><time>2025-09-21T07:25:45Z</time><extensions><gpxtpx:TrackPointExtension><gpxtpx:hr>141</gpxtpx:hr></gpxtpx:TrackPointExtension></extensions></trkpt>
  <trkpt lat="52.5206523" lon="13.3476984"><ele>39.4</ele><time>2025-09-21T07:25:50Z</time><extensions><gpxtpx:TrackPointExtension><gpxtpx:hr>142</gpxtpx:hr></gpxtpx:TrackPointExtension></extensions></trkpt>
  <trkpt lat="52.5207686" lon="13.3477920"><ele>39.4</ele><time>2025-09-21T07:25:55Z</time><extensions><gpxtpx:TrackPointExtension><gpxtpx:hr>141</gpxtpx:hr></gpxtpx:TrackPointExtension></extensions></trkpt>
  <trkpt lat="52.5209012" lon="13.3478859"><ele>39.5</ele><time>2025-09-21T07:26:00Z</time><extensions><gpxtpx:TrackPointExtension><gpxtpx:hr>141</gpxtpx:hr></gpxtpx:TrackPointExtension></extensions></trkpt>
  <trkpt lat="52.5210229" lon="13.3479715"><ele>39.5</ele><time>2025-09-21T07:26:05Z</time><extensions><gpxtpx:TrackPointExtension><gpxtpx:hr>141</gpxtpx:hr></gpxtpx:TrackPointExtension></extensions></trkpt>
  <trkpt lat="52.5211455" lon="13.3480676"><ele>39.5</ele><time>2025-09-21T07:26:10Z</time><extensions><gpxtpx:TrackPointExtension><gpxtpx:hr>140</gpxtpx:hr></gpxtpx:TrackPointExtension></extensions></trkpt>
  <trkpt lat="52.5212752" lon="13.3481658"><ele>39.5</ele><time>2025-09-21T07:26:15Z</time><extensions><gpxtpx:TrackPointExtension><gpxtpx:hr>140</gpxtpx:hr></gpxtpx:TrackPointExtension></extensions></trkpt>
  <trkpt lat="52.5213997" lon="13.3482337"><ele>39.5</ele><time>2025-09-21T07:26:20Z</time><extensions><gpxtpx:TrackPointExtension><gpxtpx:hr>139</gpxtpx:hr></gpxtpx:TrackPointExtension></extensions></trkpt>
  <trkpt lat="52.5215190" lon="13.3483347"><ele>39.5</ele><time>2025-09-21T07:26:25Z</time><extensions><gpxtpx:TrackPointExtension><gpxtpx:hr>138</gpxtpx:hr></gpxtpx:TrackPointExtension></extensions></trkpt>
  <trkpt lat="52.5216420" lon="13.3484055"><ele>39.6</ele><time>2025-09-21T07:26:30Z</time><extensions><gpxtpx:TrackPointExtension><gpxtpx:hr>139</gpxtpx:hr></gpxtpx:TrackPointExtension></extensions></trkpt>
  <trkpt lat="52.5217692" lon="13.3484836"><ele>39.6</ele><time>2025-09-21T07:26:35Z</time><extensions><gpxtpx:TrackPointExtension><gpxtpx:hr>139</gpxtpx:hr></gpxtpx:TrackPointExtension></extensions></trkpt>
  <trkpt lat="52.5219013" lon="13.3485807"><ele>39.6</ele><time>2025-09-21T07:26:40Z</time><extensions><gpxtpx:TrackPointExtension><gpxtpx:hr>140</gpxtpx:hr></gpxtpx:TrackPointExtension></extensions></trkpt>
  <trkpt lat="52.5219631" lon="13.3484034"><ele>39.6</ele><time>2025-09-21T07:26:45Z</time><extensions><gpxtpx:TrackPointExtension><gpxtpx:hr>140</gpxtpx:hr></gpxtpx:TrackPointExtension></extensions></trkpt>
  <trkpt lat="52.5221025" lon="13.3484382"><ele>39.6</ele><time>2025-09-21T07:26:50Z</time><extensions><gpxtpx:TrackPointExtension><gpxtpx:hr>139</gpxtpx:hr></gpxtpx:TrackPointExtension></extensions></trkpt>
  <trkpt lat="52.5221168" lon="13.3486499"><ele>39.6</ele><time>2025-09-21T07:26:55Z</time><extensions><gpxtpx:TrackPointExtension><gpxtpx:hr>140</gpxtpx:hr></gpxtpx:TrackPointExtension></extensions></trkpt>
  <trkpt lat="52.5222014" lon="13.3487849"><ele>39.7</ele><time>2025-09-21T07:27:00Z</time><extensions><gpxtpx:TrackPointExtension><gpxtpx:hr>139</gpxtpx:hr></gpxtpx:TrackPointExtension></extensions></trkpt>
  <trkpt lat="52.5223252" lon="13.3488360"><ele>39.7</ele><time>2025-09-21T07:27:05Z</time><extensions><gpxtpx:TrackPointExtension><gpxtpx:hr>138</gpxtpx:hr></gpxtpx:TrackPointExtension></extensions></trkpt>
  <trkpt lat="52.5224612" lon="13.3489001"><ele>39.7</ele><time>2025-09-21T07:27:10Z</time><extensions><gpxtpx:TrackPointExtension><gpxtpx:hr>138</gpxtpx:hr></gpxtpx:TrackPointExtension></extensions></trkpt>
  <trkpt lat="52.5225907" lon="13.3489418"><ele>39.7</ele><time>2025-09-21T07:27:15Z</time><extensions><gpxtpx:TrackPointExtension><gpxtpx:hr>137</gpxtpx:hr></gpxtpx:TrackPointExtension></extensions></trkpt>
  <trkpt lat="52.5227248" lon="13.3489971"><ele>39.7</ele><time>2025-09-21T07:27:20Z</time><extensions><gpxtpx:TrackPointExtension><gpxtpx:hr>136</gpxtpx:hr></gpxtpx:TrackPointExtension></extensions></trkpt>
  <trkpt lat="52.5228597" lon="13.3490564"><ele>39.7</ele><time>2025-09-21T07:27:25Z</time><extensions><gpxtpx:TrackPointExtension><gpxtpx:hr>136</gpxtpx:hr></gpxtpx:TrackPointExtension></extensions></trkpt>
  <trkpt lat="52.5229811" lon="13.3491015"><ele>39.8</ele><time>2025-09-21T07:27:30Z</time><extensions><gpxtpx:TrackPointExtension><gpxtpx:hr>137</gpxtpx:hr></gpxtpx:TrackPointExtension></extensions></trkpt>
  <trkpt lat="52.5231208" lon="13.3491618"><ele>39.8</ele><time>2025-09-21T07:27:35Z</time><extensions><gpxtpx:TrackPointExtension><gpxtpx:hr>138</gpxtpx:hr></gpxtpx:TrackPointExtension></extensions></trkpt>
  <trkpt lat="52.5232529" lon="13.3492099"><ele>39.8</ele><time>2025-09-21T07:27:40Z</time><extensions><gpxtpx:TrackPointExtension><gpxtpx:hr>139</gpxtpx:hr></gpxtpx:TrackPointExtension></extensions></trkpt>
  <trkpt lat="52.5233813" lon="13.3492539"><ele>39.8</ele><time>2025-09-21T07:27:45Z</time><extensions><gpxtpx:TrackPointExtension><gpxtpx:hr>139</gpxtpx:hr></gpxtpx:TrackPointExtension></extensions></trkpt>
  <trkpt lat="52.5235180" lon="13.3493122"><ele>39.8</ele><time>2025-09-21T07:27:50Z</time><extensions><gpxtpx:TrackPointExtension><gpxtpx:hr>139</gpxtpx:hr></gpxtpx:TrackPointExtension></extensions></trkpt>
  <trkpt lat="52.5236440" lon="13.3493689"><ele>39.8</ele><time>2025-09-21T07:27:55Z</time><extensions><gpxtpx:TrackPointExtension><gpxtpx:hr>139</gpxtpx:hr></gpxtpx:TrackPointExtension></extensions></trkpt>
  <trkpt lat="52.5237843" lon="13.3494299"><ele>39.9</ele><time>2025-09-21T07:28:00Z</time><extensions><gpxtpx:TrackPointExtension><gpxtpx:hr>139</gpxtpx:hr></gpxtpx:TrackPointExtension></extensions></trkpt>
  <trkpt lat="52.5239165" lon="13.3494807"><ele>39.9</ele><time>2025-09-21T07:28:05Z</time><extensions><gpxtpx:TrackPointExtension><gpxtpx:hr>139</gpxtpx:hr></gpxtpx:TrackPointExtension></extensions></trkpt>
  <trkpt lat="52.5240385" lon="13.3495364"><ele>39.9</ele><time>2025-09-21T07:28:10Z</time><extensions><gpxtpx:TrackPointExtension><gpxtpx:hr>138</gpxtpx:hr></gpxtpx:TrackPointExtension></extensions></trkpt>
  <trkpt lat="52.5241800" lon="13.3495989"><ele>39.9</ele><time>2025-09-21T07:28:15Z</time><extensions><gpxtpx:TrackPointExtension><gpxtpx:hr>138</gpxtpx:hr></gpxtpx:TrackPointExtension></extensions></trkpt>
  <trkpt lat="52.5243147" lon="13.3496326"><ele>39.9</ele><time>2025-09-21T07:28:20Z</time><extensions><gpxtpx:TrackPointExtension><gpxtpx:hr>138</gpxtpx:hr></gpxtpx:TrackPointExtension></extensions></trkpt>
  <trkpt lat="52.5243629" lon="13.3497569"><ele>39.9</ele><time>2025-09-21T07:28:25Z</time><extensions><gpxtpx:TrackPointExtension><gpxtpx:hr>138</gpxtpx:hr></gpxtpx:TrackPointExtension></extensions></trkpt>
  <trkpt lat="52.5243293" lon="13.3499682"><ele>39.9</ele><time>2025-09-21T07:28:30Z</time><extensions><gpxtpx:TrackPointExtension><gpxtpx:hr>139</gpxtpx:hr></gpxtpx:TrackPointExtension></extensions></trkpt>
  <trkpt lat="52.5243065" lon="13.3501785"><ele>40.0</ele><time>2025-09-21T07:28:35Z</time><extensions><gpxtpx:TrackPointExtension><gpxtpx:hr>139</gpxtpx:hr></gpxtpx:TrackPointExtension></extensions></trkpt>
  <trkpt lat="52.5242735" lon="13.3504047"><ele>40.0</ele><time>2025-09-21T07:28:40Z</time><extensions><gpxtpx:TrackPointExtension><gpxtpx:hr>139</gpxtpx:hr></gpxtpx:TrackPointExtension></extensions></trkpt>
  <trkpt lat="52.5242516" lon="13.3506222"><ele>40.0</ele><time>2025-09-21T07:28:45Z</time><extensions><gpxtpx:TrackPointExtension><gpxtpx:hr>139</gpxtpx:hr></gpxtpx:TrackPointExtension></extensions></trkpt>
  <trkpt lat="52.5242220" lon="13.3508366"><ele>40.0</ele><time>2025-09-21T07:28:50Z</time><extensions><gpxtpx:TrackPointExtension><gpxtpx:hr>139</gpxtpx:hr></gpxtpx:TrackPointExtension></extensions></trkpt>
  <trkpt lat="52.5241955" lon="13.3510572"><ele>40.0</ele><time>2025-09-21T07:28:55Z</time><extensions><gpxtpx:TrackPointExtension><gpxtpx:hr>139</gpxtpx:hr></gpxtpx:TrackPointExtension></extensions></trkpt>
  <trkpt lat="52.5241657" lon="13.3512674"><ele>40.0</ele><time>2025-09-21T07:29:00Z</time><extensions><gpxtpx:TrackPointExtension><gpxtpx:hr>138</gpxtpx:hr></gpxtpx:TrackPointExtension></extensions></trkpt>
  <trkpt lat="52.5241410" lon="13.3514893"><ele>40.1</ele><time>2025-09-21T07:29:05Z</time><extensions><gpxtpx:TrackPointExtension><gpxtpx:hr>139</gpxtpx:hr></gpxtpx:TrackPointExtension></extensions></trkpt>
  <trkpt lat="52.5241111" lon="13.3517087"><ele>40.1</ele><time>2025-09-21T07:29:10Z</time><extensions><gpxtpx:TrackPointExtension><gpxtpx:hr>139</gpxtpx:hr></gpxtpx:TrackPointExtension></extensions></trkpt>
  <trkpt lat="52.5240811" lon="13.3519374"><ele>40.1</ele><time>2025-09-21T07:29:15Z</time><extensions><gpxtpx:TrackPointExtension><gpxtpx:hr>139</gpxtpx:hr></gpxtpx:TrackPointExtension></extensions></trkpt>
  <trkpt lat="52.5240601" lon="13.3521495"><ele>40.1</ele><time>2025-09-21T07:29:20Z</time><extensions><gpxtpx:TrackPointExtension><gpxtpx:hr>138</gpxtpx:hr></gpxtpx:TrackPointExtension></extensions></trkpt>
  <trkpt lat="52.5240291" lon="13.3523647"><ele>40.1</ele><time>2025-09-21T07:29:25Z</time><extensions><gpxtpx:TrackPointExtension><gpxtpx:hr>139</gpxtpx:hr></gpxtpx:TrackPointExtension></extensions></trkpt>
  <trkpt lat="52.5240009" lon="13.3525800"><ele>40.1</ele><time>2025-09-21T07:29:30Z</time><extensions><gpxtpx:TrackPointExtension><gpxtpx:hr>139</gpxtpx:hr></gpxtpx:TrackPointExtension></extensions></trkpt>
  <trkpt lat="52.5239742" lon="13.3527918"><ele>40.1</ele><time>2025-09-21T07:29:35Z</time><extensions><gpxtpx:TrackPointExtension><gpxtpx:hr>139</gpxtpx:hr></gpxtpx:TrackPointExtension></extensions></trkpt>
  <trkpt lat="52.5239482" lon="13.3530135"><ele>40.2</ele><time>2025-09-21T07:29:40Z</time><extensions><gpxtpx:TrackPointExtension><gpxtpx:hr>138</gpxtpx:hr></gpxtpx:TrackPointExtension></extensions></trkpt>
  <trkpt lat="52.5239128" lon="13.3532356"><ele>40.2</ele><time>2025-09-21T07:29:45Z</time><extensions><gpxtpx:TrackPointExtension><gpxtpx:hr>138</gpxtpx:hr></gpxtpx:TrackPointExtension></extensions></trkpt>
  <trkpt lat="52.5238954" lon="13.3534451"><ele>40.2</ele><time>2025-09-21T07:29:50Z</time><extensions><gpxtpx:TrackPointExtension><gpxtpx:hr>138</gpxtpx:hr></gpxtpx:TrackPointExtension></extensions></trkpt>
  <trkpt lat="52.5238696" lon="13.3536697"><ele>40.2</ele><time>2025-09-21T07:29:55Z</time><extensions><gpxtpx:TrackPointExtension><gpxtpx:hr>139</gpxtpx:hr></gpxtpx:TrackPointExtension></extensions></trkpt>
  <trkpt lat="52.5238304" lon="13.3538831"><ele>40.2</ele><time>2025-09-21T07:30:00Z</time><extensions><gpxtpx:TrackPointExtension><gpxtpx:hr>139</gpxtpx:hr></gpxtpx:TrackPointExtension></extensions></trkpt>
  <trkpt lat="52.5238040" lon="13.3540907"><ele>40.2</ele><time>2025-09-21T07:30:05Z</time><extensions><gpxtpx:TrackPointExtension><gpxtpx:hr>139</gpxtpx:hr></gpxtpx:TrackPointExtension></extensions></trkpt>
  <trkpt lat="52.5237760" lon="13.3543244"><ele>40.2</ele><time>2025-09-21T07:30:10Z</time><extensions><gpxtpx:TrackPointExtension><gpxtpx:hr>140</gpxtpx:hr></gpxtpx:TrackPointExtension></extensions></trkpt>
  <trkpt lat="52.5237402" lon="13.3545327"><ele>40.3</ele><time>2025-09-21T07:30:15Z</time><extensions><gpxtpx:TrackPointExtension><gpxtpx:hr>140</gpxtpx:hr></gpxtpx:TrackPointExtension></extensions></trkpt>
  <trkpt lat="52.5237100" lon="13.3547515"><ele>40.3</ele><time>2025-09-21T07:30:20Z</time><extensions><gpxtpx:TrackPointExtension><gpxtpx:hr>141</gpxtpx:hr></gpxtpx:TrackPointExtension></extensions></trkpt>
  <trkpt lat="52.5236849" lon="13.3549697"><ele>40.3</ele><time>2025-09-21T07:30:25Z</time><extensions><gpxtpx:TrackPointExtension><gpxtpx:hr>140</gpxtpx:hr></gpxtpx:TrackPointExtension></extensions></trkpt>
  <trkpt lat="52.5236535" lon="13.3551868"><ele>40.3</ele><time>2025-09-21T07:30:30Z</time><extensions><gpxtpx:TrackPointExtension><gpxtpx:hr>141</gpxtpx:hr></gpxtpx:TrackPointExtension></extensions></trkpt>
  <trkpt lat="52.5236397" lon="13.3554045"><ele>40.3</ele><time>2025-09-21T07:30:35Z</time><extensions><gpxtpx:TrackPointExtension><gpxtpx:hr>141</gpxtpx:hr></gpxtpx:TrackPointExtension></extensions></trkpt>
  <trkpt lat="52.5236026" lon="13.3556312"><ele>40.3</ele><time>2025-09-21T07:30:40Z</time><extensions><gpxtpx:TrackPointExtension><gpxtpx:hr>140</gpxtpx:hr></gpxtpx:TrackPointExtension></extensions></trkpt>
  <trkpt lat="52.5235734" lon="13.3558302"><ele>40.3</ele><time>2025-09-21T07:30:45Z</time><extensions><gpxtpx:TrackPointExtension><gpxtpx:hr>140</gpxtpx:hr></gpxtpx:TrackPointExtension></extensions></trkpt>
  <trkpt lat="52.5235607" lon="13.3560602"><ele>40.4</ele><time>2025-09-21T07:30:50Z</time><extensions><gpxtpx:TrackPointExtension><gpxtpx:hr>140</gpxtpx:hr></gpxtpx:TrackPointExtension></extensions></trkpt>
  <trkpt lat="52.5235380" lon="13.3562846"><ele>40.4</ele><time>2025-09-21T07:30:55Z</time><extensions><gpxtpx:TrackPointExtension><gpxtpx:hr>141</gpxtpx:hr></gpxtpx:TrackPointExtension></extensions></trkpt>
  <trkpt lat="52.5235099" lon="13.3564883"><ele>40.4</ele><time>2025-09-21T07:31:00Z</time><extensions><gpxtpx:TrackPointExtension><gpxtpx:hr>140</gpxtpx:hr></gpxtpx:TrackPointExtension></extensions></trkpt>
  <trkpt lat="52.5234753" lon="13.3567113"><ele>40.4</ele><time>2025-09-21T07:31:05Z</time><extensions><gpxtpx:TrackPointExtension><gpxtpx:hr>140</gpxtpx:hr></gpxtpx:TrackPointExtension></extensions></trkpt>
  <trkpt lat="52.5234276" lon="13.3569233"><ele>40.4</ele><time>2025-09-21T07:31:10Z</time><extensions><gpxtpx:TrackPointExtension><gpxtpx:hr>141</gpxtpx:hr></gpxtpx:TrackPointExtension></extensions></trkpt>
  <trkpt lat="52.5233913" lon="13.3571407"><ele>40.4</ele><time>2025-09-21T07:31:15Z</time><extensions><gpxtpx:TrackPointExtension><gpxtpx:hr>140</gpxtpx:hr></gpxtpx:TrackPointExtension></extensions></trkpt>
  <trkpt lat="52.5234034" lon="13.3573356"><ele>40.4</ele><time>2025-09-21T07:31:20Z</time><extensions><gpxtpx:TrackPointExtension><gpxtpx:hr>141</gpxtpx:hr></gpxtpx:TrackPointExtension></extensions></trkpt>
  <trkpt lat="52.5233923" lon="13.3575670"><ele>40.5</ele><time>2025-09-21T07:31:25Z</time><extensions><gpxtpx:TrackPointExtension><gpxtpx:hr>141</gpxtpx:hr></gpxtpx:TrackPointExtension></extensions></trkpt>
  <trkpt lat="52.5233707" lon="13.3577770"><ele>40.5</ele><time>2025-09-21T07:31:30Z</time><extensions><gpxtpx:TrackPointExtension><gpxtpx:hr>142</gpxtpx:hr></gpxtpx:TrackPointExtension></extensions></trkpt>
  <trkpt lat="52.5233568" lon="13.3579935"><ele>40.5</ele><time>2025-09-21T07:31:35Z</time><extensions><gpxtpx:TrackPointExtension><gpxtpx:hr>142</gpxtpx:hr></gpxtpx:TrackPointExtension></extensions></trkpt>
  <trkpt lat="52.5233506" lon="13.3582204"><ele>40.5</ele><time>2025-09-21T07:31:40Z</time><extensions><gpxtpx:TrackPointExtension><gpxtpx:hr>141</gpxtpx:hr></gpxtpx:TrackPointExtension></extensions></trkpt>
  <trkpt lat="52.5233379" lon="13.3584544"><ele>40.5</ele><time>2025-09-21T07:31:45Z</time><extensions><gpxtpx:TrackPointExtension><gpxtpx:hr>141</gpxtpx:hr></gpxtpx:TrackPointExtension></extensions></trkpt>
  <trkpt lat="52.5233069" lon="13.3586579"><ele>40.5</ele><time>2025-09-21T07:31:50Z</time><extensions><gpxtpx:TrackPointExtension><gpxtpx:hr>142</gpxtpx:hr></gpxtpx:TrackPointExtension></extensions></trkpt>
  <trkpt lat="52.5232802" lon="13.3588632"><ele>40.5</ele><time>2025-09-21T07:31:55Z</time><extensions><gpxtpx:TrackPointExtension><gpxtpx:hr>141</gpxtpx:hr></gpxtpx:TrackPointExtension></extensions></trkpt>
  <trkpt lat="52.5232544" lon="13.3590899"><ele>40.6</ele><time>2025-09-21T07:32:00Z</time><extensions><gpxtpx:TrackPointExtension><gpxtpx:hr>140</gpxtpx:hr></gpxtpx:TrackPointExtension></extensions></trkpt>
  <trkpt lat="52.5232304" lon="13.3593216"><ele>40.6</ele><time>2025-09-21T07:32:05Z</time><extensions><gpxtpx:TrackPointExtension><gpxtpx:hr>139</gpxtpx:hr></gpxtpx:TrackPointExtension></extensions></trkpt>
  <trkpt lat="52.5231957" lon="13.3595398"><ele>40.6</ele><time>2025-09-21T07:32:10Z</time><extensions><gpxtpx:TrackPointExtension><gpxtpx:hr>139</gpxtpx:hr></gpxtpx:TrackPointExtension></extensions></trkpt>
  <trkpt lat="52.5231646" lon="13.3597434"><ele>40.6</ele><time>2025-09-21T07:32:15Z</time><extensions><gpxtpx:TrackPointExtension><gpxtpx:hr>140</gpxtpx:hr></gpxtpx:TrackPointExtension></extensions></trkpt>
  <trkpt lat="52.5231457" lon="13.3599639"><ele>40.6</ele><time>2025-09-21T07:32:20Z</time><extensions><gpxtpx:TrackPointExtension><gpxtpx:hr>140</gpxtpx:hr></gpxtpx:TrackPointExtension></extensions></trkpt>
  <trkpt lat="52.5231145" lon="13.3601728"><ele>40.6</ele><time>2025-09-21T07:32:25Z</time><extensions><gpxtpx:TrackPointExtension><gpxtpx:hr>140</gpxtpx:hr></gpxtpx:TrackPointExtension></extensions></trkpt>
  <trkpt lat="52.5230905" lon="13.3603987"><ele>40.6</ele><time>2025-09-21T07:32:30Z</time><extensions><gpxtpx:TrackPointExtension><gpxtpx:hr>140</gpxtpx:hr></gpxtpx:TrackPointExtension></extensions></trkpt>
  <trkpt lat="52.5230563" lon="13.3606263"><ele>40.6</ele><time>2025-09-21T07:32:35Z</time><extensions><gpxtpx:TrackPointExtension><gpxtpx:hr>140</gpxtpx:hr></gpxtpx:TrackPointExtension></extensions></trkpt>
  <trkpt lat="52.5230370" lon="13.3608457"><ele>40.7</ele><time>2025-09-21T07:32:40Z</time><extensions><gpxtpx:TrackPointExtension><gpxtpx:hr>140</gpxtpx:hr></gpxtpx:TrackPointExtension></extensions></trkpt>
  <trkpt lat="52.5230074" lon="13.3610737"><ele>40.7</ele><time>2025-09-21T07:32:45Z</time><extensions><gpxtpx:TrackPointExtension><gpxtpx:hr>139</gpxtpx:hr></gpxtpx:TrackPointExtension></extensions></trkpt>
  <trkpt lat="52.5229750" lon="13.3612804"><ele>40.7</ele><time>2025-09-21T07:32:50Z</time><extensions><gpxtpx:TrackPointExtension><gpxtpx:hr>140</gpxtpx:hr></gpxtpx:TrackPointExtension></extensions></trkpt>
  <trkpt lat="52.5229512" lon="13.3614988"><ele>40.7</ele><time>2025-09-21T07:32:55Z</time><extensions><gpxtpx:TrackPointExtension><gpxtpx:hr>141</gpxtpx:hr></gpxtpx:TrackPointExtension></extensions></trkpt>
  <trkpt lat="52.5229204" lon="13.3617174"><ele>40.7</ele><time>2025-09-21T07:33:00Z</time><extensions><gpxtpx:TrackPointExtension><gpxtpx:hr>142</gpxtpx:hr></gpxtpx:TrackPointExtension></extensions></trkpt>
  <trkpt lat="52.5228922" lon="13.3619312"><ele>40.7</ele><time>2025-09-21T07:33:05Z</time><extensions><gpxtpx:TrackPointExtension><gpxtpx:hr>142</gpxtpx:hr></gpxtpx:TrackPointExtension></extensions></trkpt>
  <trkpt lat="52.5228710" lon="13.3621470"><ele>40.7</ele><time>2025-09-21T07:33:10Z</time><extensions><gpxtpx:TrackPointExtension><gpxtpx:hr>141</gpxtpx:hr></gpxtpx:TrackPointExtension></extensions></trkpt>
  <trkpt lat="52.5228420" lon="13.3623713"><ele>40.7</ele><time>2025-09-21T07:33:15Z</time><extensions><gpxtpx:TrackPointExtension><gpxtpx:hr>140</gpxtpx:hr></gpxtpx:TrackPointExtension></extensions></trkpt>
  <trkpt lat="52.5228169" lon="13.3625732"><ele>40.8</ele><time>2025-09-21T07:33:20Z</time><extensions><gpxtpx:TrackPointExtension><gpxtpx:hr>140</gpxtpx:hr></gpxtpx:TrackPointExtension></extensions></trkpt>
  <trkpt lat="52.5228103" lon="13.3628037"><ele>40.8</ele><time>2025-09-21T07:33:25Z</time><extensions><gpxtpx:TrackPointExtension><gpxtpx:hr>139</gpxtpx:hr></gpxtpx:TrackPointExtension></extensions></trkpt>
  <trkpt lat="52.5228104" lon="13.3630143"><ele>40.8</ele><time>2025-09-21T07:33:30Z</time><extensions><gpxtpx:TrackPointExtension><gpxtpx:hr>138</gpxtpx:hr></gpxtpx:TrackPointExtension></extensions></trkpt>
  <trkpt lat="52.5227787" lon="13.3632388"><ele>40.8</ele><time>2025-09-21T07:33:35Z</time><extensions><gpxtpx:TrackPointExtension><gpxtpx:hr>138</gpxtpx:hr></gpxtpx:TrackPointExtension></extensions></trkpt>
  <trkpt lat="52.5227592" lon="13.3634672"><ele>40.8</ele><time>2025-09-21T07:33:40Z</time><extensions><gpxtpx:TrackPointExtension><gpxtpx:hr>137</gpxtpx:hr></gpxtpx:TrackPointExtension></extensions></trkpt>
  <trkpt lat="52.5227255" lon="13.3636827"><ele>40.8</ele><time>2025-09-21T07:33:45Z</time><extensions><gpxtpx:TrackPointExtension><gpxtpx:hr>137</gpxtpx:hr></gpxtpx:TrackPointExtension></extensions></trkpt>
  <trkpt lat="52.5227063" lon="13.3638974"><ele>40.8</ele><time>2025-09-21T07:33:50Z</time><extensions><gpxtpx:TrackPointExtension><gpxtpx:hr>137</gpxtpx:hr></gpxtpx:TrackPointExtension></extensions></trkpt>
  <trkpt lat="52.5226802" lon="13.3641075"><ele>40.8</ele><time>2025-09-21T07:33:55Z</time><extensions><gpxtpx:TrackPointExtension><gpxtpx:hr>137</gpxtpx:hr></gpxtpx:TrackPointExtension></extensions></trkpt>
  <trkpt lat="52.5226418" lon="13.3643192"><ele>40.9</ele><time>2025-09-21T07:34:00Z</time><extensions><gpxtpx:TrackPointExtension><gpxtpx:hr>138</gpxtpx:hr></gpxtpx:TrackPointExtension></extensions></trkpt>
  <trkpt lat="52.5226201" lon="13.3645499"><ele>40.9</ele><time>2025-09-21T07:34:05Z</time><extensions><gpxtpx:TrackPointExtension><gpxtpx:hr>139</gpxtpx:hr></gpxtpx:TrackPointExtension></extensions></trkpt>
  <trkpt lat="52.5225959" lon="13.3647532"><ele>40.9</ele><time>2025-09-21T07:34:10Z</time><extensions><gpxtpx:TrackPointExtension><gpxtpx:hr>140</gpxtpx:hr></gpxtpx:TrackPointExtension></extensions></trkpt>
  <trkpt lat="52.5225699" lon="13.3649647"><ele>40.9</ele><time>2025-09-21T07:34:15Z</time><extensions><gpxtpx:TrackPointExtension><gpxtpx:hr>140</gpxtpx:hr></gpxtpx:TrackPointExtension></extensions></trkpt>
  <trkpt lat="52.5225469" lon="13.3652040"><ele>40.9</ele><time>2025-09-21T07:34:20Z</time><extensions><gpxtpx:TrackPointExtension><gpxtpx:hr>140</gpxtpx:hr></gpxtpx:TrackPointExtension></extensions></trkpt>
  <trkpt lat="52.5225214" lon="13.3654183"><ele>40.9</ele><time>2025-09-21T07:34:25Z</time><extensions><gpxtpx:TrackPointExtension><gpxtpx:hr>140</gpxtpx:hr></gpxtpx:TrackPointExtension></extensions></trkpt>
  <trkpt lat="52.5224922" lon="13.3656374"><ele>40.9</ele><time>2025-09-21T07:34:30Z</time><extensions><gpxtpx:TrackPointExtension><gpxtpx:hr>139</gpxtpx:hr></gpxtpx:TrackPointExtension></extensions></trkpt>
  <trkpt lat="52.5224739" lon="13.3658497"><ele>40.9</ele><time>2025-09-21T07:34:35Z</time><extensions><gpxtpx:TrackPointExtension><gpxtpx:hr>139</gpxtpx:hr></gpxtpx:TrackPointExtension></extensions></trkpt>
  <trkpt lat="52.5224354" lon="13.3660763"><ele>41.0</ele><time>2025-09-21T07:34:40Z</time><extensions><gpxtpx:TrackPointExtension><gpxtpx:hr>138</gpxtpx:hr></gpxtpx:TrackPointExtension></extensions></trkpt>
  <trkpt lat="52.5224144" lon="13.3663015"><ele>41.0</ele><time>2025-09-21T07:34:45Z</time><extensions><gpxtpx:TrackPointExtension><gpxtpx:hr>138</gpxtpx:hr></gpxtpx:TrackPointExtension></extensions></trkpt>
  <trkpt lat="52.5223964" lon="13.3665038"><ele>41.0</ele><time>2025-09-21T07:34:50Z</time><extensions><gpxtpx:TrackPointExtension><gpxtpx:hr>139</gpxtpx:hr></gpxtpx:TrackPointExtension></extensions></trkpt>
  <trkpt lat="52.5223652" lon="13.3667333"><ele>41.0</ele><time>2025-09-21T07:34:55Z</time><extensions><gpxtpx:TrackPointExtension><gpxtpx:hr>140</gpxtpx:hr></gpxtpx:TrackPointExtension></extensions></trkpt>
  <trkpt lat="52.5223428" lon="13.3669337"><ele>41.0</ele><time>2025-09-21T07:35:00Z</time><extensions><gpxtpx:TrackPointExtension><gpxtpx:hr>141</gpxtpx:hr></gpxtpx:TrackPointExtension></extensions></trkpt>
  <trkpt lat="52.5223118" lon="13.3671657"><ele>41.0</ele><time>2025-09-21T07:35:05Z</time><extensions><gpxtpx:TrackPointExtension><gpxtpx:hr>140</gpxtpx:hr></gpxtpx:TrackPointExtension></extensions></trkpt>
  <trkpt lat="52.5222864" lon="13.3673788"><ele>41.0</ele><time>2025-09-21T07:35:10Z</time><extensions><gpxtpx:TrackPointExtension><gpxtpx:hr>141</gpxtpx:hr></gpxtpx:TrackPointExtension></extensions></trkpt>
  <trkpt lat="52.5222582" lon="13.3676042"><ele>41.0</ele><time>2025-09-21T07:35:15Z</time><extensions><gpxtpx:TrackPointExtension><gpxtpx:hr>140</gpxtpx:hr></gpxtpx:TrackPointExtension></extensions></trkpt>
  <trkpt lat="52.5222475" lon="13.3677943"><ele>41.0</ele><time>2025-09-21T07:35:20Z</time><extensions><gpxtpx:TrackPointExtension><gpxtpx:hr>139</gpxtpx:hr></gpxtpx:TrackPointExtension></extensions></trkpt>
  <trkpt lat="52.5223861" lon="13.3678885"><ele>41.1</ele><time>2025-09-21T07:35:25Z</time><extensions><gpxtpx:TrackPointExtension><gpxtpx:hr>139</gpxtpx:hr></gpxtpx:TrackPointExtension></extensions></trkpt>
  <trkpt lat="52.5224716" lon="13.3680168"><ele>41.1</ele><time>2025-09-21T07:35:30Z</time><extensions><gpxtpx:TrackPointExtension><gpxtpx:hr>138</gpxtpx:hr></gpxtpx:TrackPointExtension></extensions></trkpt>
  <trkpt lat="52.5225781" lon="13.3681750"><ele>41.1</ele><time>2025-09-21T07:35:35Z</time><extensions><gpxtpx:TrackPointExtension><gpxtpx:hr>138</gpxtpx:hr></gpxtpx:TrackPointExtension></extensions></trkpt>
  <trkpt lat="52.5226171" lon="13.3683705"><ele>41.1</ele><time>2025-09-21T07:35:40Z</time><extensions><gpxtpx:TrackPointExtension><gpxtpx:hr>138</gpxtpx:hr></gpxtpx:TrackPointExtension></extensions></trkpt>
  <trkpt lat="52.5227075" lon="13.3685467"><ele>41.1</ele><time>2025-09-21T07:35:45Z</time><extensions><gpxtpx:TrackPointExtension><gpxtpx:hr>137</gpxtpx:hr></gpxtpx:TrackPointExtension></extensions></trkpt>
  <trkpt lat="52.5227973" lon="13.3687136"><ele>41.1</ele><time>2025-09-21T07:35:50Z</time><extensions><gpxtpx:TrackPointExtension><gpxtpx:hr>137</gpxtpx:hr></gpxtpx:TrackPointExtension></extensions></trkpt>
  <trkpt lat="52.5228841" lon="13.3688710"><ele>41.1</ele><time>2025-09-21T07:35:55Z</time><extensions><gpxtpx:TrackPointExtension><gpxtpx:hr>137</gpxtpx:hr></gpxtpx:TrackPointExtension></extensions></trkpt>
  <trkpt lat="52.5229705" lon="13.3690587"><ele>41.1</ele><time>2025-09-21T07:36:00Z</time><extensions><gpxtpx:TrackPointExtension><gpxtpx:hr>138</gpxtpx:hr></gpxtpx:TrackPointExtension></extensions></trkpt>
  <trkpt lat="52.5230576" lon="13.3692220"><ele>41.1</ele><time>2025-09-21T07:36:05Z</time><extensions><gpxtpx:TrackPointExtension><gpxtpx:hr>137</gpxtpx:hr></gpxtpx:TrackPointExtension></extensions></trkpt>
  <trkpt lat="52.5231264" lon="13.3694205"><ele>41.2</ele><time>2025-09-21T07:36:10Z</time><extensions><gpxtpx:TrackPointExtension><gpxtpx:hr>137</gpxtpx:hr></gpxtpx:TrackPointExtension></extensions></trkpt>
  <trkpt lat="52.5231999" lon="13.3696146"><ele>41.2</ele><time>2025-09-21T07:36:15Z</time><extensions><gpxtpx:TrackPointExtension><gpxtpx:hr>138</gpxtpx:hr></gpxtpx:TrackPointExtension></extensions></trkpt>
  <trkpt lat="52.5232668" lon="13.3697935"><ele>41.2</ele><time>2025-09-21T07:36:20Z</time><extensions><gpxtpx:TrackPointExtension><gpxtpx:hr>138</gpxtpx:hr></gpxtpx:TrackPointExtension></extensions></trkpt>
  <trkpt lat="52.5233200" lon="13.3700056"><ele>41.2</ele><time>2025-09-21T07:36:25Z</time><extensions><gpxtpx:TrackPointExtension><gpxtpx:hr>139</gpxtpx:hr></gpxtpx:TrackPointExtension></extensions></trkpt>
  <trkpt lat="52.5233844" lon="13.3701985"><ele>41.2</ele><time>2025-09-21T07:36:30Z</time><extensions><gpxtpx:TrackPointExtension><gpxtpx:hr>139</gpxtpx:hr></gpxtpx:TrackPointExtension></extensions></trkpt>
  <trkpt lat="52.5234355" lon="13.3704088"><ele>41.2</ele><time>2025-09-21T07:36:35Z</time><extensions><gpxtpx:TrackPointExtension><gpxtpx:hr>138</gpxtpx:hr></gpxtpx:TrackPointExtension></extensions></trkpt>
  <trkpt lat="52.5235005" lon="13.3706065"><ele>41.2</ele><time>2025-09-21T07:36:40Z</time><extensions><gpxtpx:TrackPointExtension><gpxtpx:hr>139</gpxtpx:hr></gpxtpx:TrackPointExtension></extensions></trkpt>
  <trkpt lat="52.5235447" lon="13.3708174"><ele>41.2</ele><time>2025-09-21T07:36:45Z</time><extensions><gpxtpx:TrackPointExtension><gpxtpx:hr>139</gpxtpx:hr></gpxtpx:TrackPointExtension></extensions></trkpt>
  <trkpt lat="52.5235690" lon="13.3710338"><ele>41.2</ele><time>2025-09-21T07:36:50Z</time><extensions><gpxtpx:TrackPointExtension><gpxtpx:hr>139</gpxtpx:hr></gpxtpx:TrackPointExtension></extensions></trkpt>
  <trkpt lat="52.5235931" lon="13.3712486"><ele>41.2</ele><time>2025-09-21T07:36:55Z</time><extensions><gpxtpx:TrackPointExtension><gpxtpx:hr>138</gpxtpx:hr></gpxtpx:TrackPointExtension></extensions></trkpt>
  <trkpt lat="52.5236114" lon="13.3714671"><ele>41.3</ele><time>2025-09-21T07:37:00Z</time><extensions><gpxtpx:TrackPointExtension><gpxtpx:hr>139</gpxtpx:hr></gpxtpx:TrackPointExtension></extensions></trkpt>
  <trkpt lat="52.5236316" lon="13.3716924"><ele>41.3</ele><time>2025-09-21T07:37:05Z</time><extensions><gpxtpx:TrackPointExtension><gpxtpx:hr>140</gpxtpx:hr></gpxtpx:TrackPointExtension></extensions></trkpt>
  <trkpt lat="52.5236360" lon="13.3719189"><ele>41.3</ele><time>2025-09-21T07:37:10Z</time><extensions><gpxtpx:TrackPointExtension><gpxtpx:hr>140</gpxtpx:hr></gpxtpx:TrackPointExtension></extensions></trkpt>
  <trkpt lat="52.5236439" lon="13.3721290"><ele>41.3</ele><time>2025-09-21T07:37:15Z</time><extensions><gpxtpx:TrackPointExtension><gpxtpx:hr>140</gpxtpx:hr></gpxtpx:TrackPointExtension></extensions></trkpt>
  <trkpt lat="52.5236372" lon="13.3723624"><ele>41.3</ele><time>2025-09-21T07:37:20Z</time><extensions><gpxtpx:TrackPointExtension><gpxtpx:hr>140</gpxtpx:hr></gpxtpx:TrackPointExtension></extensions></trkpt>
  <trkpt lat="52.5236310" lon="13.3725816"><ele>41.3</ele><time>2025-09-21T07:37:25Z</time><extensions><gpxtpx:TrackPointExtension><gpxtpx:hr>139</gpxtpx:hr></gpxtpx:TrackPointExtension></extensions></trkpt>
  <trkpt lat="52.5236303" lon="13.3727519"><ele>41.3</ele><time>2025-09-21T07:37:30Z</time><extensions><gpxtpx:TrackPointExtension><gpxtpx:hr>139</gpxtpx:hr></gpxtpx:TrackPointExtension></extensions></trkpt>
  <trkpt lat="52.5237758" lon="13.3727738"><ele>41.3</ele><time>2025-09-21T07:37:35Z</time><extensions><gpxtpx:TrackPointExtension><gpxtpx:hr>139</gpxtpx:hr></gpxtpx:TrackPointExtension></extensions></trkpt>
  <trkpt lat="52.5239044" lon="13.3727531"><ele>41.3</ele><time>2025-09-21T07:37:40Z</time><extensions><gpxtpx:TrackPointExtension><gpxtpx:hr>140</gpxtpx:hr></gpxtpx:TrackPointExtension></extensions></trkpt>
  <trkpt lat="52.5240454" lon="13.3727375"><ele>41.3</ele><time>2025-09-21T07:37:45Z</time><extensions><gpxtpx:TrackPointExtension><gpxtpx:hr>141</gpxtpx:hr></gpxtpx:TrackPointExtension></extensions></trkpt>
  <trkpt lat="52.5241704" lon="13.3727347"><ele>41.4</ele><time>2025-09-21T07:37:50Z</time><extensions><gpxtpx:TrackPointExtension><gpxtpx:hr>141</gpxtpx:hr></gpxtpx:TrackPointExtension></extensions></trkpt>
  <trkpt lat="52.5243124" lon="13.3727377"><ele>41.4</ele><time>2025-09-21T07:37:55Z</time><extensions><gpxtpx:TrackPointExtension><gpxtpx:hr>140</gpxtpx:hr></gpxtpx:TrackPointExtension></extensions></trkpt>
  <trkpt lat="52.5244502" lon="13.3727471"><ele>41.4</ele><time>2025-09-21T07:38:00Z</time><extensions><gpxtpx:TrackPointExtension><gpxtpx:hr>140</gpxtpx:hr></gpxtpx:TrackPointExtension></extensions></trkpt>
  <trkpt lat="52.5245827" lon="13.3727544"><ele>41.4</ele><time>2025-09-21T07:38:05Z</time><extensions><gpxtpx:TrackPointExtension><gpxtpx:hr>141</gpxtpx:hr></gpxtpx:TrackPointExtension></extensions></trkpt>
  <trkpt lat="52.5246943" lon="13.3727923"><ele>41.4</ele><time>2025-09-21T07:38:10Z</time><extensions><gpxtpx:TrackPointExtension><gpxtpx:hr>140</gpxtpx:hr></gpxtpx:TrackPointExtension></extensions></trkpt>
  <trkpt lat="52.5248167" lon="13.3727758"><ele>41.4</ele><time>2025-09-21T07:38:15Z</time><extensions><gpxtpx:TrackPointExtension><gpxtpx:hr>141</gpxtpx:hr></gpxtpx:TrackPointExtension></extensions></trkpt>
  <trkpt lat="52.5248980" lon="13.3728921"><ele>41.4</ele><time>2025-09-21T07:38:20Z</time><extensions><gpxtpx:TrackPointExtension><gpxtpx:hr>141</gpxtpx:hr></gpxtpx:TrackPointExtension></extensions></trkpt>
  <trkpt lat="52.5250005" lon="13.3730566"><ele>41.4</ele><time>2025-09-21T07:38:25Z</time><extensions><gpxtpx:TrackPointExtension><gpxtpx:hr>141</gpxtpx:hr></gpxtpx:TrackPointExtension></extensions></trkpt>
  <trkpt lat="52.5250899" lon="13.3732163"><ele>41.4</ele><time>2025-09-21T07:38:30Z</time><extensions><gpxtpx:TrackPointExtension><gpxtpx:hr>141</gpxtpx:hr></gpxtpx:TrackPointExtension></extensions></trkpt>
  <trkpt lat="52.5251862" lon="13.3733691"><ele>41.4</ele><time>2025-09-21T07:38:35Z</time><extensions><gpxtpx:TrackPointExtension><gpxtpx:hr>141</gpxtpx:hr></gpxtpx:TrackPointExtension></extensions></trkpt>
  <trkpt lat="52.5252039" lon="13.3735722"><ele>41.4</ele><time>2025-09-21T07:38:40Z</time><extensions><gpxtpx:TrackPointExtension><gpxtpx:hr>142</gpxtpx:hr></gpxtpx:TrackPointExtension></extensions></trkpt>
  <trkpt lat="52.5253125" lon="13.3736108"><ele>41.4</ele><time>2025-09-21T07:38:45Z</time><extensions><gpxtpx:TrackPointExtension><gpxtpx:hr>141</gpxtpx:hr></gpxtpx:TrackPointExtension></extensions></trkpt>
  <trkpt lat="52.5254474" lon="13.3736196"><ele>41.5</ele><time>2025-09-21T07:38:50Z</time><extensions><gpxtpx:TrackPointExtension><gpxtpx:hr>142</gpxtpx:hr></gpxtpx:TrackPointExtension></extensions></trkpt>
  <trkpt lat="52.5255805" lon="13.3736231"><ele>41.5</ele><time>2025-09-21T07:38:55Z</time><extensions><gpxtpx:TrackPointExtension><gpxtpx:hr>141</gpxtpx:hr></gpxtpx:TrackPointExtension></extensions></trkpt>
  <trkpt lat="52.5257225" lon="13.3736172"><ele>41.5</ele><time>2025-09-21T07:39:00Z</time><extensions><gpxtpx:TrackPointExtension><gpxtpx:hr>141</gpxtpx:hr></gpxtpx:TrackPointExtension></extensions></trkpt>
  <trkpt lat="52.5258546" lon="13.3736214"><ele>41.5</ele><time>2025-09-21T07:39:05Z</time><extensions><gpxtpx:TrackPointExtension><gpxtpx:hr>141</gpxtpx:hr></gpxtpx:TrackPointExtension></extensions></trkpt>
  <trkpt lat="52.5259552" lon="13.3737629"><ele>41.5</ele><time>2025-09-21T07:39:10Z</time><extensions><gpxtpx:TrackPointExtension><gpxtpx:hr>141</gpxtpx:hr></gpxtpx:TrackPointExtension></extensions></trkpt>
  <trkpt lat="52.5260486" lon="13.3739097"><ele>41.5</ele><time>2025-09-21T07:39:15Z</time><extensions><gpxtpx:TrackPointExtension><gpxtpx:hr>141</gpxtpx:hr></gpxtpx:TrackPointExtension></extensions></trkpt>
  <trkpt lat="52.5261570" lon="13.3740585"><ele>41.5</ele><time>2025-09-21T07:39:20Z</time><extensions><gpxtpx:TrackPointExtension><gpxtpx:hr>140</gpxtpx:hr></gpxtpx:TrackPointExtension></extensions></trkpt>
  <trkpt lat="52.5262572" lon="13.3741871"><ele>41.5</ele><time>2025-09-21T07:39:25Z</time><extensions><gpxtpx:TrackPointExtension><gpxtpx:hr>141</gpxtpx:hr></gpxtpx:TrackPointExtension></extensions></trkpt>
  <trkpt lat="52.5263715" lon="13.3743204"><ele>41.5</ele><time>2025-09-21T07:39:30Z</time><extensions><gpxtpx:TrackPointExtension><gpxtpx:hr>141</gpxtpx:hr></gpxtpx:TrackPointExtension></extensions></trkpt>
  <trkpt lat="52.5264906" lon="13.3744086"><ele>41.5</ele><time>2025-09-21T07:39:35Z</time><extensions><gpxtpx:TrackPointExtension><gpxtpx:hr>141</gpxtpx:hr></gpxtpx:TrackPointExtension></extensions></trkpt>
  <trkpt lat="52.5266195" lon="13.3745076"><ele>41.5</ele><time>2025-09-21T07:39:40Z</time><extensions><gpxtpx:TrackPointExtension><gpxtpx:hr>142</gpxtpx:hr></gpxtpx:TrackPointExtension></extensions></trkpt>
  <trkpt lat="52.5265818" lon="13.3747079"><ele>41.5</ele><time>2025-09-21T07:39:45Z</time><extensions><gpxtpx:TrackPointExtension><gpxtpx:hr>142</gpxtpx:hr></gpxtpx:TrackPointExtension></extensions></trkpt>
  <trkpt lat="52.5267151" lon="13.3747332"><ele>41.6</ele><time>2025-09-21T07:39:50Z</time><extensions><gpxtpx:TrackPointExtension><gpxtpx:hr>141</gpxtpx:hr></gpxtpx:TrackPointExtension></extensions></trkpt>
  <trkpt lat="52.5268452" lon="13.3747632"><ele>41.6</ele><time>2025-09-21T07:39:55Z</time><extensions><gpxtpx:TrackPointExtension><gpxtpx:hr>140</gpxtpx:hr></gpxtpx:TrackPointExtension></extensions></trkpt>
  <trkpt lat="52.5269871" lon="13.3747849"><ele>41.6</ele><time>2025-09-21T07:40:00Z</time><extensions><gpxtpx:TrackPointExtension><gpxtpx:hr>141</gpxtpx:hr></gpxtpx:TrackPointExtension></extensions></trkpt>
  <trkpt lat="52.5271143" lon="13.3748356"><ele>41.6</ele><time>2025-09-21T07:40:05Z</time><extensions><gpxtpx:TrackPointExtension><gpxtpx:hr>141</gpxtpx:hr></gpxtpx:TrackPointExtension></extensions></trkpt>
  <trkpt lat="52.5271982" lon="13.3750146"><ele>41.6</ele><time>2025-09-21T07:40:10Z</time><extensions><gpxtpx:TrackPointExtension><gpxtpx:hr>141</gpxtpx:hr></gpxtpx:TrackPointExtension></extensions></trkpt>
  <trkpt lat="52.5272698" lon="13.3751927"><ele>41.6</ele><time>2025-09-21T07:40:15Z</time><extensions><gpxtpx:TrackPointExtension><gpxtpx:hr>140</gpxtpx:hr></gpxtpx:TrackPointExtension></extensions></trkpt>
  <trkpt lat="52.5273631" lon="13.3753412"><ele>41.6</ele><time>2025-09-21T07:40:20Z</time><extensions><gpxtpx:TrackPointExtension><gpxtpx:hr>140</gpxtpx:hr></gpxtpx:TrackPointExtension></extensions></trkpt>
  <trkpt lat="52.5274251" lon="13.3755183"><ele>41.6</ele><time>2025-09-21T07:40:25Z</time><extensions><gpxtpx:TrackPointExtension><gpxtpx:hr>140</gpxtpx:hr></gpxtpx:TrackPointExtension></extensions></trkpt>
  <trkpt lat="52.5275004" lon="13.3757132"><ele>41.6</ele><time>2025-09-21T07:40:30Z</time><extensions><gpxtpx:TrackPointExtension><gpxtpx:hr>140</gpxtpx:hr></gpxtpx:TrackPointExtension></extensions></trkpt>
  <trkpt lat="52.5276053" lon="13.3758645"><ele>41.6</ele><time>2025-09-21T07:40:35Z</time><extensions><gpxtpx:TrackPointExtension><gpxtpx:hr>141</gpxtpx:hr></gpxtpx:TrackPointExtension></extensions></trkpt>
  <trkpt lat="52.5276817" lon="13.3760133"><ele>41.6</ele><time>2025-09-21T07:40:40Z</time><extensions><gpxtpx:TrackPointExtension><gpxtpx:hr>140</gpxtpx:hr></gpxtpx:TrackPointExtension></extensions></trkpt>
  <trkpt lat="52.5277680" lon="13.3762027"><ele>41.6</ele><time>2025-09-21T07:40:45Z</time><extensions><gpxtpx:TrackPointExtension><gpxtpx:hr>141</gpxtpx:hr></gpxtpx:TrackPointExtension></extensions></trkpt>
  <trkpt lat="52.5278415" lon="13.3763874"><ele>41.6</ele><time>2025-09-21T07:40:50Z</time><extensions><gpxtpx:TrackPointExtension><gpxtpx:hr>141</gpxtpx:hr></gpxtpx:TrackPointExtension></extensions></trkpt>
  <trkpt lat="52.5279173" lon="13.3765664"><ele>41.7</ele><time>2025-09-21T07:40:55Z</time><extensions><gpxtpx:TrackPointExtension><gpxtpx:hr>140</gpxtpx:hr></gpxtpx:TrackPointExtension></extensions></trkpt>
  <trkpt lat="52.5279843" lon="13.3767620"><ele>41.7</ele><time>2025-09-21T07:41:00Z</time><extensions><gpxtpx:TrackPointExtension><gpxtpx:hr>140</gpxtpx:hr></gpxtpx:TrackPointExtension></extensions></trkpt>
  <trkpt lat="52.5280645" lon="13.3769592"><ele>41.7</ele><time>2025-09-21T07:41:05Z</time><extensions><gpxtpx:TrackPointExtension><gpxtpx:hr>139</gpxtpx:hr></gpxtpx:TrackPointExtension></extensions></trkpt>
  <trkpt lat="52.5281301" lon="13.3771425"><ele>41.7</ele><time>2025-09-21T07:41:10Z</time><extensions><gpxtpx:TrackPointExtension><gpxtpx:hr>140</gpxtpx:hr></gpxtpx:TrackPointExtension></extensions></trkpt>
  <trkpt lat="52.5280992" lon="13.3772644"><ele>41.7</ele><time>2025-09-21T07:41:15Z</time><extensions><gpxtpx:TrackPointExtension><gpxtpx:hr>139</gpxtpx:hr></gpxtpx:TrackPointExtension></extensions></trkpt>
  <trkpt lat="52.5281126" lon="13.3774837"><ele>41.7</ele><time>2025-09-21T07:41:20Z</time><extensions><gpxtpx:TrackPointExtension><gpxtpx:hr>139</gpxtpx:hr></gpxtpx:TrackPointExtension></extensions></trkpt>
  <trkpt lat="52.5281262" lon="13.3777008"><ele>41.7</ele><time>2025-09-21T07:41:25Z</time><extensions><gpxtpx:TrackPointExtension><gpxtpx:hr>138</gpxtpx:hr></gpxtpx:TrackPointExtension></extensions></trkpt>
  <trkpt lat="52.5281348" lon="13.3779189"><ele>41.7</ele><time>2025-09-21T07:41:30Z</time><extensions><gpxtpx:TrackPointExtension><gpxtpx:hr>139</gpxtpx:hr></gpxtpx:TrackPointExtension></extensions></trkpt>
  <trkpt lat="52.5281389" lon="13.3781510"><ele>41.7</ele><time>2025-09-21T07:41:35Z</time><extensions><gpxtpx:TrackPointExtension><gpxtpx:hr>139</gpxtpx:hr></gpxtpx:TrackPointExtension></extensions></trkpt>
  <trkpt lat="52.5281560" lon="13.3783475"><ele>41.7</ele><time>2025-09-21T07:41:40Z</time><extensions><gpxtpx:TrackPointExtension><gpxtpx:hr>138</gpxtpx:hr></gpxtpx:TrackPointExtension></extensions></trkpt>
  <trkpt lat="52.5281833" lon="13.3785676"><ele>41.7</ele><time>2025-09-21T07:41:45Z</time><extensions><gpxtpx:TrackPointExtension><gpxtpx:hr>138</gpxtpx:hr></gpxtpx:TrackPointExtension></extensions></trkpt>
  <trkpt lat="52.5281858" lon="13.3787897"><ele>41.7</ele><time>2025-09-21T07:41:50Z</time><extensions><gpxtpx:TrackPointExtension><gpxtpx:hr>138</gpxtpx:hr></gpxtpx:TrackPointExtension></extensions></trkpt>
  <trkpt lat="52.5282007" lon="13.3790058"><ele>41.7</ele><time>2025-09-21T07:41:55Z</time><extensions><gpxtpx:TrackPointExtension><gpxtpx:hr>138</gpxtpx:hr></gpxtpx:TrackPointExtension></extensions></trkpt>
  <trkpt lat="52.5282204" lon="13.3792066"><ele>41.7</ele><time>2025-09-21T07:42:00Z</time><extensions><gpxtpx:TrackPointExtension><gpxtpx:hr>139</gpxtpx:hr></gpxtpx:TrackPointExtension></extensions></trkpt>
  <trkpt lat="52.5282357" lon="13.3794215"><ele>41.7</ele><time>2025-09-21T07:42:05Z</time><extensions><gpxtpx:TrackPointExtension><gpxtpx:hr>139</gpxtpx:hr></gpxtpx:TrackPointExtension></extensions></trkpt>
  <trkpt lat="52.5282444" lon="13.3796462"><ele>41.7</ele><time>2025-09-21T07:42:10Z</time><extensions><gpxtpx:TrackPointExtension><gpxtpx:hr>140</gpxtpx:hr></gpxtpx:TrackPointExtension></extensions></trkpt>
  <trkpt lat="52.5282625" lon="13.3798727"><ele>41.8</ele><time>2025-09-21T07:42:15Z</time><extensions><gpxtpx:TrackPointExtension><gpxtpx:hr>140</gpxtpx:hr></gpxtpx:TrackPointExtension></extensions></trkpt>
  <trkpt lat="52.5282750" lon="13.3800834"><ele>41.8</ele><time>2025-09-21T07:42:20Z</time><extensions><gpxtpx:TrackPointExtension><gpxtpx:hr>140</gpxtpx:hr></gpxtpx:TrackPointExtension></extensions></trkpt>
  <trkpt lat="52.5282662" lon="13.3803045"><ele>41.8</ele><time>2025-09-21T07:42:25Z</time><extensions><gpxtpx:TrackPointExtension><gpxtpx:hr>139</gpxtpx:hr></gpxtpx:TrackPointExtension></extensions></trkpt>
  <trkpt lat="52.5282053" lon="13.3805106"><ele>41.8</ele><time>2025-09-21T07:42:30Z</time><extensions><gpxtpx:TrackPointExtension><gpxtpx:hr>139</gpxtpx:hr></gpxtpx:TrackPointExtension></extensions></trkpt>
  <trkpt lat="52.5281780" lon="13.3807264"><ele>41.8</ele><time>2025-09-21T07:42:35Z</time><extensions><gpxtpx:TrackPointExtension><gpxtpx:hr>138</gpxtpx:hr></gpxtpx:TrackPointExtension></extensions></trkpt>
  <trkpt lat="52.5281149" lon="13.3809341"><ele>41.8</ele><time>2025-09-21T07:42:40Z</time><extensions><gpxtpx:TrackPointExtension><gpxtpx:hr>138</gpxtpx:hr></gpxtpx:TrackPointExtension></extensions></trkpt>
  <trkpt lat="52.5280555" lon="13.3811291"><ele>41.8</ele><time>2025-09-21T07:42:45Z</time><extensions><gpxtpx:TrackPointExtension><gpxtpx:hr>138</gpxtpx:hr></gpxtpx:TrackPointExtension></extensions></trkpt>
  <trkpt lat="52.5279856" lon="13.3813021"><ele>41.8</ele><time>2025-09-21T07:42:50Z</time><extensions><gpxtpx:TrackPointExtension><gpxtpx:hr>139</gpxtpx:hr></gpxtpx:TrackPointExtension></extensions></trkpt>
  <trkpt lat="52.5278848" lon="13.3814549"><ele>41.8</ele><time>2025-09-21T07:42:55Z</time><extensions><gpxtpx:TrackPointExtension><gpxtpx:hr>140</gpxtpx:hr></gpxtpx:TrackPointExtension></extensions></trkpt>
  <trkpt lat="52.5277777" lon="13.3815949"><ele>41.8</ele><time>2025-09-21T07:43:00Z</time><extensions><gpxtpx:TrackPointExtension><gpxtpx:hr>139</gpxtpx:hr></gpxtpx:TrackPointExtension></extensions></trkpt>
  <trkpt lat="52.5277128" lon="13.3817355"><ele>41.8</ele><time>2025-09-21T07:43:05Z</time><extensions><gpxtpx:TrackPointExtension><gpxtpx:hr>138</gpxtpx:hr></gpxtpx:TrackPointExtension></extensions></trkpt>
  <trkpt lat="52.5277986" lon="13.3819195"><ele>41.8</ele><time>2025-09-21T07:43:10Z</time><extensions><gpxtpx:TrackPointExtension><gpxtpx:hr>137</gpxtpx:hr></gpxtpx:TrackPointExtension></extensions></trkpt>
  <trkpt lat="52.5277161" lon="13.3820693"><ele>41.8</ele><time>2025-09-21T07:43:15Z</time><extensions><gpxtpx:TrackPointExtension><gpxtpx:hr>138</gpxtpx:hr></gpxtpx:TrackPointExtension></extensions></trkpt>
  <trkpt lat="52.5276050" lon="13.3822063"><ele>41.8</ele><time>2025-09-21T07:43:20Z</time><extensions><gpxtpx:TrackPointExtension><gpxtpx:hr>139</gpxtpx:hr></gpxtpx:TrackPointExtension></extensions></trkpt>
  <trkpt lat="52.5275320" lon="13.3823754"><ele>41.8</ele><time>2025-09-21T07:43:25Z</time><extensions><gpxtpx:TrackPointExtension><gpxtpx:hr>139</gpxtpx:hr></gpxtpx:TrackPointExtension></extensions></trkpt>
  <trkpt lat="52.5274795" lon="13.3826018"><ele>41.8</ele><time>2025-09-21T07:43:30Z</time><extensions><gpxtpx:TrackPointExtension><gpxtpx:hr>139</gpxtpx:hr></gpxtpx:TrackPointExtension></extensions></trkpt>
  <trkpt lat="52.5274310" lon="13.3828021"><ele>41.8</ele><time>2025-09-21T07:43:35Z</time><extensions><gpxtpx:TrackPointExtension><gpxtpx:hr>140</gpxtpx:hr></gpxtpx:TrackPointExtension></extensions></trkpt>
  <trkpt lat="52.5273781" lon="13.3829996"><ele>41.8</ele><time>2025-09-21T07:43:40Z</time><extensions><gpxtpx:TrackPointExtension><gpxtpx:hr>140</gpxtpx:hr></gpxtpx:TrackPointExtension></extensions></trkpt>
  <trkpt lat="52.5273369" lon="13.3832113"><ele>41.8</ele><time>2025-09-21T07:43:45Z</time><extensions><gpxtpx:TrackPointExtension><gpxtpx:hr>141</gpxtpx:hr></gpxtpx:TrackPointExtension></extensions></trkpt>
  <trkpt lat="52.5272785" lon="13.3834118"><ele>41.9</ele><time>2025-09-21T07:43:50Z</time><extensions><gpxtpx:TrackPointExtension><gpxtpx:hr>141</gpxtpx:hr></gpxtpx:TrackPointExtension></extensions></trkpt>
  <trkpt lat="52.5272295" lon="13.3836244"><ele>41.9</ele><time>2025-09-21T07:43:55Z</time><extensions><gpxtpx:TrackPointExtension><gpxtpx:hr>141</gpxtpx:hr></gpxtpx:TrackPointExtension></extensions></trkpt>
  <trkpt lat="52.5271887" lon="13.3838348"><ele>41.9</ele><time>2025-09-21T07:44:00Z</time><extensions><gpxtpx:TrackPointExtension><gpxtpx:hr>141</gpxtpx:hr></gpxtpx:TrackPointExtension></extensions></trkpt>
  <trkpt lat="52.5271359" lon="13.3840463"><ele>41.9</ele><time>2025-09-21T07:44:05Z</time><extensions><gpxtpx:TrackPointExtension><gpxtpx:hr>140</gpxtpx:hr></gpxtpx:TrackPointExtension></extensions></trkpt>
  <trkpt lat="52.5270865" lon="13.3842453"><ele>41.9</ele><time>2025-09-21T07:44:10Z</time><extensions><gpxtpx:TrackPointExtension><gpxtpx:hr>140</gpxtpx:hr></gpxtpx:TrackPointExtension></extensions></trkpt>
  <trkpt lat="52.5270429" lon="13.3844493"><ele>41.9</ele><time>2025-09-21T07:44:15Z</time><extensions><gpxtpx:TrackPointExtension><gpxtpx:hr>139</gpxtpx:hr></gpxtpx:TrackPointExtension></extensions></trkpt>
  <trkpt lat="52.5269849" lon="13.3846633"><ele>41.9</ele><time>2025-09-21T07:44:20Z</time><extensions><gpxtpx:TrackPointExtension><gpxtpx:hr>140</gpxtpx:hr></gpxtpx:TrackPointExtension></extensions></trkpt>
  <trkpt lat="52.5270118" lon="13.3848887"><ele>41.9</ele><time>2025-09-21T07:44:25Z</time><extensions><gpxtpx:TrackPointExtension><gpxtpx:hr>140</gpxtpx:hr></gpxtpx:TrackPointExtension></extensions></trkpt>
  <trkpt lat="52.5270265" lon="13.3850959"><ele>41.9</ele><time>2025-09-21T07:44:30Z</time><extensions><gpxtpx:TrackPointExtension><gpxtpx:hr>140</gpxtpx:hr></gpxtpx:TrackPointExtension></extensions></trkpt>
  <trkpt lat="52.5270549" lon="13.3853182"><ele>41.9</ele><time>2025-09-21T07:44:35Z</time><extensions><gpxtpx:TrackPointExtension><gpxtpx:hr>140</gpxtpx:hr></gpxtpx:TrackPointExtension></extensions></trkpt>
  <trkpt lat="52.5270695" lon="13.3855343"><ele>41.9</ele><time>2025-09-21T07:44:40Z</time><extensions><gpxtpx:TrackPointExtension><gpxtpx:hr>140</gpxtpx:hr></gpxtpx:TrackPointExtension></extensions></trkpt>
  <trkpt lat="52.5270918" lon="13.3857542"><ele>41.9</ele><time>2025-09-21T07:44:45Z</time><extensions><gpxtpx:TrackPointExtension><gpxtpx:hr>140</gpxtpx:hr></gpxtpx:TrackPointExtension></extensions></trkpt>
  <trkpt lat="52.5271112" lon="13.3859750"><ele>41.9</ele><time>2025-09-21T07:44:50Z</time><extensions><gpxtpx:TrackPointExtension><gpxtpx:hr>140</gpxtpx:hr></gpxtpx:TrackPointExtension></extensions></trkpt>
  <trkpt lat="52.5271480" lon="13.3861963"><ele>41.9</ele><time>2025-09-21T07:44:55Z</time><extensions><gpxtpx:TrackPointExtension><gpxtpx:hr>139</gpxtpx:hr></gpxtpx:TrackPointExtension></extensions></trkpt>
  <trkpt lat="52.5271691" lon="13.3864228"><ele>41.9</ele><time>2025-09-21T07:45:00Z</time><extensions><gpxtpx:TrackPointExtension><gpxtpx:hr>138</gpxtpx:hr></gpxtpx:TrackPointExtension></extensions></trkpt>
  <trkpt lat="52.5271854" lon="13.3866287"><ele>41.9</ele><time>2025-09-21T07:45:05Z</time><extensions><gpxtpx:TrackPointExtension><gpxtpx:hr>139</gpxtpx:hr></gpxtpx:TrackPointExtension></extensions></trkpt>
  <trkpt lat="52.5272340" lon="13.3868157"><ele>41.9</ele><time>2025-09-21T07:45:10Z</time><extensions><gpxtpx:TrackPointExtension><gpxtpx:hr>138</gpxtpx:hr></gpxtpx:TrackPointExtension></extensions></trkpt>
  <trkpt lat="52.5272672" lon="13.3870217"><ele>41.9</ele><time>2025-09-21T07:45:15Z</time><extensions><gpxtpx:TrackPointExtension><gpxtpx:hr>138</gpxtpx:hr></gpxtpx:TrackPointExtension></extensions></trkpt>
  <trkpt lat="52.5273061" lon="13.3872328"><ele>41.9</ele><time>2025-09-21T07:45:20Z</time><extensions><gpxtpx:TrackPointExtension><gpxtpx:hr>139</gpxtpx:hr></gpxtpx:TrackPointExtension></extensions></trkpt>
  <trkpt lat="52.5273170" lon="13.3874478"><ele>41.9</ele><time>2025-09-21T07:45:25Z</time><extensions><gpxtpx:TrackPointExtension><gpxtpx:hr>138</gpxtpx:hr></gpxtpx:TrackPointExtension></extensions></trkpt>
  <trkpt lat="52.5273577" lon="13.3876627"><ele>41.9</ele><time>2025-09-21T07:45:30Z</time><extensions><gpxtpx:TrackPointExtension><gpxtpx:hr>138</gpxtpx:hr></gpxtpx:TrackPointExtension></extensions></trkpt>
  <trkpt lat="52.5274030" lon="13.3878635"><ele>41.9</ele><time>2025-09-21T07:45:35Z</time><extensions><gpxtpx:TrackPointExtension><gpxtpx:hr>138</gpxtpx:hr></gpxtpx:TrackPointExtension></extensions></trkpt>
  <trkpt lat="52.5274579" lon="13.3880880"><ele>41.9</ele><time>2025-09-21T07:45:40Z</time><extensions><gpxtpx:TrackPointExtension><gpxtpx:hr>139</gpxtpx:hr></gpxtpx:TrackPointExtension></extensions></trkpt>
  <trkpt lat="52.5274948" lon="13.3882915"><ele>41.9</ele><time>2025-09-21T07:45:45Z</time><extensions><gpxtpx:TrackPointExtension><gpxtpx:hr>139</gpxtpx:hr></gpxtpx:TrackPointExtension></extensions></trkpt>
  <trkpt lat="52.5275340" lon="13.3885117"><ele>41.9</ele><time>2025-09-21T07:45:50Z</time><extensions><gpxtpx:TrackPointExtension><gpxtpx:hr>140</gpxtpx:hr></gpxtpx:TrackPointExtension></extensions></trkpt>
  <trkpt lat="52.5275716" lon="13.3887045"><ele>41.9</ele><time>2025-09-21T07:45:55Z</time><extensions><gpxtpx:TrackPointExtension><gpxtpx:hr>140</gpxtpx:hr></gpxtpx:TrackPointExtension></extensions></trkpt>
  <trkpt lat="52.5276214" lon="13.3889429"><ele>41.9</ele><time>2025-09-21T07:46:00Z</time><extensions><gpxtpx:TrackPointExtension><gpxtpx:hr>141</gpxtpx:hr></gpxtpx:TrackPointExtension></extensions></trkpt>
  <trkpt lat="52.5276598" lon="13.3891242"><ele>41.9</ele><time>2025-09-21T07:46:05Z</time><extensions><gpxtpx:TrackPointExtension><gpxtpx:hr>141</gpxtpx:hr></gpxtpx:TrackPointExtension></extensions></trkpt>
  <trkpt lat="52.5277094" lon="13.3893495"><ele>42.0</ele><time>2025-09-21T07:46:10Z</time><extensions><gpxtpx:TrackPointExtension><gpxtpx:hr>141</gpxtpx:hr></gpxtpx:TrackPointExtension></extensions></trkpt>
  <trkpt lat="52.5277576" lon="13.3895564"><ele>42.0</ele><time>2025-09-21T07:46:15Z</time><extensions><gpxtpx:TrackPointExtension><gpxtpx:hr>141</gpxtpx:hr></gpxtpx:TrackPointExtension></extensions></trkpt>
  <trkpt lat="52.5278047" lon="13.3897614"><ele>42.0</ele><time>2025-09-21T07:46:20Z</time><extensions><gpxtpx:TrackPointExtension><gpxtpx:hr>141</gpxtpx:hr></gpxtpx:TrackPointExtension></extensions></trkpt>
  <trkpt lat="52.5278463" lon="13.3899639"><ele>42.0</ele><time>2025-09-21T07:46:25Z</time><extensions><gpxtpx:TrackPointExtension><gpxtpx:hr>142</gpxtpx:hr></gpxtpx:TrackPointExtension></extensions></trkpt>
  <trkpt lat="52.5278955" lon="13.3901875"><ele>42.0</ele><time>2025-09-21T07:46:30Z</time><extensions><gpxtpx:TrackPointExtension><gpxtpx:hr>142</gpxtpx:hr></gpxtpx:TrackPointExtension></extensions></trkpt>
  <trkpt lat="52.5279360" lon="13.3903901"><ele>42.0</ele><time>2025-09-21T07:46:35Z</time><extensions><gpxtpx:TrackPointExtension><gpxtpx:hr>142</gpxtpx:hr></gpxtpx:TrackPointExtension></extensions></trkpt>
  <trkpt lat="52.5279704" lon="13.3906069"><ele>42.0</ele><time>2025-09-21T07:46:40Z</time><extensions><gpxtpx:TrackPointExtension><gpxtpx:hr>141</gpxtpx:hr></gpxtpx:TrackPointExtension></extensions></trkpt>
  <trkpt lat="52.5280195" lon="13.3908175"><ele>42.0</ele><time>2025-09-21T07:46:45Z</time><extensions><gpxtpx:TrackPointExtension><gpxtpx:hr>141</gpxtpx:hr></gpxtpx:TrackPointExtension></extensions></trkpt>
  <trkpt lat="52.5280482" lon="13.3910278"><ele>42.0</ele><time>2025-09-21T07:46:50Z</time><extensions><gpxtpx:TrackPointExtension><gpxtpx:hr>140</gpxtpx:hr></gpxtpx:TrackPointExtension></extensions></trkpt>
  <trkpt lat="52.5281063" lon="13.3912272"><ele>42.0</ele><time>2025-09-21T07:46:55Z</time><extensions><gpxtpx:TrackPointExtension><gpxtpx:hr>141</gpxtpx:hr></gpxtpx:TrackPointExtension></extensions></trkpt>
  <trkpt lat="52.5281393" lon="13.3914422"><ele>42.0</ele><time>2025-09-21T07:47:00Z</time><extensions><gpxtpx:TrackPointExtension><gpxtpx:hr>141</gpxtpx:hr></gpxtpx:TrackPointExtension></extensions></trkpt>
  <trkpt lat="52.5281847" lon="13.3916566"><ele>42.0</ele><time>2025-09-21T07:47:05Z</time><extensions><gpxtpx:TrackPointExtension><gpxtpx:hr>140</gpxtpx:hr></gpxtpx:TrackPointExtension></extensions></trkpt>
  <trkpt lat="52.5282231" lon="13.3918621"><ele>42.0</ele><time>2025-09-21T07:47:10Z</time><extensions><gpxtpx:TrackPointExtension><gpxtpx:hr>140</gpxtpx:hr></gpxtpx:TrackPointExtension></extensions></trkpt>
  <trkpt lat="52.5282773" lon="13.3920634"><ele>42.0</ele><time>2025-09-21T07:47:15Z</time><extensions><gpxtpx:TrackPointExtension><gpxtpx:hr>141</gpxtpx:hr></gpxtpx:TrackPointExtension></extensions></trkpt>
  <trkpt lat="52.5283202" lon="13.3922990"><ele>42.0</ele><time>2025-09-21T07:47:20Z</time><extensions><gpxtpx:TrackPointExtension><gpxtpx:hr>141</gpxtpx:hr></gpxtpx:TrackPointExtension></extensions></trkpt>
  <trkpt lat="52.5283510" lon="13.3925064"><ele>42.0</ele><time>2025-09-21T07:47:25Z</time><extensions><gpxtpx:TrackPointExtension><gpxtpx:hr>141</gpxtpx:hr></gpxtpx:TrackPointExtension></extensions></trkpt>
  <trkpt lat="52.5284000" lon="13.3927098"><ele>42.0</ele><time>2025-09-21T07:47:30Z</time><extensions><gpxtpx:TrackPointExtension><gpxtpx:hr>141</gpxtpx:hr></gpxtpx:TrackPointExtension></extensions></trkpt>
  <trkpt lat="52.5284452" lon="13.3929225"><ele>42.0</ele><time>2025-09-21T07:47:35Z</time><extensions><gpxtpx:TrackPointExtension><gpxtpx:hr>142</gpxtpx:hr></gpxtpx:TrackPointExtension></extensions></trkpt>
  <trkpt lat="52.5284834" lon="13.3931401"><ele>42.0</ele><time>2025-09-21T07:47:40Z</time><extensions><gpxtpx:TrackPointExtension><gpxtpx:hr>142</gpxtpx:hr></gpxtpx:TrackPointExtension></extensions></trkpt>
  <trkpt lat="52.5285346" lon="13.3933299"><ele>42.0</ele><time>2025-09-21T07:47:45Z</time><extensions><gpxtpx:TrackPointExtension><gpxtpx:hr>142</gpxtpx:hr></gpxtpx:TrackPointExtension></extensions></trkpt>
  <trkpt lat="52.5285757" lon="13.3935476"><ele>42.0</ele><time>2025-09-21T07:47:50Z</time><extensions><gpxtpx:TrackPointExtension><gpxtpx:hr>143</gpxtpx:hr></gpxtpx:TrackPointExtension></extensions></trkpt>
  <trkpt lat="52.5286261" lon="13.3937633"><ele>42.0</ele><time>2025-09-21T07:47:55Z</time><extensions><gpxtpx:TrackPointExtension><gpxtpx:hr>142</gpxtpx:hr></gpxtpx:TrackPointExtension></extensions></trkpt>
  <trkpt lat="52.5286661" lon="13.3939576"><ele>42.0</ele><time>2025-09-21T07:48:00Z</time><extensions><gpxtpx:TrackPointExtension><gpxtpx:hr>141</gpxtpx:hr></gpxtpx:TrackPointExtension></extensions></trkpt>
  <trkpt lat="52.5287247" lon="13.3941634"><ele>42.0</ele><time>2025-09-21T07:48:05Z</time><extensions><gpxtpx:TrackPointExtension><gpxtpx:hr>140</gpxtpx:hr></gpxtpx:TrackPointExtension></extensions></trkpt>
  <trkpt lat="52.5287745" lon="13.3943705"><ele>42.0</ele><time>2025-09-21T07:48:10Z</time><extensions><gpxtpx:TrackPointExtension><gpxtpx:hr>139</gpxtpx:hr></gpxtpx:TrackPointExtension></extensions></trkpt>
  <trkpt lat="52.5288161" lon="13.3945737"><ele>42.0</ele><time>2025-09-21T07:48:15Z</time><extensions><gpxtpx:TrackPointExtension><gpxtpx:hr>140</gpxtpx:hr></gpxtpx:TrackPointExtension></extensions></trkpt>
  <trkpt lat="52.5288715" lon="13.3947926"><ele>42.0</ele><time>2025-09-21T07:48:20Z</time><extensions><gpxtpx:TrackPointExtension><gpxtpx:hr>140</gpxtpx:hr></gpxtpx:TrackPointExtension></extensions></trkpt>
  <trkpt lat="52.5289203" lon="13.3950063"><ele>42.0</ele><time>2025-09-21T07:48:25Z</time><extensions><gpxtpx:TrackPointExtension><gpxtpx:hr>141</gpxtpx:hr></gpxtpx:TrackPointExtension></extensions></trkpt>
  <trkpt lat="52.5289680" lon="13.3952071"><ele>42.0</ele><time>2025-09-21T07:48:30Z</time><extensions><gpxtpx:TrackPointExtension><gpxtpx:hr>141</gpxtpx:hr></gpxtpx:TrackPointExtension></extensions></trkpt>
  <trkpt lat="52.5290211" lon="13.3954152"><ele>42.0</ele><time>2025-09-21T07:48:35Z</time><extensions><gpxtpx:TrackPointExtension><gpxtpx:hr>140</gpxtpx:hr></gpxtpx:TrackPointExtension></extensions></trkpt>
  <trkpt lat="52.5290763" lon="13.3956184"><ele>42.0</ele><time>2025-09-21T07:48:40Z</time><extensions><gpxtpx:TrackPointExtension><gpxtpx:hr>141</gpxtpx:hr></gpxtpx:TrackPointExtension></extensions></trkpt>
  <trkpt lat="52.5291196" lon="13.3958140"><ele>42.0</ele><time>2025-09-21T07:48:45Z</time><extensions><gpxtpx:TrackPointExtension><gpxtpx:hr>140</gpxtpx:hr></gpxtpx:TrackPointExtension></extensions></trkpt>
  <trkpt lat="52.5291749" lon="13.3960388"><ele>42.0</ele><time>2025-09-21T07:48:50Z</time><extensions><gpxtpx:TrackPointExtension><gpxtpx:hr>139</gpxtpx:hr></gpxtpx:TrackPointExtension></extensions></trkpt>
  <trkpt lat="52.5292281" lon="13.3962310"><ele>42.0</ele><time>2025-09-21T07:48:55Z</time><extensions><gpxtpx:TrackPointExtension><gpxtpx:hr>139</gpxtpx:hr></gpxtpx:TrackPointExtension></extensions></trkpt>
  <trkpt lat="52.5292724" lon="13.3964501"><ele>42.0</ele><time>2025-09-21T07:49:00Z</time><extensions><gpxtpx:TrackPointExtension><gpxtpx:hr>140</gpxtpx:hr></gpxtpx:TrackPointExtension></extensions></trkpt>
  <trkpt lat="52.5293302" lon="13.3966354"><ele>42.0</ele><time>2025-09-21T07:49:05Z</time><extensions><gpxtpx:TrackPointExtension><gpxtpx:hr>140</gpxtpx:hr></gpxtpx:TrackPointExtension></extensions></trkpt>
  <trkpt lat="52.5293772" lon="13.3968522"><ele>42.0</ele><time>2025-09-21T07:49:10Z</time><extensions><gpxtpx:TrackPointExtension><gpxtpx:hr>139</gpxtpx:hr></gpxtpx:TrackPointExtension></extensions></trkpt>
  <trkpt lat="52.5294258" lon="13.3970565"><ele>42.0</ele><time>2025-09-21T07:49:15Z</time><extensions><gpxtpx:TrackPointExtension><gpxtpx:hr>139</gpxtpx:hr></gpxtpx:TrackPointExtension></extensions></trkpt>
  <trkpt lat="52.5294699" lon="13.3972584"><ele>42.0</ele><time>2025-09-21T07:49:20Z</time><extensions><gpxtpx:TrackPointExtension><gpxtpx:hr>140</gpxtpx:hr></gpxtpx:TrackPointExtension></extensions></trkpt>
  <trkpt lat="52.5295252" lon="13.3974721"><ele>42.0</ele><time>2025-09-21T07:49:25Z</time><extensions><gpxtpx:TrackPointExtension><gpxtpx:hr>140</gpxtpx:hr></gpxtpx:TrackPointExtension></extensions></trkpt>
  <trkpt lat="52.5295540" lon="13.3976912"><ele>42.0</ele><time>2025-09-21T07:49:30Z</time><extensions><gpxtpx:TrackPointExtension><gpxtpx:hr>140</gpxtpx:hr></gpxtpx:TrackPointExtension></extensions></trkpt>
  <trkpt lat="52.5295523" lon="13.3979086"><ele>42.0</ele><time>2025-09-21T07:49:35Z</time><extensions><gpxtpx:TrackPointExtension><gpxtpx:hr>139</gpxtpx:hr></gpxtpx:TrackPointExtension></extensions></trkpt>
  <trkpt lat="52.5295670" lon="13.3981287"><ele>42.0</ele><time>2025-09-21T07:49:40Z</time><extensions><gpxtpx:TrackPointExtension><gpxtpx:hr>138</gpxtpx:hr></gpxtpx:TrackPointExtension></extensions></trkpt>
  <trkpt lat="52.5295802" lon="13.3983558"><ele>42.0</ele><time>2025-09-21T07:49:45Z</time><extensions><gpxtpx:TrackPointExtension><gpxtpx:hr>138</gpxtpx:hr></gpxtpx:TrackPointExtension></extensions></trkpt>
  <trkpt lat="52.5295948" lon="13.3985710"><ele>42.0</ele><time>2025-09-21T07:49:50Z</time><extensions><gpxtpx:TrackPointExtension><gpxtpx:hr>138</gpxtpx:hr></gpxtpx:TrackPointExtension></extensions></trkpt>
  <trkpt lat="52.5296040" lon="13.3987990"><ele>42.0</ele><time>2025-09-21T07:49:55Z</time><extensions><gpxtpx:TrackPointExtension><gpxtpx:hr>139</gpxtpx:hr></gpxtpx:TrackPointExtension></extensions></trkpt>
  <trkpt lat="52.5296053" lon="13.3990261"><ele>42.0</ele><time>2025-09-21T07:50:00Z</time><extensions><gpxtpx:TrackPointExtension><gpxtpx:hr>140</gpxtpx:hr></gpxtpx:TrackPointExtension></extensions></trkpt>
  <trkpt lat="52.5296196" lon="13.3992422"><ele>42.0</ele><time>2025-09-21T07:50:05Z</time><extensions><gpxtpx:TrackPointExtension><gpxtpx:hr>139</gpxtpx:hr></gpxtpx:TrackPointExtension></extensions></trkpt>
  <trkpt lat="52.5296365" lon="13.3994660"><ele>42.0</ele><time>2025-09-21T07:50:10Z</time><extensions><gpxtpx:TrackPointExtension><gpxtpx:hr>140</gpxtpx:hr></gpxtpx:TrackPointExtension></extensions></trkpt>
  <trkpt lat="52.5296552" lon="13.3996865"><ele>42.0</ele><time>2025-09-21T07:50:15Z</time><extensions><gpxtpx:TrackPointExtension><gpxtpx:hr>139</gpxtpx:hr></gpxtpx:TrackPointExtension></extensions></trkpt>
  <trkpt lat="52.5296455" lon="13.3999036"><ele>42.0</ele><time>2025-09-21T07:50:20Z</time><extensions><gpxtpx:TrackPointExtension><gpxtpx:hr>139</gpxtpx:hr></gpxtpx:TrackPointExtension></extensions></trkpt>
  <trkpt lat="52.5296724" lon="13.4001257"><ele>42.0</ele><time>2025-09-21T07:50:25Z</time><extensions><gpxtpx:TrackPointExtension><gpxtpx:hr>140</gpxtpx:hr></gpxtpx:TrackPointExtension></extensions></trkpt>
  <trkpt lat="52.5296718" lon="13.4003525"><ele>42.0</ele><time>2025-09-21T07:50:30Z</time><extensions><gpxtpx:TrackPointExtension><gpxtpx:hr>140</gpxtpx:hr></gpxtpx:TrackPointExtension></extensions></trkpt>
  <trkpt lat="52.5296837" lon="13.4005706"><ele>42.0</ele><time>2025-09-21T07:50:35Z</time><extensions><gpxtpx:TrackPointExtension><gpxtpx:hr>140</gpxtpx:hr></gpxtpx:TrackPointExtension></extensions></trkpt>
  <trkpt lat="52.5296988" lon="13.4007834"><ele>42.0</ele><time>2025-09-21T07:50:40Z</time><extensions><gpxtpx:TrackPointExtension><gpxtpx:hr>140</gpxtpx:hr></gpxtpx:TrackPointExtension></extensions></trkpt>
  <trkpt lat="52.5297368" lon="13.4009959"><ele>42.0</ele><time>2025-09-21T07:50:45Z</time><extensions><gpxtpx:TrackPointExtension><gpxtpx:hr>140</gpxtpx:hr></gpxtpx:TrackPointExtension></extensions></trkpt>
  <trkpt lat="52.5296097" lon="13.4010567"><ele>42.0</ele><time>2025-09-21T07:50:50Z</time><extensions><gpxtpx:TrackPointExtension><gpxtpx:hr>141</gpxtpx:hr></gpxtpx:TrackPointExtension></extensions></trkpt>
  <trkpt lat="52.5296039" lon="13.4012587"><ele>42.0</ele><time>2025-09-21T07:50:55Z</time><extensions><gpxtpx:TrackPointExtension><gpxtpx:hr>142</gpxtpx:hr></gpxtpx:TrackPointExtension></extensions></trkpt>
  <trkpt lat="52.5296282" lon="13.4014965"><ele>42.0</ele><time>2025-09-21T07:51:00Z</time><extensions><gpxtpx:TrackPointExtension><gpxtpx:hr>142</gpxtpx:hr></gpxtpx:TrackPointExtension></extensions></trkpt>
  <trkpt lat="52.5295339" lon="13.4016218"><ele>42.0</ele><time>2025-09-21T07:51:05Z</time><extensions><gpxtpx:TrackPointExtension><gpxtpx:hr>143</gpxtpx:hr></gpxtpx:TrackPointExtension></extensions></trkpt>
  <trkpt lat="52.5294857" lon="13.4017772"><ele>42.0</ele><time>2025-09-21T07:51:10Z</time><extensions><gpxtpx:TrackPointExtension><gpxtpx:hr>142</gpxtpx:hr></gpxtpx:TrackPointExtension></extensions></trkpt>
  <trkpt lat="52.5293554" lon="13.4018461"><ele>42.0</ele><time>2025-09-21T07:51:15Z</time><extensions><gpxtpx:TrackPointExtension><gpxtpx:hr>141</gpxtpx:hr></gpxtpx:TrackPointExtension></extensions></trkpt>
  <trkpt lat="52.5292351" lon="13.4019117"><ele>42.0</ele><time>2025-09-21T07:51:20Z</time><extensions><gpxtpx:TrackPointExtension><gpxtpx:hr>141</gpxtpx:hr></gpxtpx:TrackPointExtension></extensions></trkpt>
  <trkpt lat="52.5290968" lon="13.4019915"><ele>42.0</ele><time>2025-09-21T07:51:25Z</time><extensions><gpxtpx:TrackPointExtension><gpxtpx:hr>140</gpxtpx:hr></gpxtpx:TrackPointExtension></extensions></trkpt>
  <trkpt lat="52.5289813" lon="13.4020785"><ele>42.0</ele><time>2025-09-21T07:51:30Z</time><extensions><gpxtpx:TrackPointExtension><gpxtpx:hr>141</gpxtpx:hr></gpxtpx:TrackPointExtension></extensions></trkpt>
  <trkpt lat="52.5289283" lon="13.4022065"><ele>42.0</ele><time>2025-09-21T07:51:35Z</time><extensions><gpxtpx:TrackPointExtension><gpxtpx:hr>140</gpxtpx:hr></gpxtpx:TrackPointExtension></extensions></trkpt>
  <trkpt lat="52.5289305" lon="13.4024205"><ele>42.0</ele><time>2025-09-21T07:51:40Z</time><extensions><gpxtpx:TrackPointExtension><gpxtpx:hr>140</gpxtpx:hr></gpxtpx:TrackPointExtension></extensions></trkpt>
  <trkpt lat="52.5289324" lon="13.4026381"><ele>42.0</ele><time>2025-09-21T07:51:45Z</time><extensions><gpxtpx:TrackPointExtension><gpxtpx:hr>139</gpxtpx:hr></gpxtpx:TrackPointExtension></extensions></trkpt>
  <trkpt lat="52.5289325" lon="13.4028676"><ele>42.0</ele><time>2025-09-21T07:51:50Z</time><extensions><gpxtpx:TrackPointExtension><gpxtpx:hr>140</gpxtpx:hr></gpxtpx:TrackPointExtension></extensions></trkpt>
  <trkpt lat="52.5289494" lon="13.4030841"><ele>42.0</ele><time>2025-09-21T07:51:55Z</time><extensions><gpxtpx:TrackPointExtension><gpxtpx:hr>140</gpxtpx:hr></gpxtpx:TrackPointExtension></extensions></trkpt>
  <trkpt lat="52.5289249" lon="13.4033049"><ele>42.0</ele><time>2025-09-21T07:52:00Z</time><extensions><gpxtpx:TrackPointExtension><gpxtpx:hr>140</gpxtpx:hr></gpxtpx:TrackPointExtension></extensions></trkpt>
  <trkpt lat="52.5288941" lon="13.4035139"><ele>42.0</ele><time>2025-09-21T07:52:05Z</time><extensions><gpxtpx:TrackPointExtension><gpxtpx:hr>140</gpxtpx:hr></gpxtpx:TrackPointExtension></extensions></trkpt>
  <trkpt lat="52.5288898" lon="13.4037484"><ele>42.0</ele><time>2025-09-21T07:52:10Z</time><extensions><gpxtpx:TrackPointExtension><gpxtpx:hr>141</gpxtpx:hr></gpxtpx:TrackPointExtension></extensions></trkpt>
  <trkpt lat="52.5288498" lon="13.4039593"><ele>42.0</ele><time>2025-09-21T07:52:15Z</time><extensions><gpxtpx:TrackPointExtension><gpxtpx:hr>140</gpxtpx:hr></gpxtpx:TrackPointExtension></extensions></trkpt>
  <trkpt lat="52.5288234" lon="13.4041677"><ele>42.0</ele><time>2025-09-21T07:52:20Z</time><extensions><gpxtpx:TrackPointExtension><gpxtpx:hr>140</gpxtpx:hr></gpxtpx:TrackPointExtension></extensions></trkpt>
  <trkpt lat="52.5288001" lon="13.4044007"><ele>42.0</ele><time>2025-09-21T07:52:25Z</time><extensions><gpxtpx:TrackPointExtension><gpxtpx:hr>140</gpxtpx:hr></gpxtpx:TrackPointExtension></extensions></trkpt>
  <trkpt lat="52.5287697" lon="13.4046007"><ele>41.9</ele><time>2025-09-21T07:52:30Z</time><extensions><gpxtpx:TrackPointExtension><gpxtpx:hr>141</gpxtpx:hr></gpxtpx:TrackPointExtension></extensions></trkpt>
  <trkpt lat="52.5287434" lon="13.4048298"><ele>41.9</ele><time>2025-09-21T07:52:35Z</time><extensions><gpxtpx:TrackPointExtension><gpxtpx:hr>140</gpxtpx:hr></gpxtpx:TrackPointExtension></extensions></trkpt>
  <trkpt lat="52.5287167" lon="13.4050509"><ele>41.9</ele><time>2025-09-21T07:52:40Z</time><extensions><gpxtpx:TrackPointExtension><gpxtpx:hr>139</gpxtpx:hr></gpxtpx:TrackPointExtension></extensions></trkpt>
  <trkpt lat="52.5286897" lon="13.4052740"><ele>41.9</ele><time>2025-09-21T07:52:45Z</time><extensions><gpxtpx:TrackPointExtension><gpxtpx:hr>140</gpxtpx:hr></gpxtpx:TrackPointExtension></extensions></trkpt>
  <trkpt lat="52.5286573" lon="13.4054808"><ele>41.9</ele><time>2025-09-21T07:52:50Z</time><extensions><gpxtpx:TrackPointExtension><gpxtpx:hr>140</gpxtpx:hr></gpxtpx:TrackPointExtension></extensions></trkpt>
  <trkpt lat="52.5286313" lon="13.4057114"><ele>41.9</ele><time>2025-09-21T07:52:55Z</time><extensions><gpxtpx:TrackPointExtension><gpxtpx:hr>140</gpxtpx:hr></gpxtpx:TrackPointExtension></extensions></trkpt>
  <trkpt lat="52.5286023" lon="13.4059240"><ele>41.9</ele><time>2025-09-21T07:53:00Z</time><extensions><gpxtpx:TrackPointExtension><gpxtpx:hr>141</gpxtpx:hr></gpxtpx:TrackPointExtension></extensions></trkpt>
  <trkpt lat="52.5285821" lon="13.4061398"><ele>41.9</ele><time>2025-09-21T07:53:05Z</time><extensions><gpxtpx:TrackPointExtension><gpxtpx:hr>142</gpxtpx:hr></gpxtpx:TrackPointExtension></extensions></trkpt>
  <trkpt lat="52.5285590" lon="13.4063679"><ele>41.9</ele><time>2025-09-21T07:53:10Z</time><extensions><gpxtpx:TrackPointExtension><gpxtpx:hr>141</gpxtpx:hr></gpxtpx:TrackPointExtension></extensions></trkpt>
  <trkpt lat="52.5285390" lon="13.4065723"><ele>41.9</ele><time>2025-09-21T07:53:15Z</time><extensions><gpxtpx:TrackPointExtension><gpxtpx:hr>141</gpxtpx:hr></gpxtpx:TrackPointExtension></extensions></trkpt>
  <trkpt lat="52.5285031" lon="13.4067946"><ele>41.9</ele><time>2025-09-21T07:53:20Z</time><extensions><gpxtpx:TrackPointExtension><gpxtpx:hr>141</gpxtpx:hr></gpxtpx:TrackPointExtension></extensions></trkpt>
  <trkpt lat="52.5284849" lon="13.4070117"><ele>41.9</ele><time>2025-09-21T07:53:25Z</time><extensions><gpxtpx:TrackPointExtension><gpxtpx:hr>140</gpxtpx:hr></gpxtpx:TrackPointExtension></extensions></trkpt>
  <trkpt lat="52.5284534" lon="13.4072316"><ele>41.9</ele><time>2025-09-21T07:53:30Z</time><extensions><gpxtpx:TrackPointExtension><gpxtpx:hr>139</gpxtpx:hr></gpxtpx:TrackPointExtension></extensions></trkpt>
  <trkpt lat="52.5284272" lon="13.4074365"><ele>41.9</ele><time>2025-09-21T07:53:35Z</time><extensions><gpxtpx:TrackPointExtension><gpxtpx:hr>140</gpxtpx:hr></gpxtpx:TrackPointExtension></extensions></trkpt>
  <trkpt lat="52.5283951" lon="13.4076601"><ele>41.9</ele><time>2025-09-21T07:53:40Z</time><extensions><gpxtpx:TrackPointExtension><gpxtpx:hr>139</gpxtpx:hr></gpxtpx:TrackPointExtension></extensions></trkpt>
  <trkpt lat="52.5283699" lon="13.4078822"><ele>41.9</ele><time>2025-09-21T07:53:45Z</time><extensions><gpxtpx:TrackPointExtension><gpxtpx:hr>139</gpxtpx:hr></gpxtpx:TrackPointExtension></extensions></trkpt>
  <trkpt lat="52.5283368" lon="13.4081054"><ele>41.9</ele><time>2025-09-21T07:53:50Z</time><extensions><gpxtpx:TrackPointExtension><gpxtpx:hr>139</gpxtpx:hr></gpxtpx:TrackPointExtension></extensions></trkpt>
  <trkpt lat="52.5283161" lon="13.4083177"><ele>41.9</ele><time>2025-09-21T07:53:55Z</time><extensions><gpxtpx:TrackPointExtension><gpxtpx:hr>138</gpxtpx:hr></gpxtpx:TrackPointExtension></extensions></trkpt>
  <trkpt lat="52.5282916" lon="13.4085370"><ele>41.9</ele><time>2025-09-21T07:54:00Z</time><extensions><gpxtpx:TrackPointExtension><gpxtpx:hr>139</gpxtpx:hr></gpxtpx:TrackPointExtension></extensions></trkpt>
  <trkpt lat="52.5282712" lon="13.4087611"><ele>41.9</ele><time>2025-09-21T07:54:05Z</time><extensions><gpxtpx:TrackPointExtension><gpxtpx:hr>138</gpxtpx:hr></gpxtpx:TrackPointExtension></extensions></trkpt>
  <trkpt lat="52.5282484" lon="13.4089710"><ele>41.9</ele><time>2025-09-21T07:54:10Z</time><extensions><gpxtpx:TrackPointExtension><gpxtpx:hr>139</gpxtpx:hr></gpxtpx:TrackPointExtension></extensions></trkpt>
  <trkpt lat="52.5282177" lon="13.4091958"><ele>41.9</ele><time>2025-09-21T07:54:15Z</time><extensions><gpxtpx:TrackPointExtension><gpxtpx:hr>138</gpxtpx:hr></gpxtpx:TrackPointExtension></extensions></trkpt>
  <trkpt lat="52.5281908" lon="13.4093920"><ele>41.9</ele><time>2025-09-21T07:54:20Z</time><extensions><gpxtpx:TrackPointExtension><gpxtpx:hr>138</gpxtpx:hr></gpxtpx:TrackPointExtension></extensions></trkpt>
  <trkpt lat="52.5281542" lon="13.4096086"><ele>41.9</ele><time>2025-09-21T07:54:25Z</time><extensions><gpxtpx:TrackPointExtension><gpxtpx:hr>139</gpxtpx:hr></gpxtpx:TrackPointExtension></extensions></trkpt>
  <trkpt lat="52.5281239" lon="13.4098302"><ele>41.9</ele><time>2025-09-21T07:54:30Z</time><extensions><gpxtpx:TrackPointExtension><gpxtpx:hr>138</gpxtpx:hr></gpxtpx:TrackPointExtension></extensions></trkpt>
  <trkpt lat="52.5280857" lon="13.4100509"><ele>41.9</ele><time>2025-09-21T07:54:35Z</time><extensions><gpxtpx:TrackPointExtension><gpxtpx:hr>138</gpxtpx:hr></gpxtpx:TrackPointExtension></extensions></trkpt>
  <trkpt lat="52.5280048" lon="13.4101834"><ele>41.9</ele><time>2025-09-21T07:54:40Z</time><extensions><gpxtpx:TrackPointExtension><gpxtpx:hr>137</gpxtpx:hr></gpxtpx:TrackPointExtension></extensions></trkpt>
  <trkpt lat="52.5278703" lon="13.4102485"><ele>41.8</ele><time>2025-09-21T07:54:45Z</time><extensions><gpxtpx:TrackPointExtension><gpxtpx:hr>137</gpxtpx:hr></gpxtpx:TrackPointExtension></extensions></trkpt>
  <trkpt lat="52.5277373" lon="13.4103102"><ele>41.8</ele><time>2025-09-21T07:54:50Z</time><extensions><gpxtpx:TrackPointExtension><gpxtpx:hr>138</gpxtpx:hr></gpxtpx:TrackPointExtension></extensions></trkpt>
  <trkpt lat="52.5276273" lon="13.4103749"><ele>41.8</ele><time>2025-09-21T07:54:55Z</time><extensions><gpxtpx:TrackPointExtension><gpxtpx:hr>138</gpxtpx:hr></gpxtpx:TrackPointExtension></extensions></trkpt>
  <trkpt lat="52.5274968" lon="13.4104329"><ele>41.8</ele><time>2025-09-21T07:55:00Z</time><extensions><gpxtpx:TrackPointExtension><gpxtpx:hr>138</gpxtpx:hr></gpxtpx:TrackPointExtension></extensions></trkpt>
  <trkpt lat="52.5273621" lon="13.4104904"><ele>41.8</ele><time>2025-09-21T07:55:05Z</time><extensions><gpxtpx:TrackPointExtension><gpxtpx:hr>139</gpxtpx:hr></gpxtpx:TrackPointExtension></extensions></trkpt>
  <trkpt lat="52.5272370" lon="13.4105534"><ele>41.8</ele><time>2025-09-21T07:55:10Z</time><extensions><gpxtpx:TrackPointExtension><gpxtpx:hr>138</gpxtpx:hr></gpxtpx:TrackPointExtension></extensions></trkpt>
  <trkpt lat="52.5271029" lon="13.4106156"><ele>41.8</ele><time>2025-09-21T07:55:15Z</time><extensions><gpxtpx:TrackPointExtension><gpxtpx:hr>139</gpxtpx:hr></gpxtpx:TrackPointExtension></extensions></trkpt>
  <trkpt lat="52.5269745" lon="13.4106773"><ele>41.8</ele><time>2025-09-21T07:55:20Z</time><extensions><gpxtpx:TrackPointExtension><gpxtpx:hr>139</gpxtpx:hr></gpxtpx:TrackPointExtension></extensions></trkpt>
  <trkpt lat="52.5269346" lon="13.4108182"><ele>41.8</ele><time>2025-09-21T07:55:25Z</time><extensions><gpxtpx:TrackPointExtension><gpxtpx:hr>140</gpxtpx:hr></gpxtpx:TrackPointExtension></extensions></trkpt>
  <trkpt lat="52.5269347" lon="13.4110067"><ele>41.8</ele><time>2025-09-21T07:55:30Z</time><extensions><gpxtpx:TrackPointExtension><gpxtpx:hr>139</gpxtpx:hr></gpxtpx:TrackPointExtension></extensions></trkpt>
  <trkpt lat="52.5267961" lon="13.4110641"><ele>41.8</ele><time>2025-09-21T07:55:35Z</time><extensions><gpxtpx:TrackPointExtension><gpxtpx:hr>140</gpxtpx:hr></gpxtpx:TrackPointExtension></extensions></trkpt>
  <trkpt lat="52.5266848" lon="13.4111523"><ele>41.8</ele><time>2025-09-21T07:55:40Z</time><extensions><gpxtpx:TrackPointExtension><gpxtpx:hr>140</gpxtpx:hr></gpxtpx:TrackPointExtension></extensions></trkpt>
  <trkpt lat="52.5266259" lon="13.4113406"><ele>41.8</ele><time>2025-09-21T07:55:45Z</time><extensions><gpxtpx:TrackPointExtension><gpxtpx:hr>140</gpxtpx:hr></gpxtpx:TrackPointExtension></extensions></trkpt>
  <trkpt lat="52.5265685" lon="13.4115716"><ele>41.8</ele><time>2025-09-21T07:55:50Z</time><extensions><gpxtpx:TrackPointExtension><gpxtpx:hr>140</gpxtpx:hr></gpxtpx:TrackPointExtension></extensions></trkpt>
  <trkpt lat="52.5265127" lon="13.4117608"><ele>41.8</ele><time>2025-09-21T07:55:55Z</time><extensions><gpxtpx:TrackPointExtension><gpxtpx:hr>140</gpxtpx:hr></gpxtpx:TrackPointExtension></extensions></trkpt>
  <trkpt lat="52.5264612" lon="13.4119632"><ele>41.8</ele><time>2025-09-21T07:56:00Z</time><extensions><gpxtpx:TrackPointExtension><gpxtpx:hr>140</gpxtpx:hr></gpxtpx:TrackPointExtension></extensions></trkpt>
  <trkpt lat="52.5264687" lon="13.4121690"><ele>41.8</ele><time>2025-09-21T07:56:05Z</time><extensions><gpxtpx:TrackPointExtension><gpxtpx:hr>140</gpxtpx:hr></gpxtpx:TrackPointExtension></extensions></trkpt>
  <trkpt lat="52.5265292" lon="13.4123657"><ele>41.8</ele><time>2025-09-21T07:56:10Z</time><extensions><gpxtpx:TrackPointExtension><gpxtpx:hr>140</gpxtpx:hr></gpxtpx:TrackPointExtension></extensions></trkpt>
  <trkpt lat="52.5265858" lon="13.4125711"><ele>41.8</ele><time>2025-09-21T07:56:15Z</time><extensions><gpxtpx:TrackPointExtension><gpxtpx:hr>141</gpxtpx:hr></gpxtpx:TrackPointExtension></extensions></trkpt>
  <trkpt lat="52.5266397" lon="13.4127646"><ele>41.8</ele><time>2025-09-21T07:56:20Z</time><extensions><gpxtpx:TrackPointExtension><gpxtpx:hr>141</gpxtpx:hr></gpxtpx:TrackPointExtension></extensions></trkpt>
  <trkpt lat="52.5267064" lon="13.4129716"><ele>41.7</ele><time>2025-09-21T07:56:25Z</time><extensions><gpxtpx:TrackPointExtension><gpxtpx:hr>141</gpxtpx:hr></gpxtpx:TrackPointExtension></extensions></trkpt>
  <trkpt lat="52.5267594" lon="13.4131718"><ele>41.7</ele><time>2025-09-21T07:56:30Z</time><extensions><gpxtpx:TrackPointExtension><gpxtpx:hr>141</gpxtpx:hr></gpxtpx:TrackPointExtension></extensions></trkpt>
  <trkpt lat="52.5268190" lon="13.4133799"><ele>41.7</ele><time>2025-09-21T07:56:35Z</time><extensions><gpxtpx:TrackPointExtension><gpxtpx:hr>140</gpxtpx:hr></gpxtpx:TrackPointExtension></extensions></trkpt>
  <trkpt lat="52.5268715" lon="13.4135700"><ele>41.7</ele><time>2025-09-21T07:56:40Z</time><extensions><gpxtpx:TrackPointExtension><gpxtpx:hr>141</gpxtpx:hr></gpxtpx:TrackPointExtension></extensions></trkpt>
  <trkpt lat="52.5269332" lon="13.4137624"><ele>41.7</ele><time>2025-09-21T07:56:45Z</time><extensions><gpxtpx:TrackPointExtension><gpxtpx:hr>141</gpxtpx:hr></gpxtpx:TrackPointExtension></extensions></trkpt>
  <trkpt lat="52.5269768" lon="13.4139580"><ele>41.7</ele><time>2025-09-21T07:56:50Z</time><extensions><gpxtpx:TrackPointExtension><gpxtpx:hr>140</gpxtpx:hr></gpxtpx:TrackPointExtension></extensions></trkpt>
  <trkpt lat="52.5269308" lon="13.4141637"><ele>41.7</ele><time>2025-09-21T07:56:55Z</time><extensions><gpxtpx:TrackPointExtension><gpxtpx:hr>140</gpxtpx:hr></gpxtpx:TrackPointExtension></extensions></trkpt>
  <trkpt lat="52.5269631" lon="13.4143725"><ele>41.7</ele><time>2025-09-21T07:57:00Z</time><extensions><gpxtpx:TrackPointExtension><gpxtpx:hr>140</gpxtpx:hr></gpxtpx:TrackPointExtension></extensions></trkpt>
  <trkpt lat="52.5270188" lon="13.4145661"><ele>41.7</ele><time>2025-09-21T07:57:05Z</time><extensions><gpxtpx:TrackPointExtension><gpxtpx:hr>140</gpxtpx:hr></gpxtpx:TrackPointExtension></extensions></trkpt>
  <trkpt lat="52.5270772" lon="13.4147683"><ele>41.7</ele><time>2025-09-21T07:57:10Z</time><extensions><gpxtpx:TrackPointExtension><gpxtpx:hr>139</gpxtpx:hr></gpxtpx:TrackPointExtension></extensions></trkpt>
  <trkpt lat="52.5270514" lon="13.4149318"><ele>41.7</ele><time>2025-09-21T07:57:15Z</time><extensions><gpxtpx:TrackPointExtension><gpxtpx:hr>139</gpxtpx:hr></gpxtpx:TrackPointExtension></extensions></trkpt>
  <trkpt lat="52.5269385" lon="13.4150690"><ele>41.7</ele><time>2025-09-21T07:57:20Z</time><extensions><gpxtpx:TrackPointExtension><gpxtpx:hr>139</gpxtpx:hr></gpxtpx:TrackPointExtension></extensions></trkpt>
  <trkpt lat="52.5268357" lon="13.4151865"><ele>41.7</ele><time>2025-09-21T07:57:25Z</time><extensions><gpxtpx:TrackPointExtension><gpxtpx:hr>140</gpxtpx:hr></gpxtpx:TrackPointExtension></extensions></trkpt>
  <trkpt lat="52.5267356" lon="13.4153458"><ele>41.7</ele><time>2025-09-21T07:57:30Z</time><extensions><gpxtpx:TrackPointExtension><gpxtpx:hr>140</gpxtpx:hr></gpxtpx:TrackPointExtension></extensions></trkpt>
  <trkpt lat="52.5266489" lon="13.4155190"><ele>41.7</ele><time>2025-09-21T07:57:35Z</time><extensions><gpxtpx:TrackPointExtension><gpxtpx:hr>140</gpxtpx:hr></gpxtpx:TrackPointExtension></extensions></trkpt>
  <trkpt lat="52.5265652" lon="13.4156889"><ele>41.6</ele><time>2025-09-21T07:57:40Z</time><extensions><gpxtpx:TrackPointExtension><gpxtpx:hr>141</gpxtpx:hr></gpxtpx:TrackPointExtension></extensions></trkpt>
  <trkpt lat="52.5264854" lon="13.4158582"><ele>41.6</ele><time>2025-09-21T07:57:45Z</time><extensions><gpxtpx:TrackPointExtension><gpxtpx:hr>141</gpxtpx:hr></gpxtpx:TrackPointExtension></extensions></trkpt>
  <trkpt lat="52.5264126" lon="13.4160481"><ele>41.6</ele><time>2025-09-21T07:57:50Z</time><extensions><gpxtpx:TrackPointExtension><gpxtpx:hr>141</gpxtpx:hr></gpxtpx:TrackPointExtension></extensions></trkpt>
  <trkpt lat="52.5263292" lon="13.4162310"><ele>41.6</ele><time>2025-09-21T07:57:55Z</time><extensions><gpxtpx:TrackPointExtension><gpxtpx:hr>141</gpxtpx:hr></gpxtpx:TrackPointExtension></extensions></trkpt>
  <trkpt lat="52.5262636" lon="13.4164186"><ele>41.6</ele><time>2025-09-21T07:58:00Z</time><extensions><gpxtpx:TrackPointExtension><gpxtpx:hr>141</gpxtpx:hr></gpxtpx:TrackPointExtension></extensions></trkpt>
  <trkpt lat="52.5261819" lon="13.4166042"><ele>41.6</ele><time>2025-09-21T07:58:05Z</time><extensions><gpxtpx:TrackPointExtension><gpxtpx:hr>140</gpxtpx:hr></gpxtpx:TrackPointExtension></extensions></trkpt>
  <trkpt lat="52.5261064" lon="13.4167863"><ele>41.6</ele><time>2025-09-21T07:58:10Z</time><extensions><gpxtpx:TrackPointExtension><gpxtpx:hr>141</gpxtpx:hr></gpxtpx:TrackPointExtension></extensions></trkpt>
  <trkpt lat="52.5260298" lon="13.4169812"><ele>41.6</ele><time>2025-09-21T07:58:15Z</time><extensions><gpxtpx:TrackPointExtension><gpxtpx:hr>141</gpxtpx:hr></gpxtpx:TrackPointExtension></extensions></trkpt>
  <trkpt lat="52.5259485" lon="13.4171556"><ele>41.6</ele><time>2025-09-21T07:58:20Z</time><extensions><gpxtpx:TrackPointExtension><gpxtpx:hr>141</gpxtpx:hr></gpxtpx:TrackPointExtension></extensions></trkpt>
  <trkpt lat="52.5258754" lon="13.4173264"><ele>41.6</ele><time>2025-09-21T07:58:25Z</time><extensions><gpxtpx:TrackPointExtension><gpxtpx:hr>140</gpxtpx:hr></gpxtpx:TrackPointExtension></extensions></trkpt>
  <trkpt lat="52.5257974" lon="13.4175147"><ele>41.6</ele><time>2025-09-21T07:58:30Z</time><extensions><gpxtpx:TrackPointExtension><gpxtpx:hr>140</gpxtpx:hr></gpxtpx:TrackPointExtension></extensions></trkpt>
  <trkpt lat="52.5257230" lon="13.4176979"><ele>41.6</ele><time>2025-09-21T07:58:35Z</time><extensions><gpxtpx:TrackPointExtension><gpxtpx:hr>141</gpxtpx:hr></gpxtpx:TrackPointExtension></extensions></trkpt>
  <trkpt lat="52.5256342" lon="13.4178863"><ele>41.6</ele><time>2025-09-21T07:58:40Z</time><extensions><gpxtpx:TrackPointExtension><gpxtpx:hr>141</gpxtpx:hr></gpxtpx:TrackPointExtension></extensions></trkpt>
  <trkpt lat="52.5255687" lon="13.4180693"><ele>41.6</ele><time>2025-09-21T07:58:45Z</time><extensions><gpxtpx:TrackPointExtension><gpxtpx:hr>142</gpxtpx:hr></gpxtpx:TrackPointExtension></extensions></trkpt>
  <trkpt lat="52.5254825" lon="13.4182375"><ele>41.5</ele><time>2025-09-21T07:58:50Z</time><extensions><gpxtpx:TrackPointExtension><gpxtpx:hr>142</gpxtpx:hr></gpxtpx:TrackPointExtension></extensions></trkpt>
  <trkpt lat="52.5254078" lon="13.4184341"><ele>41.5</ele><time>2025-09-21T07:58:55Z</time><extensions><gpxtpx:TrackPointExtension><gpxtpx:hr>141</gpxtpx:hr></gpxtpx:TrackPointExtension></extensions></trkpt>
  <trkpt lat="52.5253283" lon="13.4186028"><ele>41.5</ele><time>2025-09-21T07:59:00Z</time><extensions><gpxtpx:TrackPointExtension><gpxtpx:hr>141</gpxtpx:hr></gpxtpx:TrackPointExtension></extensions></trkpt>
  <trkpt lat="52.5252482" lon="13.4187934"><ele>41.5</ele><time>2025-09-21T07:59:05Z</time><extensions><gpxtpx:TrackPointExtension><gpxtpx:hr>141</gpxtpx:hr></gpxtpx:TrackPointExtension></extensions></trkpt>
  <trkpt lat="52.5251782" lon="13.4189934"><ele>41.5</ele><time>2025-09-21T07:59:10Z</time><extensions><gpxtpx:TrackPointExtension><gpxtpx:hr>141</gpxtpx:hr></gpxtpx:TrackPointExtension></extensions></trkpt>
  <trkpt lat="52.5250969" lon="13.4191631"><ele>41.5</ele><time>2025-09-21T07:59:15Z</time><extensions><gpxtpx:TrackPointExtension><gpxtpx:hr>142</gpxtpx:hr></gpxtpx:TrackPointExtension></extensions></trkpt>
  <trkpt lat="52.5250640" lon="13.4193277"><ele>41.5</ele><time>2025-09-21T07:59:20Z</time><extensions><gpxtpx:TrackPointExtension><gpxtpx:hr>141</gpxtpx:hr></gpxtpx:TrackPointExtension></extensions></trkpt>
  <trkpt lat="52.5250608" lon="13.4194757"><ele>41.5</ele><time>2025-09-21T07:59:25Z</time><extensions><gpxtpx:TrackPointExtension><gpxtpx:hr>142</gpxtpx:hr></gpxtpx:TrackPointExtension></extensions></trkpt>
  <trkpt lat="52.5249873" lon="13.4196669"><ele>41.5</ele><time>2025-09-21T07:59:30Z</time><extensions><gpxtpx:TrackPointExtension><gpxtpx:hr>141</gpxtpx:hr></gpxtpx:TrackPointExtension></extensions></trkpt>
  <trkpt lat="52.5249127" lon="13.4198488"><ele>41.5</ele><time>2025-09-21T07:59:35Z</time><extensions><gpxtpx:TrackPointExtension><gpxtpx:hr>141</gpxtpx:hr></gpxtpx:TrackPointExtension></extensions></trkpt>
  <trkpt lat="52.5248543" lon="13.4200293"><ele>41.5</ele><time>2025-09-21T07:59:40Z</time><extensions><gpxtpx:TrackPointExtension><gpxtpx:hr>140</gpxtpx:hr></gpxtpx:TrackPointExtension></extensions></trkpt>
  <trkpt lat="52.5247345" lon="13.4200757"><ele>41.5</ele><time>2025-09-21T07:59:45Z</time><extensions><gpxtpx:TrackPointExtension><gpxtpx:hr>141</gpxtpx:hr></gpxtpx:TrackPointExtension></extensions></trkpt>
  <trkpt lat="52.5246170" lon="13.4200378"><ele>41.4</ele><time>2025-09-21T07:59:50Z</time><extensions><gpxtpx:TrackPointExtension><gpxtpx:hr>141</gpxtpx:hr></gpxtpx:TrackPointExtension></extensions></trkpt>
  <trkpt lat="52.5245092" lon="13.4199192"><ele>41.4</ele><time>2025-09-21T07:59:55Z</time><extensions><gpxtpx:TrackPointExtension><gpxtpx:hr>140</gpxtpx:hr></gpxtpx:TrackPointExtension></extensions></trkpt>
  <trkpt lat="52.5243991" lon="13.4197900"><ele>41.4</ele><time>2025-09-21T08:00:00Z</time><extensions><gpxtpx:TrackPointExtension><gpxtpx:hr>141</gpxtpx:hr></gpxtpx:TrackPointExtension></extensions></trkpt>
  <trkpt lat="52.5242899" lon="13.4196570"><ele>41.4</ele><time>2025-09-21T08:00:05Z</time><extensions><gpxtpx:TrackPointExtension><gpxtpx:hr>142</gpxtpx:hr></gpxtpx:TrackPointExtension></extensions></trkpt>
  <trkpt lat="52.5241758" lon="13.4195205"><ele>41.4</ele><time>2025-09-21T08:00:10Z</time><extensions><gpxtpx:TrackPointExtension><gpxtpx:hr>143</gpxtpx:hr></gpxtpx:TrackPointExtension></extensions></trkpt>
  <trkpt lat="52.5240669" lon="13.4194107"><ele>41.4</ele><time>2025-09-21T08:00:15Z</time><extensions><gpxtpx:TrackPointExtension><gpxtpx:hr>143</gpxtpx:hr></gpxtpx:TrackPointExtension></extensions></trkpt>
  <trkpt lat="52.5239469" lon="13.4192845"><ele>41.4</ele><time>2025-09-21T08:00:20Z</time><extensions><gpxtpx:TrackPointExtension><gpxtpx:hr>143</gpxtpx:hr></gpxtpx:TrackPointExtension></extensions></trkpt>
  <trkpt lat="52.5238413" lon="13.4191600"><ele>41.4</ele><time>2025-09-21T08:00:25Z</time><extensions><gpxtpx:TrackPointExtension><gpxtpx:hr>143</gpxtpx:hr></gpxtpx:TrackPointExtension></extensions></trkpt>
  <trkpt lat="52.5237289" lon="13.4190390"><ele>41.4</ele><time>2025-09-21T08:00:30Z</time><extensions><gpxtpx:TrackPointExtension><gpxtpx:hr>143</gpxtpx:hr></gpxtpx:TrackPointExtension></extensions></trkpt>
  <trkpt lat="52.5236097" lon="13.4189035"><ele>41.4</ele><time>2025-09-21T08:00:35Z</time><extensions><gpxtpx:TrackPointExtension><gpxtpx:hr>143</gpxtpx:hr></gpxtpx:TrackPointExtension></extensions></trkpt>
  <trkpt lat="52.5235028" lon="13.4187818"><ele>41.4</ele><time>2025-09-21T08:00:40Z</time><extensions><gpxtpx:TrackPointExtension><gpxtpx:hr>143</gpxtpx:hr></gpxtpx:TrackPointExtension></extensions></trkpt>
  <trkpt lat="52.5233883" lon="13.4186622"><ele>41.3</ele><time>2025-09-21T08:00:45Z</time><extensions><gpxtpx:TrackPointExtension><gpxtpx:hr>142</gpxtpx:hr></gpxtpx:TrackPointExtension></extensions></trkpt>
  <trkpt lat="52.5232782" lon="13.4185352"><ele>41.3</ele><time>2025-09-21T08:00:50Z</time><extensions><gpxtpx:TrackPointExtension><gpxtpx:hr>142</gpxtpx:hr></gpxtpx:TrackPointExtension></extensions></trkpt>
  <trkpt lat="52.5231607" lon="13.4184057"><ele>41.3</ele><time>2025-09-21T08:00:55Z</time><extensions><gpxtpx:TrackPointExtension><gpxtpx:hr>142</gpxtpx:hr></gpxtpx:TrackPointExtension></extensions></trkpt>
  <trkpt lat="52.5230513" lon="13.4182724"><ele>41.3</ele><time>2025-09-21T08:01:00Z</time><extensions><gpxtpx:TrackPointExtension><gpxtpx:hr>142</gpxtpx:hr></gpxtpx:TrackPointExtension></extensions></trkpt>
  <trkpt lat="52.5229458" lon="13.4181543"><ele>41.3</ele><time>2025-09-21T08:01:05Z</time><extensions><gpxtpx:TrackPointExtension><gpxtpx:hr>141</gpxtpx:hr></gpxtpx:TrackPointExtension></extensions></trkpt>
  <trkpt lat="52.5228308" lon="13.4180280"><ele>41.3</ele><time>2025-09-21T08:01:10Z</time><extensions><gpxtpx:TrackPointExtension><gpxtpx:hr>141</gpxtpx:hr></gpxtpx:TrackPointExtension></extensions></trkpt>
  <trkpt lat="52.5227152" lon="13.4179066"><ele>41.3</ele><time>2025-09-21T08:01:15Z</time><extensions><gpxtpx:TrackPointExtension><gpxtpx:hr>140</gpxtpx:hr></gpxtpx:TrackPointExtension></extensions></trkpt>
  <trkpt lat="52.5226057" lon="13.4177736"><ele>41.3</ele><time>2025-09-21T08:01:20Z</time><extensions><gpxtpx:TrackPointExtension><gpxtpx:hr>141</gpxtpx:hr></gpxtpx:TrackPointExtension></extensions></trkpt>
  <trkpt lat="52.5224900" lon="13.4176414"><ele>41.3</ele><time>2025-09-21T08:01:25Z</time><extensions><gpxtpx:TrackPointExtension><gpxtpx:hr>142</gpxtpx:hr></gpxtpx:TrackPointExtension></extensions></trkpt>
  <trkpt lat="52.5223833" lon="13.4175361"><ele>41.3</ele><time>2025-09-21T08:01:30Z</time><extensions><gpxtpx:TrackPointExtension><gpxtpx:hr>142</gpxtpx:hr></gpxtpx:TrackPointExtension></extensions></trkpt>
  <trkpt lat="52.5222744" lon="13.4175111"><ele>41.3</ele><time>2025-09-21T08:01:35Z</time><extensions><gpxtpx:TrackPointExtension><gpxtpx:hr>141</gpxtpx:hr></gpxtpx:TrackPointExtension></extensions></trkpt>
  <trkpt lat="52.5222093" lon="13.4176911"><ele>41.2</ele><time>2025-09-21T08:01:40Z</time><extensions><gpxtpx:TrackPointExtension><gpxtpx:hr>142</gpxtpx:hr></gpxtpx:TrackPointExtension></extensions></trkpt>
  <trkpt lat="52.5221243" lon="13.4178840"><ele>41.2</ele><time>2025-09-21T08:01:45Z</time><extensions><gpxtpx:TrackPointExtension><gpxtpx:hr>142</gpxtpx:hr></gpxtpx:TrackPointExtension></extensions></trkpt>
  <trkpt lat="52.5220597" lon="13.4180758"><ele>41.2</ele><time>2025-09-21T08:01:50Z</time><extensions><gpxtpx:TrackPointExtension><gpxtpx:hr>143</gpxtpx:hr></gpxtpx:TrackPointExtension></extensions></trkpt>
  <trkpt lat="52.5219732" lon="13.4182635"><ele>41.2</ele><time>2025-09-21T08:01:55Z</time><extensions><gpxtpx:TrackPointExtension><gpxtpx:hr>143</gpxtpx:hr></gpxtpx:TrackPointExtension></extensions></trkpt>
  <trkpt lat="52.5218720" lon="13.4182266"><ele>41.2</ele><time>2025-09-21T08:02:00Z</time><extensions><gpxtpx:TrackPointExtension><gpxtpx:hr>143</gpxtpx:hr></gpxtpx:TrackPointExtension></extensions></trkpt>
  <trkpt lat="52.5217868" lon="13.4182785"><ele>41.2</ele><time>2025-09-21T08:02:05Z</time><extensions><gpxtpx:TrackPointExtension><gpxtpx:hr>143</gpxtpx:hr></gpxtpx:TrackPointExtension></extensions></trkpt>
  <trkpt lat="52.5217258" lon="13.4184688"><ele>41.2</ele><time>2025-09-21T08:02:10Z</time><extensions><gpxtpx:TrackPointExtension><gpxtpx:hr>142</gpxtpx:hr></gpxtpx:TrackPointExtension></extensions></trkpt>
  <trkpt lat="52.5216720" lon="13.4186696"><ele>41.2</ele><time>2025-09-21T08:02:15Z</time><extensions><gpxtpx:TrackPointExtension><gpxtpx:hr>143</gpxtpx:hr></gpxtpx:TrackPointExtension></extensions></trkpt>
  <trkpt lat="52.5216137" lon="13.4188712"><ele>41.2</ele><time>2025-09-21T08:02:20Z</time><extensions><gpxtpx:TrackPointExtension><gpxtpx:hr>143</gpxtpx:hr></gpxtpx:TrackPointExtension></extensions></trkpt>
  <trkpt lat="52.5215528" lon="13.4190672"><ele>41.1</ele><time>2025-09-21T08:02:25Z</time><extensions><gpxtpx:TrackPointExtension><gpxtpx:hr>143</gpxtpx:hr></gpxtpx:TrackPointExtension></extensions></trkpt>
  <trkpt lat="52.5214859" lon="13.4192675"><ele>41.1</ele><time>2025-09-21T08:02:30Z</time><extensions><gpxtpx:TrackPointExtension><gpxtpx:hr>142</gpxtpx:hr></gpxtpx:TrackPointExtension></extensions></trkpt>
  <trkpt lat="52.5214304" lon="13.4194749"><ele>41.1</ele><time>2025-09-21T08:02:35Z</time><extensions><gpxtpx:TrackPointExtension><gpxtpx:hr>142</gpxtpx:hr></gpxtpx:TrackPointExtension></extensions></trkpt>
  <trkpt lat="52.5213732" lon="13.4196660"><ele>41.1</ele><time>2025-09-21T08:02:40Z</time><extensions><gpxtpx:TrackPointExtension><gpxtpx:hr>143</gpxtpx:hr></gpxtpx:TrackPointExtension></extensions></trkpt>
  <trkpt lat="52.5213118" lon="13.4198831"><ele>41.1</ele><time>2025-09-21T08:02:45Z</time><extensions><gpxtpx:TrackPointExtension><gpxtpx:hr>142</gpxtpx:hr></gpxtpx:TrackPointExtension></extensions></trkpt>
  <trkpt lat="52.5212537" lon="13.4200590"><ele>41.1</ele><time>2025-09-21T08:02:50Z</time><extensions><gpxtpx:TrackPointExtension><gpxtpx:hr>143</gpxtpx:hr></gpxtpx:TrackPointExtension></extensions></trkpt>
  <trkpt lat="52.5211927" lon="13.4202700"><ele>41.1</ele><time>2025-09-21T08:02:55Z</time><extensions><gpxtpx:TrackPointExtension><gpxtpx:hr>143</gpxtpx:hr></gpxtpx:TrackPointExtension></extensions></trkpt>
  <trkpt lat="52.5211338" lon="13.4204596"><ele>41.1</ele><time>2025-09-21T08:03:00Z</time><extensions><gpxtpx:TrackPointExtension><gpxtpx:hr>143</gpxtpx:hr></gpxtpx:TrackPointExtension></extensions></trkpt>
  <trkpt lat="52.5210767" lon="13.4206662"><ele>41.1</ele><time>2025-09-21T08:03:05Z</time><extensions><gpxtpx:TrackPointExtension><gpxtpx:hr>142</gpxtpx:hr></gpxtpx:TrackPointExtension></extensions></trkpt>
  <trkpt lat="52.5210127" lon="13.4208693"><ele>41.1</ele><time>2025-09-21T08:03:10Z</time><extensions><gpxtpx:TrackPointExtension><gpxtpx:hr>141</gpxtpx:hr></gpxtpx:TrackPointExtension></extensions></trkpt>
  <trkpt lat="52.5209630" lon="13.4210652"><ele>41.0</ele><time>2025-09-21T08:03:15Z</time><extensions><gpxtpx:TrackPointExtension><gpxtpx:hr>141</gpxtpx:hr></gpxtpx:TrackPointExtension></extensions></trkpt>
  <trkpt lat="52.5209014" lon="13.4212700"><ele>41.0</ele><time>2025-09-21T08:03:20Z</time><extensions><gpxtpx:TrackPointExtension><gpxtpx:hr>141</gpxtpx:hr></gpxtpx:TrackPointExtension></extensions></trkpt>
  <trkpt lat="52.5208408" lon="13.4214775"><ele>41.0</ele><time>2025-09-21T08:03:25Z</time><extensions><gpxtpx:TrackPointExtension><gpxtpx:hr>142</gpxtpx:hr></gpxtpx:TrackPointExtension></extensions></trkpt>
  <trkpt lat="52.5207769" lon="13.4216677"><ele>41.0</ele><time>2025-09-21T08:03:30Z</time><extensions><gpxtpx:TrackPointExtension><gpxtpx:hr>142</gpxtpx:hr></gpxtpx:TrackPointExtension></extensions></trkpt>
  <trkpt lat="52.5207221" lon="13.4218650"><ele>41.0</ele><time>2025-09-21T08:03:35Z</time><extensions><gpxtpx:TrackPointExtension><gpxtpx:hr>142</gpxtpx:hr></gpxtpx:TrackPointExtension></extensions></trkpt>
  <trkpt lat="52.5206586" lon="13.4220683"><ele>41.0</ele><time>2025-09-21T08:03:40Z</time><extensions><gpxtpx:TrackPointExtension><gpxtpx:hr>143</gpxtpx:hr></gpxtpx:TrackPointExtension></extensions></trkpt>
  <trkpt lat="52.5205511" lon="13.4221825"><ele>41.0</ele><time>2025-09-21T08:03:45Z</time><extensions><gpxtpx:TrackPointExtension><gpxtpx:hr>143</gpxtpx:hr></gpxtpx:TrackPointExtension></extensions></trkpt>
  <trkpt lat="52.5204752" lon="13.4223444"><ele>41.0</ele><time>2025-09-21T08:03:50Z</time><extensions><gpxtpx:TrackPointExtension><gpxtpx:hr>142</gpxtpx:hr></gpxtpx:TrackPointExtension></extensions></trkpt>
  <trkpt lat="52.5204153" lon="13.4225593"><ele>40.9</ele><time>2025-09-21T08:03:55Z</time><extensions><gpxtpx:TrackPointExtension><gpxtpx:hr>142</gpxtpx:hr></gpxtpx:TrackPointExtension></extensions></trkpt>
  <trkpt lat="52.5203576" lon="13.4227484"><ele>40.9</ele><time>2025-09-21T08:04:00Z</time><extensions><gpxtpx:TrackPointExtension><gpxtpx:hr>142</gpxtpx:hr></gpxtpx:TrackPointExtension></extensions></trkpt>
  <trkpt lat="52.5203017" lon="13.4229514"><ele>40.9</ele><time>2025-09-21T08:04:05Z</time><extensions><gpxtpx:TrackPointExtension><gpxtpx:hr>141</gpxtpx:hr></gpxtpx:TrackPointExtension></extensions></trkpt>
  <trkpt lat="52.5202390" lon="13.4231422"><ele>40.9</ele><time>2025-09-21T08:04:10Z</time><extensions><gpxtpx:TrackPointExtension><gpxtpx:hr>141</gpxtpx:hr></gpxtpx:TrackPointExtension></extensions></trkpt>
  <trkpt lat="52.5202541" lon="13.4233094"><ele>40.9</ele><time>2025-09-21T08:04:15Z</time><extensions><gpxtpx:TrackPointExtension><gpxtpx:hr>140</gpxtpx:hr></gpxtpx:TrackPointExtension></extensions></trkpt>
  <trkpt lat="52.5201964" lon="13.4235059"><ele>40.9</ele><time>2025-09-21T08:04:20Z</time><extensions><gpxtpx:TrackPointExtension><gpxtpx:hr>141</gpxtpx:hr></gpxtpx:TrackPointExtension></extensions></trkpt>
  <trkpt lat="52.5201320" lon="13.4236936"><ele>40.9</ele><time>2025-09-21T08:04:25Z</time><extensions><gpxtpx:TrackPointExtension><gpxtpx:hr>142</gpxtpx:hr></gpxtpx:TrackPointExtension></extensions></trkpt>
  <trkpt lat="52.5200762" lon="13.4239055"><ele>40.9</ele><time>2025-09-21T08:04:30Z</time><extensions><gpxtpx:TrackPointExtension><gpxtpx:hr>143</gpxtpx:hr></gpxtpx:TrackPointExtension></extensions></trkpt>
  <trkpt lat="52.5200088" lon="13.4240998"><ele>40.9</ele><time>2025-09-21T08:04:35Z</time><extensions><gpxtpx:TrackPointExtension><gpxtpx:hr>142</gpxtpx:hr></gpxtpx:TrackPointExtension></extensions></trkpt>
  <trkpt lat="52.5199554" lon="13.4243009"><ele>40.8</ele><time>2025-09-21T08:04:40Z</time><extensions><gpxtpx:TrackPointExtension><gpxtpx:hr>141</gpxtpx:hr></gpxtpx:TrackPointExtension></extensions></trkpt>
  <trkpt lat="52.5198958" lon="13.4245008"><ele>40.8</ele><time>2025-09-21T08:04:45Z</time><extensions><gpxtpx:TrackPointExtension><gpxtpx:hr>142</gpxtpx:hr></gpxtpx:TrackPointExtension></extensions></trkpt>
  <trkpt lat="52.5198288" lon="13.4246961"><ele>40.8</ele><time>2025-09-21T08:04:50Z</time><extensions><gpxtpx:TrackPointExtension><gpxtpx:hr>142</gpxtpx:hr></gpxtpx:TrackPointExtension></extensions></trkpt>
  <trkpt lat="52.5197702" lon="13.4249097"><ele>40.8</ele><time>2025-09-21T08:04:55Z</time><extensions><gpxtpx:TrackPointExtension><gpxtpx:hr>142</gpxtpx:hr></gpxtpx:TrackPointExtension></extensions></trkpt>
  <trkpt lat="52.5197190" lon="13.4251056"><ele>40.8</ele><time>2025-09-21T08:05:00Z</time><extensions><gpxtpx:TrackPointExtension><gpxtpx:hr>143</gpxtpx:hr></gpxtpx:TrackPointExtension></extensions></trkpt>
  <trkpt lat="52.5196534" lon="13.4253011"><ele>40.8</ele><time>2025-09-21T08:05:05Z</time><extensions><gpxtpx:TrackPointExtension><gpxtpx:hr>143</gpxtpx:hr></gpxtpx:TrackPointExtension></extensions></trkpt>
  <trkpt lat="52.5195897" lon="13.4255007"><ele>40.8</ele><time>2025-09-21T08:05:10Z</time><extensions><gpxtpx:TrackPointExtension><gpxtpx:hr>143</gpxtpx:hr></gpxtpx:TrackPointExtension></extensions></trkpt>
  <trkpt lat="52.5195313" lon="13.4256905"><ele>40.8</ele><time>2025-09-21T08:05:15Z</time><extensions><gpxtpx:TrackPointExtension><gpxtpx:hr>142</gpxtpx:hr></gpxtpx:TrackPointExtension></extensions></trkpt>
  <trkpt lat="52.5194636" lon="13.4258878"><ele>40.7</ele><time>2025-09-21T08:05:20Z</time><extensions><gpxtpx:TrackPointExtension><gpxtpx:hr>143</gpxtpx:hr></gpxtpx:TrackPointExtension></extensions></trkpt>
  <trkpt lat="52.5193977" lon="13.4260804"><ele>40.7</ele><time>2025-09-21T08:05:25Z</time><extensions><gpxtpx:TrackPointExtension><gpxtpx:hr>143</gpxtpx:hr></gpxtpx:TrackPointExtension></extensions></trkpt>
  <trkpt lat="52.5193313" lon="13.4262668"><ele>40.7</ele><time>2025-09-21T08:05:30Z</time><extensions><gpxtpx:TrackPointExtension><gpxtpx:hr>142</gpxtpx:hr></gpxtpx:TrackPointExtension></extensions></trkpt>
  <trkpt lat="52.5192621" lon="13.4264646"><ele>40.7</ele><time>2025-09-21T08:05:35Z</time><extensions><gpxtpx:TrackPointExtension><gpxtpx:hr>141</gpxtpx:hr></gpxtpx:TrackPointExtension></extensions></trkpt>
  <trkpt lat="52.5192097" lon="13.4266582"><ele>40.7</ele><time>2025-09-21T08:05:40Z</time><extensions><gpxtpx:TrackPointExtension><gpxtpx:hr>140</gpxtpx:hr></gpxtpx:TrackPointExtension></extensions></trkpt>
  <trkpt lat="52.5191501" lon="13.4268674"><ele>40.7</ele><time>2025-09-21T08:05:45Z</time><extensions><gpxtpx:TrackPointExtension><gpxtpx:hr>141</gpxtpx:hr></gpxtpx:TrackPointExtension></extensions></trkpt>
  <trkpt lat="52.5190938" lon="13.4270669"><ele>40.7</ele><time>2025-09-21T08:05:50Z</time><extensions><gpxtpx:TrackPointExtension><gpxtpx:hr>140</gpxtpx:hr></gpxtpx:TrackPointExtension></extensions></trkpt>
  <trkpt lat="52.5190455" lon="13.4272870"><ele>40.7</ele><time>2025-09-21T08:05:55Z</time><extensions><gpxtpx:TrackPointExtension><gpxtpx:hr>140</gpxtpx:hr></gpxtpx:TrackPointExtension></extensions></trkpt>
  <trkpt lat="52.5190282" lon="13.4275040"><ele>40.6</ele><time>2025-09-21T08:06:00Z</time><extensions><gpxtpx:TrackPointExtension><gpxtpx:hr>140</gpxtpx:hr></gpxtpx:TrackPointExtension></extensions></trkpt>
  <trkpt lat="52.5190287" lon="13.4277147"><ele>40.6</ele><time>2025-09-21T08:06:05Z</time><extensions><gpxtpx:TrackPointExtension><gpxtpx:hr>140</gpxtpx:hr></gpxtpx:TrackPointExtension></extensions></trkpt>
  <trkpt lat="52.5190525" lon="13.4279388"><ele>40.6</ele><time>2025-09-21T08:06:10Z</time><extensions><gpxtpx:TrackPointExtension><gpxtpx:hr>141</gpxtpx:hr></gpxtpx:TrackPointExtension></extensions></trkpt>
  <trkpt lat="52.5191093" lon="13.4281382"><ele>40.6</ele><time>2025-09-21T08:06:15Z</time><extensions><gpxtpx:TrackPointExtension><gpxtpx:hr>142</gpxtpx:hr></gpxtpx:TrackPointExtension></extensions></trkpt>
  <trkpt lat="52.5190659" lon="13.4283449"><ele>40.6</ele><time>2025-09-21T08:06:20Z</time><extensions><gpxtpx:TrackPointExtension><gpxtpx:hr>141</gpxtpx:hr></gpxtpx:TrackPointExtension></extensions></trkpt>
  <trkpt lat="52.5190144" lon="13.4285559"><ele>40.6</ele><time>2025-09-21T08:06:25Z</time><extensions><gpxtpx:TrackPointExtension><gpxtpx:hr>141</gpxtpx:hr></gpxtpx:TrackPointExtension></extensions></trkpt>
  <trkpt lat="52.5189776" lon="13.4287654"><ele>40.6</ele><time>2025-09-21T08:06:30Z</time><extensions><gpxtpx:TrackPointExtension><gpxtpx:hr>141</gpxtpx:hr></gpxtpx:TrackPointExtension></extensions></trkpt>
  <trkpt lat="52.5189215" lon="13.4289396"><ele>40.5</ele><time>2025-09-21T08:06:35Z</time><extensions><gpxtpx:TrackPointExtension><gpxtpx:hr>141</gpxtpx:hr></gpxtpx:TrackPointExtension></extensions></trkpt>
  <trkpt lat="52.5188044" lon="13.4290588"><ele>40.5</ele><time>2025-09-21T08:06:40Z</time><extensions><gpxtpx:TrackPointExtension><gpxtpx:hr>141</gpxtpx:hr></gpxtpx:TrackPointExtension></extensions></trkpt>
  <trkpt lat="52.5187115" lon="13.4292259"><ele>40.5</ele><time>2025-09-21T08:06:45Z</time><extensions><gpxtpx:TrackPointExtension><gpxtpx:hr>142</gpxtpx:hr></gpxtpx:TrackPointExtension></extensions></trkpt>
  <trkpt lat="52.5186827" lon="13.4294508"><ele>40.5</ele><time>2025-09-21T08:06:50Z</time><extensions><gpxtpx:TrackPointExtension><gpxtpx:hr>142</gpxtpx:hr></gpxtpx:TrackPointExtension></extensions></trkpt>
  <trkpt lat="52.5186642" lon="13.4296609"><ele>40.5</ele><time>2025-09-21T08:06:55Z</time><extensions><gpxtpx:TrackPointExtension><gpxtpx:hr>142</gpxtpx:hr></gpxtpx:TrackPointExtension></extensions></trkpt>
  <trkpt lat="52.5186354" lon="13.4298776"><ele>40.5</ele><time>2025-09-21T08:07:00Z</time><extensions><gpxtpx:TrackPointExtension><gpxtpx:hr>142</gpxtpx:hr></gpxtpx:TrackPointExtension></extensions></trkpt>
  <trkpt lat="52.5186187" lon="13.4300905"><ele>40.5</ele><time>2025-09-21T08:07:05Z</time><extensions><gpxtpx:TrackPointExtension><gpxtpx:hr>143</gpxtpx:hr></gpxtpx:TrackPointExtension></extensions></trkpt>
  <trkpt lat="52.5186040" lon="13.4303155"><ele>40.5</ele><time>2025-09-21T08:07:10Z</time><extensions><gpxtpx:TrackPointExtension><gpxtpx:hr>143</gpxtpx:hr></gpxtpx:TrackPointExtension></extensions></trkpt>
  <trkpt lat="52.5185736" lon="13.4305333"><ele>40.4</ele><time>2025-09-21T08:07:15Z</time><extensions><gpxtpx:TrackPointExtension><gpxtpx:hr>144</gpxtpx:hr></gpxtpx:TrackPointExtension></extensions></trkpt>
  <trkpt lat="52.5185507" lon="13.4307622"><ele>40.4</ele><time>2025-09-21T08:07:20Z</time><extensions><gpxtpx:TrackPointExtension><gpxtpx:hr>144</gpxtpx:hr></gpxtpx:TrackPointExtension></extensions></trkpt>
  <trkpt lat="52.5185229" lon="13.4309814"><ele>40.4</ele><time>2025-09-21T08:07:25Z</time><extensions><gpxtpx:TrackPointExtension><gpxtpx:hr>144</gpxtpx:hr></gpxtpx:TrackPointExtension></extensions></trkpt>
  <trkpt lat="52.5184991" lon="13.4311967"><ele>40.4</ele><time>2025-09-21T08:07:30Z</time><extensions><gpxtpx:TrackPointExtension><gpxtpx:hr>144</gpxtpx:hr></gpxtpx:TrackPointExtension></extensions></trkpt>
  <trkpt lat="52.5184804" lon="13.4314167"><ele>40.4</ele><time>2025-09-21T08:07:35Z</time><extensions><gpxtpx:TrackPointExtension><gpxtpx:hr>144</gpxtpx:hr></gpxtpx:TrackPointExtension></extensions></trkpt>
  <trkpt lat="52.5184524" lon="13.4316324"><ele>40.4</ele><time>2025-09-21T08:07:40Z</time><extensions><gpxtpx:TrackPointExtension><gpxtpx:hr>143</gpxtpx:hr></gpxtpx:TrackPointExtension></extensions></trkpt>
  <trkpt lat="52.5184266" lon="13.4318526"><ele>40.4</ele><time>2025-09-21T08:07:45Z</time><extensions><gpxtpx:TrackPointExtension><gpxtpx:hr>143</gpxtpx:hr></gpxtpx:TrackPointExtension></extensions></trkpt>
  <trkpt lat="52.5184037" lon="13.4320726"><ele>40.3</ele><time>2025-09-21T08:07:50Z</time><extensions><gpxtpx:TrackPointExtension><gpxtpx:hr>142</gpxtpx:hr></gpxtpx:TrackPointExtension></extensions></trkpt>
  <trkpt lat="52.5183812" lon="13.4322810"><ele>40.3</ele><time>2025-09-21T08:07:55Z</time><extensions><gpxtpx:TrackPointExtension><gpxtpx:hr>142</gpxtpx:hr></gpxtpx:TrackPointExtension></extensions></trkpt>
  <trkpt lat="52.5183510" lon="13.4325044"><ele>40.3</ele><time>2025-09-21T08:08:00Z</time><extensions><gpxtpx:TrackPointExtension><gpxtpx:hr>141</gpxtpx:hr></gpxtpx:TrackPointExtension></extensions></trkpt>
  <trkpt lat="52.5183347" lon="13.4327257"><ele>40.3</ele><time>2025-09-21T08:08:05Z</time><extensions><gpxtpx:TrackPointExtension><gpxtpx:hr>141</gpxtpx:hr></gpxtpx:TrackPointExtension></extensions></trkpt>
  <trkpt lat="52.5182617" lon="13.4328228"><ele>40.3</ele><time>2025-09-21T08:08:10Z</time><extensions><gpxtpx:TrackPointExtension><gpxtpx:hr>142</gpxtpx:hr></gpxtpx:TrackPointExtension></extensions></trkpt>
  <trkpt lat="52.5181236" lon="13.4327906"><ele>40.3</ele><time>2025-09-21T08:08:15Z</time><extensions><gpxtpx:TrackPointExtension><gpxtpx:hr>143</gpxtpx:hr></gpxtpx:TrackPointExtension></extensions></trkpt>
  <trkpt lat="52.5180800" lon="13.4329423"><ele>40.3</ele><time>2025-09-21T08:08:20Z</time><extensions><gpxtpx:TrackPointExtension><gpxtpx:hr>143</gpxtpx:hr></gpxtpx:TrackPointExtension></extensions></trkpt>
  <trkpt lat="52.5180177" lon="13.4329510"><ele>40.2</ele><time>2025-09-21T08:08:25Z</time><extensions><gpxtpx:TrackPointExtension><gpxtpx:hr>143</gpxtpx:hr></gpxtpx:TrackPointExtension></extensions></trkpt>
  <trkpt lat="52.5180054" lon="13.4327562"><ele>40.2</ele><time>2025-09-21T08:08:30Z</time><extensions><gpxtpx:TrackPointExtension><gpxtpx:hr>143</gpxtpx:hr></gpxtpx:TrackPointExtension></extensions></trkpt>
  <trkpt lat="52.5178759" lon="13.4327176"><ele>40.2</ele><time>2025-09-21T08:08:35Z</time><extensions><gpxtpx:TrackPointExtension><gpxtpx:hr>143</gpxtpx:hr></gpxtpx:TrackPointExtension></extensions></trkpt>
  <trkpt lat="52.5177354" lon="13.4326787"><ele>40.2</ele><time>2025-09-21T08:08:40Z</time><extensions><gpxtpx:TrackPointExtension><gpxtpx:hr>142</gpxtpx:hr></gpxtpx:TrackPointExtension></extensions></trkpt>
  <trkpt lat="52.5176071" lon="13.4326331"><ele>40.2</ele><time>2025-09-21T08:08:45Z</time><extensions><gpxtpx:TrackPointExtension><gpxtpx:hr>142</gpxtpx:hr></gpxtpx:TrackPointExtension></extensions></trkpt>
  <trkpt lat="52.5174724" lon="13.4326131"><ele>40.2</ele><time>2025-09-21T08:08:50Z</time><extensions><gpxtpx:TrackPointExtension><gpxtpx:hr>142</gpxtpx:hr></gpxtpx:TrackPointExtension></extensions></trkpt>
  <trkpt lat="52.5173293" lon="13.4325558"><ele>40.2</ele><time>2025-09-21T08:08:55Z</time><extensions><gpxtpx:TrackPointExtension><gpxtpx:hr>143</gpxtpx:hr></gpxtpx:TrackPointExtension></extensions></trkpt>
  <trkpt lat="52.5172056" lon="13.4325671"><ele>40.1</ele><time>2025-09-21T08:09:00Z</time><extensions><gpxtpx:TrackPointExtension><gpxtpx:hr>143</gpxtpx:hr></gpxtpx:TrackPointExtension></extensions></trkpt>
  <trkpt lat="52.5170769" lon="13.4325102"><ele>40.1</ele><time>2025-09-21T08:09:05Z</time><extensions><gpxtpx:TrackPointExtension><gpxtpx:hr>144</gpxtpx:hr></gpxtpx:TrackPointExtension></extensions></trkpt>
  <trkpt lat="52.5169439" lon="13.4324730"><ele>40.1</ele><time>2025-09-21T08:09:10Z</time><extensions><gpxtpx:TrackPointExtension><gpxtpx:hr>144</gpxtpx:hr></gpxtpx:TrackPointExtension></extensions></trkpt>
  <trkpt lat="52.5168058" lon="13.4324251"><ele>40.1</ele><time>2025-09-21T08:09:15Z</time><extensions><gpxtpx:TrackPointExtension><gpxtpx:hr>145</gpxtpx:hr></gpxtpx:TrackPointExtension></extensions></trkpt>
  <trkpt lat="52.5166733" lon="13.4323621"><ele>40.1</ele><time>2025-09-21T08:09:20Z</time><extensions><gpxtpx:TrackPointExtension><gpxtpx:hr>145</gpxtpx:hr></gpxtpx:TrackPointExtension></extensions></trkpt>
  <trkpt lat="52.5165406" lon="13.4323287"><ele>40.1</ele><time>2025-09-21T08:09:25Z</time><extensions><gpxtpx:TrackPointExtension><gpxtpx:hr>144</gpxtpx:hr></gpxtpx:TrackPointExtension></extensions></trkpt>
  <trkpt lat="52.5164004" lon="13.4322845"><ele>40.0</ele><time>2025-09-21T08:09:30Z</time><extensions><gpxtpx:TrackPointExtension><gpxtpx:hr>144</gpxtpx:hr></gpxtpx:TrackPointExtension></extensions></trkpt>
  <trkpt lat="52.5162730" lon="13.4322360"><ele>40.0</ele><time>2025-09-21T08:09:35Z</time><extensions><gpxtpx:TrackPointExtension><gpxtpx:hr>144</gpxtpx:hr></gpxtpx:TrackPointExtension></extensions></trkpt>
  <trkpt lat="52.5161413" lon="13.4321775"><ele>40.0</ele><time>2025-09-21T08:09:40Z</time><extensions><gpxtpx:TrackPointExtension><gpxtpx:hr>143</gpxtpx:hr></gpxtpx:TrackPointExtension></extensions></trkpt>
  <trkpt lat="52.5160099" lon="13.4321274"><ele>40.0</ele><time>2025-09-21T08:09:45Z</time><extensions><gpxtpx:TrackPointExtension><gpxtpx:hr>143</gpxtpx:hr></gpxtpx:TrackPointExtension></extensions></trkpt>
  <trkpt lat="52.5158763" lon="13.4320916"><ele>40.0</ele><time>2025-09-21T08:09:50Z</time><extensions><gpxtpx:TrackPointExtension><gpxtpx:hr>143</gpxtpx:hr></gpxtpx:TrackPointExtension></extensions></trkpt>
  <trkpt lat="52.5157505" lon="13.4320367"><ele>40.0</ele><time>2025-09-21T08:09:55Z</time><extensions><gpxtpx:TrackPointExtension><gpxtpx:hr>143</gpxtpx:hr></gpxtpx:TrackPointExtension></extensions></trkpt>
  <trkpt lat="52.5156152" lon="13.4319930"><ele>40.0</ele><time>2025-09-21T08:10:00Z</time><extensions><gpxtpx:TrackPointExtension><gpxtpx:hr>143</gpxtpx:hr></gpxtpx:TrackPointExtension></extensions></trkpt>
  <trkpt lat="52.5154815" lon="13.4319488"><ele>39.9</ele><time>2025-09-21T08:10:05Z</time><extensions><gpxtpx:TrackPointExtension><gpxtpx:hr>143</gpxtpx:hr></gpxtpx:TrackPointExtension></extensions></trkpt>
  <trkpt lat="52.5153451" lon="13.4318918"><ele>39.9</ele><time>2025-09-21T08:10:10Z</time><extensions><gpxtpx:TrackPointExtension><gpxtpx:hr>143</gpxtpx:hr></gpxtpx:TrackPointExtension></extensions></trkpt>
  <trkpt lat="52.5152222" lon="13.4318072"><ele>39.9</ele><time>2025-09-21T08:10:15Z</time><extensions><gpxtpx:TrackPointExtension><gpxtpx:hr>142</gpxtpx:hr></gpxtpx:TrackPointExtension></extensions></trkpt>
  <trkpt lat="52.5150938" lon="13.4317406"><ele>39.9</ele><time>2025-09-21T08:10:20Z</time><extensions><gpxtpx:TrackPointExtension><gpxtpx:hr>141</gpxtpx:hr></gpxtpx:TrackPointExtension></extensions></trkpt>
  <trkpt lat="52.5150914" lon="13.4315809"><ele>39.9</ele><time>2025-09-21T08:10:25Z</time><extensions><gpxtpx:TrackPointExtension><gpxtpx:hr>140</gpxtpx:hr></gpxtpx:TrackPointExtension></extensions></trkpt>
  <trkpt lat="52.5151194" lon="13.4313572"><ele>39.9</ele><time>2025-09-21T08:10:30Z</time><extensions><gpxtpx:TrackPointExtension><gpxtpx:hr>141</gpxtpx:hr></gpxtpx:TrackPointExtension></extensions></trkpt>
  <trkpt lat="52.5151389" lon="13.4311336"><ele>39.8</ele><time>2025-09-21T08:10:35Z</time><extensions><gpxtpx:TrackPointExtension><gpxtpx:hr>141</gpxtpx:hr></gpxtpx:TrackPointExtension></extensions></trkpt>
  <trkpt lat="52.5151596" lon="13.4309247"><ele>39.8</ele><time>2025-09-21T08:10:40Z</time><extensions><gpxtpx:TrackPointExtension><gpxtpx:hr>142</gpxtpx:hr></gpxtpx:TrackPointExtension></extensions></trkpt>
  <trkpt lat="52.5150170" lon="13.4308948"><ele>39.8</ele><time>2025-09-21T08:10:45Z</time><extensions><gpxtpx:TrackPointExtension><gpxtpx:hr>142</gpxtpx:hr></gpxtpx:TrackPointExtension></extensions></trkpt>
  <trkpt lat="52.5148940" lon="13.4308571"><ele>39.8</ele><time>2025-09-21T08:10:50Z</time><extensions><gpxtpx:TrackPointExtension><gpxtpx:hr>141</gpxtpx:hr></gpxtpx:TrackPointExtension></extensions></trkpt>
  <trkpt lat="52.5147584" lon="13.4307941"><ele>39.8</ele><time>2025-09-21T08:10:55Z</time><extensions><gpxtpx:TrackPointExtension><gpxtpx:hr>141</gpxtpx:hr></gpxtpx:TrackPointExtension></extensions></trkpt>
  <trkpt lat="52.5146269" lon="13.4307635"><ele>39.8</ele><time>2025-09-21T08:11:00Z</time><extensions><gpxtpx:TrackPointExtension><gpxtpx:hr>141</gpxtpx:hr></gpxtpx:TrackPointExtension></extensions></trkpt>
  <trkpt lat="52.5145995" lon="13.4305888"><ele>39.8</ele><time>2025-09-21T08:11:05Z</time><extensions><gpxtpx:TrackPointExtension><gpxtpx:hr>142</gpxtpx:hr></gpxtpx:TrackPointExtension></extensions></trkpt>
  <trkpt lat="52.5145285" lon="13.4304176"><ele>39.7</ele><time>2025-09-21T08:11:10Z</time><extensions><gpxtpx:TrackPointExtension><gpxtpx:hr>141</gpxtpx:hr></gpxtpx:TrackPointExtension></extensions></trkpt>
  <trkpt lat="52.5144433" lon="13.4302541"><ele>39.7</ele><time>2025-09-21T08:11:15Z</time><extensions><gpxtpx:TrackPointExtension><gpxtpx:hr>141</gpxtpx:hr></gpxtpx:TrackPointExtension></extensions></trkpt>
  <trkpt lat="52.5143290" lon="13.4301021"><ele>39.7</ele><time>2025-09-21T08:11:20Z</time><extensions><gpxtpx:TrackPointExtension><gpxtpx:hr>141</gpxtpx:hr></gpxtpx:TrackPointExtension></extensions></trkpt>
  <trkpt lat="52.5142416" lon="13.4299396"><ele>39.7</ele><time>2025-09-21T08:11:25Z</time><extensions><gpxtpx:TrackPointExtension><gpxtpx:hr>141</gpxtpx:hr></gpxtpx:TrackPointExtension></extensions></trkpt>
  <trkpt lat="52.5141424" lon="13.4298004"><ele>39.7</ele><time>2025-09-21T08:11:30Z</time><extensions><gpxtpx:TrackPointExtension><gpxtpx:hr>140</gpxtpx:hr></gpxtpx:TrackPointExtension></extensions></trkpt>
  <trkpt lat="52.5140139" lon="13.4297140"><ele>39.7</ele><time>2025-09-21T08:11:35Z</time><extensions><gpxtpx:TrackPointExtension><gpxtpx:hr>141</gpxtpx:hr></gpxtpx:TrackPointExtension></extensions></trkpt>
  <trkpt lat="52.5138879" lon="13.4296637"><ele>39.6</ele><time>2025-09-21T08:11:40Z</time><extensions><gpxtpx:TrackPointExtension><gpxtpx:hr>140</gpxtpx:hr></gpxtpx:TrackPointExtension></extensions></trkpt>
  <trkpt lat="52.5137534" lon="13.4296098"><ele>39.6</ele><time>2025-09-21T08:11:45Z</time><extensions><gpxtpx:TrackPointExtension><gpxtpx:hr>139</gpxtpx:hr></gpxtpx:TrackPointExtension></extensions></trkpt>
  <trkpt lat="52.5137447" lon="13.4294172"><ele>39.6</ele><time>2025-09-21T08:11:50Z</time><extensions><gpxtpx:TrackPointExtension><gpxtpx:hr>139</gpxtpx:hr></gpxtpx:TrackPointExtension></extensions></trkpt>
  <trkpt lat="52.5137730" lon="13.4292061"><ele>39.6</ele><time>2025-09-21T08:11:55Z</time><extensions><gpxtpx:TrackPointExtension><gpxtpx:hr>140</gpxtpx:hr></gpxtpx:TrackPointExtension></extensions></trkpt>
  <trkpt lat="52.5137989" lon="13.4289803"><ele>39.6</ele><time>2025-09-21T08:12:00Z</time><extensions><gpxtpx:TrackPointExtension><gpxtpx:hr>139</gpxtpx:hr></gpxtpx:TrackPointExtension></extensions></trkpt>
  <trkpt lat="52.5138354" lon="13.4287806"><ele>39.6</ele><time>2025-09-21T08:12:05Z</time><extensions><gpxtpx:TrackPointExtension><gpxtpx:hr>139</gpxtpx:hr></gpxtpx:TrackPointExtension></extensions></trkpt>
  <trkpt lat="52.5138705" lon="13.4285451"><ele>39.5</ele><time>2025-09-21T08:12:10Z</time><extensions><gpxtpx:TrackPointExtension><gpxtpx:hr>139</gpxtpx:hr></gpxtpx:TrackPointExtension></extensions></trkpt>
  <trkpt lat="52.5138856" lon="13.4283406"><ele>39.5</ele><time>2025-09-21T08:12:15Z</time><extensions><gpxtpx:TrackPointExtension><gpxtpx:hr>139</gpxtpx:hr></gpxtpx:TrackPointExtension></extensions></trkpt>
  <trkpt lat="52.5139224" lon="13.4281190"><ele>39.5</ele><time>2025-09-21T08:12:20Z</time><extensions><gpxtpx:TrackPointExtension><gpxtpx:hr>138</gpxtpx:hr></gpxtpx:TrackPointExtension></extensions></trkpt>
  <trkpt lat="52.5138711" lon="13.4279785"><ele>39.5</ele><time>2025-09-21T08:12:25Z</time><extensions><gpxtpx:TrackPointExtension><gpxtpx:hr>139</gpxtpx:hr></gpxtpx:TrackPointExtension></extensions></trkpt>
  <trkpt lat="52.5137423" lon="13.4279099"><ele>39.5</ele><time>2025-09-21T08:12:30Z</time><extensions><gpxtpx:TrackPointExtension><gpxtpx:hr>140</gpxtpx:hr></gpxtpx:TrackPointExtension></extensions></trkpt>
  <trkpt lat="52.5136085" lon="13.4278231"><ele>39.5</ele><time>2025-09-21T08:12:35Z</time><extensions><gpxtpx:TrackPointExtension><gpxtpx:hr>141</gpxtpx:hr></gpxtpx:TrackPointExtension></extensions></trkpt>
  <trkpt lat="52.5134816" lon="13.4277605"><ele>39.4</ele><time>2025-09-21T08:12:40Z</time><extensions><gpxtpx:TrackPointExtension><gpxtpx:hr>142</gpxtpx:hr></gpxtpx:TrackPointExtension></extensions></trkpt>
  <trkpt lat="52.5133549" lon="13.4276754"><ele>39.4</ele><time>2025-09-21T08:12:45Z</time><extensions><gpxtpx:TrackPointExtension><gpxtpx:hr>141</gpxtpx:hr></gpxtpx:TrackPointExtension></extensions></trkpt>
  <trkpt lat="52.5132485" lon="13.4275858"><ele>39.4</ele><time>2025-09-21T08:12:50Z</time><extensions><gpxtpx:TrackPointExtension><gpxtpx:hr>141</gpxtpx:hr></gpxtpx:TrackPointExtension></extensions></trkpt>
  <trkpt lat="52.5131549" lon="13.4274898"><ele>39.4</ele><time>2025-09-21T08:12:55Z</time><extensions><gpxtpx:TrackPointExtension><gpxtpx:hr>141</gpxtpx:hr></gpxtpx:TrackPointExtension></extensions></trkpt>
  <trkpt lat="52.5130174" lon="13.4274584"><ele>39.4</ele><time>2025-09-21T08:13:00Z</time><extensions><gpxtpx:TrackPointExtension><gpxtpx:hr>141</gpxtpx:hr></gpxtpx:TrackPointExtension></extensions></trkpt>
  <trkpt lat="52.5128851" lon="13.4274108"><ele>39.4</ele><time>2025-09-21T08:13:05Z</time><extensions><gpxtpx:TrackPointExtension><gpxtpx:hr>142</gpxtpx:hr></gpxtpx:TrackPointExtension></extensions></trkpt>
  <trkpt lat="52.5127484" lon="13.4273730"><ele>39.3</ele><time>2025-09-21T08:13:10Z</time><extensions><gpxtpx:TrackPointExtension><gpxtpx:hr>142</gpxtpx:hr></gpxtpx:TrackPointExtension></extensions></trkpt>
  <trkpt lat="52.5126206" lon="13.4273247"><ele>39.3</ele><time>2025-09-21T08:13:15Z</time><extensions><gpxtpx:TrackPointExtension><gpxtpx:hr>142</gpxtpx:hr></gpxtpx:TrackPointExtension></extensions></trkpt>
  <trkpt lat="52.5124930" lon="13.4272937"><ele>39.3</ele><time>2025-09-21T08:13:20Z</time><extensions><gpxtpx:TrackPointExtension><gpxtpx:hr>142</gpxtpx:hr></gpxtpx:TrackPointExtension></extensions></trkpt>
  <trkpt lat="52.5123449" lon="13.4272475"><ele>39.3</ele><time>2025-09-21T08:13:25Z</time><extensions><gpxtpx:TrackPointExtension><gpxtpx:hr>143</gpxtpx:hr></gpxtpx:TrackPointExtension></extensions></trkpt>
  <trkpt lat="52.5122163" lon="13.4272203"><ele>39.3</ele><time>2025-09-21T08:13:30Z</time><extensions><gpxtpx:TrackPointExtension><gpxtpx:hr>142</gpxtpx:hr></gpxtpx:TrackPointExtension></extensions></trkpt>
  <trkpt lat="52.5120817" lon="13.4271844"><ele>39.3</ele><time>2025-09-21T08:13:35Z</time><extensions><gpxtpx:TrackPointExtension><gpxtpx:hr>142</gpxtpx:hr></gpxtpx:TrackPointExtension></extensions></trkpt>
  <trkpt lat="52.5119474" lon="13.4271317"><ele>39.2</ele><time>2025-09-21T08:13:40Z</time><extensions><gpxtpx:TrackPointExtension><gpxtpx:hr>142</gpxtpx:hr></gpxtpx:TrackPointExtension></extensions></trkpt>
  <trkpt lat="52.5118188" lon="13.4270686"><ele>39.2</ele><time>2025-09-21T08:13:45Z</time><extensions><gpxtpx:TrackPointExtension><gpxtpx:hr>142</gpxtpx:hr></gpxtpx:TrackPointExtension></extensions></trkpt>
  <trkpt lat="52.5117151" lon="13.4269186"><ele>39.2</ele><time>2025-09-21T08:13:50Z</time><extensions><gpxtpx:TrackPointExtension><gpxtpx:hr>143</gpxtpx:hr></gpxtpx:TrackPointExtension></extensions></trkpt>
  <trkpt lat="52.5117616" lon="13.4267517"><ele>39.2</ele><time>2025-09-21T08:13:55Z</time><extensions><gpxtpx:TrackPointExtension><gpxtpx:hr>142</gpxtpx:hr></gpxtpx:TrackPointExtension></extensions></trkpt>
  <trkpt lat="52.5118494" lon="13.4265900"><ele>39.2</ele><time>2025-09-21T08:14:00Z</time><extensions><gpxtpx:TrackPointExtension><gpxtpx:hr>142</gpxtpx:hr></gpxtpx:TrackPointExtension></extensions></trkpt>
  <trkpt lat="52.5119391" lon="13.4264246"><ele>39.2</ele><time>2025-09-21T08:14:05Z</time><extensions><gpxtpx:TrackPointExtension><gpxtpx:hr>143</gpxtpx:hr></gpxtpx:TrackPointExtension></extensions></trkpt>
  <trkpt lat="52.5119134" lon="13.4262772"><ele>39.1</ele><time>2025-09-21T08:14:10Z</time><extensions><gpxtpx:TrackPointExtension><gpxtpx:hr>142</gpxtpx:hr></gpxtpx:TrackPointExtension></extensions></trkpt>
  <trkpt lat="52.5119971" lon="13.4260982"><ele>39.1</ele><time>2025-09-21T08:14:15Z</time><extensions><gpxtpx:TrackPointExtension><gpxtpx:hr>141</gpxtpx:hr></gpxtpx:TrackPointExtension></extensions></trkpt>
  <trkpt lat="52.5120901" lon="13.4259270"><ele>39.1</ele><time>2025-09-21T08:14:20Z</time><extensions><gpxtpx:TrackPointExtension><gpxtpx:hr>140</gpxtpx:hr></gpxtpx:TrackPointExtension></extensions></trkpt>
  <trkpt lat="52.5121814" lon="13.4257696"><ele>39.1</ele><time>2025-09-21T08:14:25Z</time><extensions><gpxtpx:TrackPointExtension><gpxtpx:hr>140</gpxtpx:hr></gpxtpx:TrackPointExtension></extensions></trkpt>
  <trkpt lat="52.5122830" lon="13.4256200"><ele>39.1</ele><time>2025-09-21T08:14:30Z</time><extensions><gpxtpx:TrackPointExtension><gpxtpx:hr>141</gpxtpx:hr></gpxtpx:TrackPointExtension></extensions></trkpt>
  <trkpt lat="52.5123818" lon="13.4254809"><ele>39.0</ele><time>2025-09-21T08:14:35Z</time><extensions><gpxtpx:TrackPointExtension><gpxtpx:hr>141</gpxtpx:hr></gpxtpx:TrackPointExtension></extensions></trkpt>
  <trkpt lat="52.5124848" lon="13.4253287"><ele>39.0</ele><time>2025-09-21T08:14:40Z</time><extensions><gpxtpx:TrackPointExtension><gpxtpx:hr>142</gpxtpx:hr></gpxtpx:TrackPointExtension></extensions></trkpt>
  <trkpt lat="52.5125865" lon="13.4251806"><ele>39.0</ele><time>2025-09-21T08:14:45Z</time><extensions><gpxtpx:TrackPointExtension><gpxtpx:hr>142</gpxtpx:hr></gpxtpx:TrackPointExtension></extensions></trkpt>
  <trkpt lat="52.5126918" lon="13.4250400"><ele>39.0</ele><time>2025-09-21T08:14:50Z</time><extensions><gpxtpx:TrackPointExtension><gpxtpx:hr>143</gpxtpx:hr></gpxtpx:TrackPointExtension></extensions></trkpt>
  <trkpt lat="52.5127876" lon="13.4248859"><ele>39.0</ele><time>2025-09-21T08:14:55Z</time><extensions><gpxtpx:TrackPointExtension><gpxtpx:hr>143</gpxtpx:hr></gpxtpx:TrackPointExtension></extensions></trkpt>
  <trkpt lat="52.5128888" lon="13.4247404"><ele>39.0</ele><time>2025-09-21T08:15:00Z</time><extensions><gpxtpx:TrackPointExtension><gpxtpx:hr>142</gpxtpx:hr></gpxtpx:TrackPointExtension></extensions></trkpt>
  <trkpt lat="52.5129949" lon="13.4245871"><ele>38.9</ele><time>2025-09-21T08:15:05Z</time><extensions><gpxtpx:TrackPointExtension><gpxtpx:hr>143</gpxtpx:hr></gpxtpx:TrackPointExtension></extensions></trkpt>
  <trkpt lat="52.5130929" lon="13.4244377"><ele>38.9</ele><time>2025-09-21T08:15:10Z</time><extensions><gpxtpx:TrackPointExtension><gpxtpx:hr>144</gpxtpx:hr></gpxtpx:TrackPointExtension></extensions></trkpt>
  <trkpt lat="52.5131820" lon="13.4242718"><ele>38.9</ele><time>2025-09-21T08:15:15Z</time><extensions><gpxtpx:TrackPointExtension><gpxtpx:hr>144</gpxtpx:hr></gpxtpx:TrackPointExtension></extensions></trkpt>
  <trkpt lat="52.5132522" lon="13.4241089"><ele>38.9</ele><time>2025-09-21T08:15:20Z</time><extensions><gpxtpx:TrackPointExtension><gpxtpx:hr>143</gpxtpx:hr></gpxtpx:TrackPointExtension></extensions></trkpt>
  <trkpt lat="52.5131248" lon="13.4239929"><ele>38.9</ele><time>2025-09-21T08:15:25Z</time><extensions><gpxtpx:TrackPointExtension><gpxtpx:hr>144</gpxtpx:hr></gpxtpx:TrackPointExtension></extensions></trkpt>
  <trkpt lat="52.5130192" lon="13.4238799"><ele>38.8</ele><time>2025-09-21T08:15:30Z</time><extensions><gpxtpx:TrackPointExtension><gpxtpx:hr>144</gpxtpx:hr></gpxtpx:TrackPointExtension></extensions></trkpt>
  <trkpt lat="52.5129012" lon="13.4237578"><ele>38.8</ele><time>2025-09-21T08:15:35Z</time><extensions><gpxtpx:TrackPointExtension><gpxtpx:hr>145</gpxtpx:hr></gpxtpx:TrackPointExtension></extensions></trkpt>
  <trkpt lat="52.5127901" lon="13.4236233"><ele>38.8</ele><time>2025-09-21T08:15:40Z</time><extensions><gpxtpx:TrackPointExtension><gpxtpx:hr>144</gpxtpx:hr></gpxtpx:TrackPointExtension></extensions></trkpt>
  <trkpt lat="52.5126741" lon="13.4235039"><ele>38.8</ele><time>2025-09-21T08:15:45Z</time><extensions><gpxtpx:TrackPointExtension><gpxtpx:hr>145</gpxtpx:hr></gpxtpx:TrackPointExtension></extensions></trkpt>
  <trkpt lat="52.5125595" lon="13.4234058"><ele>38.8</ele><time>2025-09-21T08:15:50Z</time><extensions><gpxtpx:TrackPointExtension><gpxtpx:hr>145</gpxtpx:hr></gpxtpx:TrackPointExtension></extensions></trkpt>
  <trkpt lat="52.5124299" lon="13.4232918"><ele>38.8</ele><time>2025-09-21T08:15:55Z</time><extensions><gpxtpx:TrackPointExtension><gpxtpx:hr>145</gpxtpx:hr></gpxtpx:TrackPointExtension></extensions></trkpt>
  <trkpt lat="52.5123191" lon="13.4231815"><ele>38.7</ele><time>2025-09-21T08:16:00Z</time><extensions><gpxtpx:TrackPointExtension><gpxtpx:hr>143</gpxtpx:hr></gpxtpx:TrackPointExtension></extensions></trkpt>
  <trkpt lat="52.5121941" lon="13.4230845"><ele>38.7</ele><time>2025-09-21T08:16:05Z</time><extensions><gpxtpx:TrackPointExtension><gpxtpx:hr>144</gpxtpx:hr></gpxtpx:TrackPointExtension></extensions></trkpt>
  <trkpt lat="52.5120755" lon="13.4229806"><ele>38.7</ele><time>2025-09-21T08:16:10Z</time><extensions><gpxtpx:TrackPointExtension><gpxtpx:hr>144</gpxtpx:hr></gpxtpx:TrackPointExtension></extensions></trkpt>
  <trkpt lat="52.5119619" lon="13.4228816"><ele>38.7</ele><time>2025-09-21T08:16:15Z</time><extensions><gpxtpx:TrackPointExtension><gpxtpx:hr>143</gpxtpx:hr></gpxtpx:TrackPointExtension></extensions></trkpt>
  <trkpt lat="52.5118326" lon="13.4227889"><ele>38.7</ele><time>2025-09-21T08:16:20Z</time><extensions><gpxtpx:TrackPointExtension><gpxtpx:hr>142</gpxtpx:hr></gpxtpx:TrackPointExtension></extensions></trkpt>
  <trkpt lat="52.5116997" lon="13.4226946"><ele>38.6</ele><time>2025-09-21T08:16:25Z</time><extensions><gpxtpx:TrackPointExtension><gpxtpx:hr>143</gpxtpx:hr></gpxtpx:TrackPointExtension></extensions></trkpt>
  <trkpt lat="52.5115758" lon="13.4226211"><ele>38.6</ele><time>2025-09-21T08:16:30Z</time><extensions><gpxtpx:TrackPointExtension><gpxtpx:hr>142</gpxtpx:hr></gpxtpx:TrackPointExtension></extensions></trkpt>
  <trkpt lat="52.5114575" lon="13.4225198"><ele>38.6</ele><time>2025-09-21T08:16:35Z</time><extensions><gpxtpx:TrackPointExtension><gpxtpx:hr>142</gpxtpx:hr></gpxtpx:TrackPointExtension></extensions></trkpt>
  <trkpt lat="52.5113238" lon="13.4224418"><ele>38.6</ele><time>2025-09-21T08:16:40Z</time><extensions><gpxtpx:TrackPointExtension><gpxtpx:hr>141</gpxtpx:hr></gpxtpx:TrackPointExtension></extensions></trkpt>
  <trkpt lat="52.5112112" lon="13.4223524"><ele>38.6</ele><time>2025-09-21T08:16:45Z</time><extensions><gpxtpx:TrackPointExtension><gpxtpx:hr>142</gpxtpx:hr></gpxtpx:TrackPointExtension></extensions></trkpt>
  <trkpt lat="52.5110894" lon="13.4222553"><ele>38.6</ele><time>2025-09-21T08:16:50Z</time><extensions><gpxtpx:TrackPointExtension><gpxtpx:hr>142</gpxtpx:hr></gpxtpx:TrackPointExtension></extensions></trkpt>
  <trkpt lat="52.5109622" lon="13.4221733"><ele>38.5</ele><time>2025-09-21T08:16:55Z</time><extensions><gpxtpx:TrackPointExtension><gpxtpx:hr>142</gpxtpx:hr></gpxtpx:TrackPointExtension></extensions></trkpt>
  <trkpt lat="52.5108306" lon="13.4220721"><ele>38.5</ele><time>2025-09-21T08:17:00Z</time><extensions><gpxtpx:TrackPointExtension><gpxtpx:hr>142</gpxtpx:hr></gpxtpx:TrackPointExtension></extensions></trkpt>
  <trkpt lat="52.5107075" lon="13.4219775"><ele>38.5</ele><time>2025-09-21T08:17:05Z</time><extensions><gpxtpx:TrackPointExtension><gpxtpx:hr>143</gpxtpx:hr></gpxtpx:TrackPointExtension></extensions></trkpt>
  <trkpt lat="52.5105827" lon="13.4218843"><ele>38.5</ele><time>2025-09-21T08:17:10Z</time><extensions><gpxtpx:TrackPointExtension><gpxtpx:hr>143</gpxtpx:hr></gpxtpx:TrackPointExtension></extensions></trkpt>
  <trkpt lat="52.5104490" lon="13.4218098"><ele>38.5</ele><time>2025-09-21T08:17:15Z</time><extensions><gpxtpx:TrackPointExtension><gpxtpx:hr>144</gpxtpx:hr></gpxtpx:TrackPointExtension></extensions></trkpt>
  <trkpt lat="52.5103365" lon="13.4217197"><ele>38.4</ele><time>2025-09-21T08:17:20Z</time><extensions><gpxtpx:TrackPointExtension><gpxtpx:hr>143</gpxtpx:hr></gpxtpx:TrackPointExtension></extensions></trkpt>
  <trkpt lat="52.5102077" lon="13.4216344"><ele>38.4</ele><time>2025-09-21T08:17:25Z</time><extensions><gpxtpx:TrackPointExtension><gpxtpx:hr>142</gpxtpx:hr></gpxtpx:TrackPointExtension></extensions></trkpt>
  <trkpt lat="52.5100850" lon="13.4215485"><ele>38.4</ele><time>2025-09-21T08:17:30Z</time><extensions><gpxtpx:TrackPointExtension><gpxtpx:hr>142</gpxtpx:hr></gpxtpx:TrackPointExtension></extensions></trkpt>
  <trkpt lat="52.5099593" lon="13.4214648"><ele>38.4</ele><time>2025-09-21T08:17:35Z</time><extensions><gpxtpx:TrackPointExtension><gpxtpx:hr>143</gpxtpx:hr></gpxtpx:TrackPointExtension></extensions></trkpt>
  <trkpt lat="52.5098345" lon="13.4213815"><ele>38.4</ele><time>2025-09-21T08:17:40Z</time><extensions><gpxtpx:TrackPointExtension><gpxtpx:hr>143</gpxtpx:hr></gpxtpx:TrackPointExtension></extensions></trkpt>
  <trkpt lat="52.5097096" lon="13.4212820"><ele>38.4</ele><time>2025-09-21T08:17:45Z</time><extensions><gpxtpx:TrackPointExtension><gpxtpx:hr>143</gpxtpx:hr></gpxtpx:TrackPointExtension></extensions></trkpt>
  <trkpt lat="52.5095835" lon="13.4211899"><ele>38.3</ele><time>2025-09-21T08:17:50Z</time><extensions><gpxtpx:TrackPointExtension><gpxtpx:hr>143</gpxtpx:hr></gpxtpx:TrackPointExtension></extensions></trkpt>
  <trkpt lat="52.5094612" lon="13.4211162"><ele>38.3</ele><time>2025-09-21T08:17:55Z</time><extensions><gpxtpx:TrackPointExtension><gpxtpx:hr>143</gpxtpx:hr></gpxtpx:TrackPointExtension></extensions></trkpt>
  <trkpt lat="52.5093327" lon="13.4210244"><ele>38.3</ele><time>2025-09-21T08:18:00Z</time><extensions><gpxtpx:TrackPointExtension><gpxtpx:hr>143</gpxtpx:hr></gpxtpx:TrackPointExtension></extensions></trkpt>
  <trkpt lat="52.5092216" lon="13.4209234"><ele>38.3</ele><time>2025-09-21T08:18:05Z</time><extensions><gpxtpx:TrackPointExtension><gpxtpx:hr>143</gpxtpx:hr></gpxtpx:TrackPointExtension></extensions></trkpt>
  <trkpt lat="52.5090900" lon="13.4208340"><ele>38.3</ele><time>2025-09-21T08:18:10Z</time><extensions><gpxtpx:TrackPointExtension><gpxtpx:hr>143</gpxtpx:hr></gpxtpx:TrackPointExtension></extensions></trkpt>
  <trkpt lat="52.5089657" lon="13.4207398"><ele>38.2</ele><time>2025-09-21T08:18:15Z</time><extensions><gpxtpx:TrackPointExtension><gpxtpx:hr>144</gpxtpx:hr></gpxtpx:TrackPointExtension></extensions></trkpt>
  <trkpt lat="52.5088376" lon="13.4206444"><ele>38.2</ele><time>2025-09-21T08:18:20Z</time><extensions><gpxtpx:TrackPointExtension><gpxtpx:hr>142</gpxtpx:hr></gpxtpx:TrackPointExtension></extensions></trkpt>
  <trkpt lat="52.5087201" lon="13.4205541"><ele>38.2</ele><time>2025-09-21T08:18:25Z</time><extensions><gpxtpx:TrackPointExtension><gpxtpx:hr>142</gpxtpx:hr></gpxtpx:TrackPointExtension></extensions></trkpt>
  <trkpt lat="52.5085856" lon="13.4204603"><ele>38.2</ele><time>2025-09-21T08:18:30Z</time><extensions><gpxtpx:TrackPointExtension><gpxtpx:hr>142</gpxtpx:hr></gpxtpx:TrackPointExtension></extensions></trkpt>
  <trkpt lat="52.5084670" lon="13.4203732"><ele>38.2</ele><time>2025-09-21T08:18:35Z</time><extensions><gpxtpx:TrackPointExtension><gpxtpx:hr>142</gpxtpx:hr></gpxtpx:TrackPointExtension></extensions></trkpt>
  <trkpt lat="52.5083438" lon="13.4202802"><ele>38.1</ele><time>2025-09-21T08:18:40Z</time><extensions><gpxtpx:TrackPointExtension><gpxtpx:hr>142</gpxtpx:hr></gpxtpx:TrackPointExtension></extensions></trkpt>
  <trkpt lat="52.5082233" lon="13.4201872"><ele>38.1</ele><time>2025-09-21T08:18:45Z</time><extensions><gpxtpx:TrackPointExtension><gpxtpx:hr>142</gpxtpx:hr></gpxtpx:TrackPointExtension></extensions></trkpt>
  <trkpt lat="52.5080982" lon="13.4200947"><ele>38.1</ele><time>2025-09-21T08:18:50Z</time><extensions><gpxtpx:TrackPointExtension><gpxtpx:hr>142</gpxtpx:hr></gpxtpx:TrackPointExtension></extensions></trkpt>
  <trkpt lat="52.5081415" lon="13.4199166"><ele>38.1</ele><time>2025-09-21T08:18:55Z</time><extensions><gpxtpx:TrackPointExtension><gpxtpx:hr>142</gpxtpx:hr></gpxtpx:TrackPointExtension></extensions></trkpt>
  <trkpt lat="52.5081933" lon="13.4197024"><ele>38.1</ele><time>2025-09-21T08:19:00Z</time><extensions><gpxtpx:TrackPointExtension><gpxtpx:hr>141</gpxtpx:hr></gpxtpx:TrackPointExtension></extensions></trkpt>
  <trkpt lat="52.5082473" lon="13.4194942"><ele>38.0</ele><time>2025-09-21T08:19:05Z</time><extensions><gpxtpx:TrackPointExtension><gpxtpx:hr>141</gpxtpx:hr></gpxtpx:TrackPointExtension></extensions></trkpt>
  <trkpt lat="52.5082230" lon="13.4193512"><ele>38.0</ele><time>2025-09-21T08:19:10Z</time><extensions><gpxtpx:TrackPointExtension><gpxtpx:hr>142</gpxtpx:hr></gpxtpx:TrackPointExtension></extensions></trkpt>
  <trkpt lat="52.5080938" lon="13.4192540"><ele>38.0</ele><time>2025-09-21T08:19:15Z</time><extensions><gpxtpx:TrackPointExtension><gpxtpx:hr>141</gpxtpx:hr></gpxtpx:TrackPointExtension></extensions></trkpt>
  <trkpt lat="52.5081103" lon="13.4190814"><ele>38.0</ele><time>2025-09-21T08:19:20Z</time><extensions><gpxtpx:TrackPointExtension><gpxtpx:hr>142</gpxtpx:hr></gpxtpx:TrackPointExtension></extensions></trkpt>
  <trkpt lat="52.5080882" lon="13.4189063"><ele>38.0</ele><time>2025-09-21T08:19:25Z</time><extensions><gpxtpx:TrackPointExtension><gpxtpx:hr>142</gpxtpx:hr></gpxtpx:TrackPointExtension></extensions></trkpt>
  <trkpt lat="52.5081204" lon="13.4187187"><ele>38.0</ele><time>2025-09-21T08:19:30Z</time><extensions><gpxtpx:TrackPointExtension><gpxtpx:hr>142</gpxtpx:hr></gpxtpx:TrackPointExtension></extensions></trkpt>
  <trkpt lat="52.5081996" lon="13.4185239"><ele>37.9</ele><time>2025-09-21T08:19:35Z</time><extensions><gpxtpx:TrackPointExtension><gpxtpx:hr>141</gpxtpx:hr></gpxtpx:TrackPointExtension></extensions></trkpt>
  <trkpt lat="52.5081657" lon="13.4183923"><ele>37.9</ele><time>2025-09-21T08:19:40Z</time><extensions><gpxtpx:TrackPointExtension><gpxtpx:hr>140</gpxtpx:hr></gpxtpx:TrackPointExtension></extensions></trkpt>
  <trkpt lat="52.5080998" lon="13.4182200"><ele>37.9</ele><time>2025-09-21T08:19:45Z</time><extensions><gpxtpx:TrackPointExtension><gpxtpx:hr>140</gpxtpx:hr></gpxtpx:TrackPointExtension></extensions></trkpt>
  <trkpt lat="52.5080562" lon="13.4180077"><ele>37.9</ele><time>2025-09-21T08:19:50Z</time><extensions><gpxtpx:TrackPointExtension><gpxtpx:hr>141</gpxtpx:hr></gpxtpx:TrackPointExtension></extensions></trkpt>
  <trkpt lat="52.5080179" lon="13.4177884"><ele>37.9</ele><time>2025-09-21T08:19:55Z</time><extensions><gpxtpx:TrackPointExtension><gpxtpx:hr>140</gpxtpx:hr></gpxtpx:TrackPointExtension></extensions></trkpt>
  <trkpt lat="52.5079869" lon="13.4175703"><ele>37.8</ele><time>2025-09-21T08:20:00Z</time><extensions><gpxtpx:TrackPointExtension><gpxtpx:hr>141</gpxtpx:hr></gpxtpx:TrackPointExtension></extensions></trkpt>
  <trkpt lat="52.5079595" lon="13.4173585"><ele>37.8</ele><time>2025-09-21T08:20:05Z</time><extensions><gpxtpx:TrackPointExtension><gpxtpx:hr>140</gpxtpx:hr></gpxtpx:TrackPointExtension></extensions></trkpt>
  <trkpt lat="52.5078854" lon="13.4172234"><ele>37.8</ele><time>2025-09-21T08:20:10Z</time><extensions><gpxtpx:TrackPointExtension><gpxtpx:hr>141</gpxtpx:hr></gpxtpx:TrackPointExtension></extensions></trkpt>
  <trkpt lat="52.5078659" lon="13.4170041"><ele>37.8</ele><time>2025-09-21T08:20:15Z</time><extensions><gpxtpx:TrackPointExtension><gpxtpx:hr>142</gpxtpx:hr></gpxtpx:TrackPointExtension></extensions></trkpt>
  <trkpt lat="52.5077754" lon="13.4168439"><ele>37.8</ele><time>2025-09-21T08:20:20Z</time><extensions><gpxtpx:TrackPointExtension><gpxtpx:hr>143</gpxtpx:hr></gpxtpx:TrackPointExtension></extensions></trkpt>
  <trkpt lat="52.5076824" lon="13.4166836"><ele>37.7</ele><time>2025-09-21T08:20:25Z</time><extensions><gpxtpx:TrackPointExtension><gpxtpx:hr>142</gpxtpx:hr></gpxtpx:TrackPointExtension></extensions></trkpt>
  <trkpt lat="52.5076035" lon="13.4165142"><ele>37.7</ele><time>2025-09-21T08:20:30Z</time><extensions><gpxtpx:TrackPointExtension><gpxtpx:hr>142</gpxtpx:hr></gpxtpx:TrackPointExtension></extensions></trkpt>
  <trkpt lat="52.5074779" lon="13.4164322"><ele>37.7</ele><time>2025-09-21T08:20:35Z</time><extensions><gpxtpx:TrackPointExtension><gpxtpx:hr>142</gpxtpx:hr></gpxtpx:TrackPointExtension></extensions></trkpt>
  <trkpt lat="52.5073549" lon="13.4163174"><ele>37.7</ele><time>2025-09-21T08:20:40Z</time><extensions><gpxtpx:TrackPointExtension><gpxtpx:hr>141</gpxtpx:hr></gpxtpx:TrackPointExtension></extensions></trkpt>
  <trkpt lat="52.5072208" lon="13.4162740"><ele>37.7</ele><time>2025-09-21T08:20:45Z</time><extensions><gpxtpx:TrackPointExtension><gpxtpx:hr>140</gpxtpx:hr></gpxtpx:TrackPointExtension></extensions></trkpt>
  <trkpt lat="52.5071200" lon="13.4162558"><ele>37.6</ele><time>2025-09-21T08:20:50Z</time><extensions><gpxtpx:TrackPointExtension><gpxtpx:hr>141</gpxtpx:hr></gpxtpx:TrackPointExtension></extensions></trkpt>
  <trkpt lat="52.5071165" lon="13.4160889"><ele>37.6</ele><time>2025-09-21T08:20:55Z</time><extensions><gpxtpx:TrackPointExtension><gpxtpx:hr>140</gpxtpx:hr></gpxtpx:TrackPointExtension></extensions></trkpt>
  <trkpt lat="52.5070101" lon="13.4160002"><ele>37.6</ele><time>2025-09-21T08:21:00Z</time><extensions><gpxtpx:TrackPointExtension><gpxtpx:hr>140</gpxtpx:hr></gpxtpx:TrackPointExtension></extensions></trkpt>
  <trkpt lat="52.5071237" lon="13.4160655"><ele>37.6</ele><time>2025-09-21T08:21:05Z</time><extensions><gpxtpx:TrackPointExtension><gpxtpx:hr>140</gpxtpx:hr></gpxtpx:TrackPointExtension></extensions></trkpt>
  <trkpt lat="52.5071862" lon="13.4158790"><ele>37.6</ele><time>2025-09-21T08:21:10Z</time><extensions><gpxtpx:TrackPointExtension><gpxtpx:hr>140</gpxtpx:hr></gpxtpx:TrackPointExtension></extensions></trkpt>
  <trkpt lat="52.5072558" lon="13.4156927"><ele>37.5</ele><time>2025-09-21T08:21:15Z</time><extensions><gpxtpx:TrackPointExtension><gpxtpx:hr>139</gpxtpx:hr></gpxtpx:TrackPointExtension></extensions></trkpt>
  <trkpt lat="52.5073383" lon="13.4155090"><ele>37.5</ele><time>2025-09-21T08:21:20Z</time><extensions><gpxtpx:TrackPointExtension><gpxtpx:hr>140</gpxtpx:hr></gpxtpx:TrackPointExtension></extensions></trkpt>
  <trkpt lat="52.5072706" lon="13.4153644"><ele>37.5</ele><time>2025-09-21T08:21:25Z</time><extensions><gpxtpx:TrackPointExtension><gpxtpx:hr>140</gpxtpx:hr></gpxtpx:TrackPointExtension></extensions></trkpt>
  <trkpt lat="52.5071607" lon="13.4152384"><ele>37.5</ele><time>2025-09-21T08:21:30Z</time><extensions><gpxtpx:TrackPointExtension><gpxtpx:hr>141</gpxtpx:hr></gpxtpx:TrackPointExtension></extensions></trkpt>
  <trkpt lat="52.5070492" lon="13.4151076"><ele>37.5</ele><time>2025-09-21T08:21:35Z</time><extensions><gpxtpx:TrackPointExtension><gpxtpx:hr>141</gpxtpx:hr></gpxtpx:TrackPointExtension></extensions></trkpt>
  <trkpt lat="52.5069313" lon="13.4150002"><ele>37.5</ele><time>2025-09-21T08:21:40Z</time><extensions><gpxtpx:TrackPointExtension><gpxtpx:hr>142</gpxtpx:hr></gpxtpx:TrackPointExtension></extensions></trkpt>
  <trkpt lat="52.5068052" lon="13.4148948"><ele>37.4</ele><time>2025-09-21T08:21:45Z</time><extensions><gpxtpx:TrackPointExtension><gpxtpx:hr>142</gpxtpx:hr></gpxtpx:TrackPointExtension></extensions></trkpt>
  <trkpt lat="52.5066882" lon="13.4148139"><ele>37.4</ele><time>2025-09-21T08:21:50Z</time><extensions><gpxtpx:TrackPointExtension><gpxtpx:hr>141</gpxtpx:hr></gpxtpx:TrackPointExtension></extensions></trkpt>
  <trkpt lat="52.5065668" lon="13.4146857"><ele>37.4</ele><time>2025-09-21T08:21:55Z</time><extensions><gpxtpx:TrackPointExtension><gpxtpx:hr>142</gpxtpx:hr></gpxtpx:TrackPointExtension></extensions></trkpt>
  <trkpt lat="52.5064520" lon="13.4145756"><ele>37.4</ele><time>2025-09-21T08:22:00Z</time><extensions><gpxtpx:TrackPointExtension><gpxtpx:hr>143</gpxtpx:hr></gpxtpx:TrackPointExtension></extensions></trkpt>
  <trkpt lat="52.5063353" lon="13.4144593"><ele>37.4</ele><time>2025-09-21T08:22:05Z</time><extensions><gpxtpx:TrackPointExtension><gpxtpx:hr>142</gpxtpx:hr></gpxtpx:TrackPointExtension></extensions></trkpt>
  <trkpt lat="52.5062207" lon="13.4143585"><ele>37.3</ele><time>2025-09-21T08:22:10Z</time><extensions><gpxtpx:TrackPointExtension><gpxtpx:hr>143</gpxtpx:hr></gpxtpx:TrackPointExtension></extensions></trkpt>
  <trkpt lat="52.5061069" lon="13.4141987"><ele>37.3</ele><time>2025-09-21T08:22:15Z</time><extensions><gpxtpx:TrackPointExtension><gpxtpx:hr>142</gpxtpx:hr></gpxtpx:TrackPointExtension></extensions></trkpt>
  <trkpt lat="52.5060218" lon="13.4140892"><ele>37.3</ele><time>2025-09-21T08:22:20Z</time><extensions><gpxtpx:TrackPointExtension><gpxtpx:hr>141</gpxtpx:hr></gpxtpx:TrackPointExtension></extensions></trkpt>
  <trkpt lat="52.5059127" lon="13.4142015"><ele>37.3</ele><time>2025-09-21T08:22:25Z</time><extensions><gpxtpx:TrackPointExtension><gpxtpx:hr>141</gpxtpx:hr></gpxtpx:TrackPointExtension></extensions></trkpt>
  <trkpt lat="52.5058223" lon="13.4140575"><ele>37.3</ele><time>2025-09-21T08:22:30Z</time><extensions><gpxtpx:TrackPointExtension><gpxtpx:hr>141</gpxtpx:hr></gpxtpx:TrackPointExtension></extensions></trkpt>
  <trkpt lat="52.5057032" lon="13.4139625"><ele>37.2</ele><time>2025-09-21T08:22:35Z</time><extensions><gpxtpx:TrackPointExtension><gpxtpx:hr>141</gpxtpx:hr></gpxtpx:TrackPointExtension></extensions></trkpt>
  <trkpt lat="52.5057406" lon="13.4137642"><ele>37.2</ele><time>2025-09-21T08:22:40Z</time><extensions><gpxtpx:TrackPointExtension><gpxtpx:hr>141</gpxtpx:hr></gpxtpx:TrackPointExtension></extensions></trkpt>
  <trkpt lat="52.5058070" lon="13.4135722"><ele>37.2</ele><time>2025-09-21T08:22:45Z</time><extensions><gpxtpx:TrackPointExtension><gpxtpx:hr>141</gpxtpx:hr></gpxtpx:TrackPointExtension></extensions></trkpt>
  <trkpt lat="52.5058736" lon="13.4133726"><ele>37.2</ele><time>2025-09-21T08:22:50Z</time><extensions><gpxtpx:TrackPointExtension><gpxtpx:hr>140</gpxtpx:hr></gpxtpx:TrackPointExtension></extensions></trkpt>
  <trkpt lat="52.5059299" lon="13.4131800"><ele>37.2</ele><time>2025-09-21T08:22:55Z</time><extensions><gpxtpx:TrackPointExtension><gpxtpx:hr>140</gpxtpx:hr></gpxtpx:TrackPointExtension></extensions></trkpt>
  <trkpt lat="52.5060170" lon="13.4129945"><ele>37.1</ele><time>2025-09-21T08:23:00Z</time><extensions><gpxtpx:TrackPointExtension><gpxtpx:hr>140</gpxtpx:hr></gpxtpx:TrackPointExtension></extensions></trkpt>
  <trkpt lat="52.5059729" lon="13.4128664"><ele>37.1</ele><time>2025-09-21T08:23:05Z</time><extensions><gpxtpx:TrackPointExtension><gpxtpx:hr>140</gpxtpx:hr></gpxtpx:TrackPointExtension></extensions></trkpt>
  <trkpt lat="52.5058423" lon="13.4127761"><ele>37.1</ele><time>2025-09-21T08:23:10Z</time><extensions><gpxtpx:TrackPointExtension><gpxtpx:hr>140</gpxtpx:hr></gpxtpx:TrackPointExtension></extensions></trkpt>
  <trkpt lat="52.5058133" lon="13.4126219"><ele>37.1</ele><time>2025-09-21T08:23:15Z</time><extensions><gpxtpx:TrackPointExtension><gpxtpx:hr>140</gpxtpx:hr></gpxtpx:TrackPointExtension></extensions></trkpt>
  <trkpt lat="52.5056995" lon="13.4125198"><ele>37.1</ele><time>2025-09-21T08:23:20Z</time><extensions><gpxtpx:TrackPointExtension><gpxtpx:hr>139</gpxtpx:hr></gpxtpx:TrackPointExtension></extensions></trkpt>
  <trkpt lat="52.5055781" lon="13.4124120"><ele>37.0</ele><time>2025-09-21T08:23:25Z</time><extensions><gpxtpx:TrackPointExtension><gpxtpx:hr>140</gpxtpx:hr></gpxtpx:TrackPointExtension></extensions></trkpt>
  <trkpt lat="52.5054559" lon="13.4123213"><ele>37.0</ele><time>2025-09-21T08:23:30Z</time><extensions><gpxtpx:TrackPointExtension><gpxtpx:hr>141</gpxtpx:hr></gpxtpx:TrackPointExtension></extensions></trkpt>
  <trkpt lat="52.5053375" lon="13.4122197"><ele>37.0</ele><time>2025-09-21T08:23:35Z</time><extensions><gpxtpx:TrackPointExtension><gpxtpx:hr>141</gpxtpx:hr></gpxtpx:TrackPointExtension></extensions></trkpt>
  <trkpt lat="52.5052106" lon="13.4121229"><ele>37.0</ele><time>2025-09-21T08:23:40Z</time><extensions><gpxtpx:TrackPointExtension><gpxtpx:hr>141</gpxtpx:hr></gpxtpx:TrackPointExtension></extensions></trkpt>
  <trkpt lat="52.5050875" lon="13.4120319"><ele>37.0</ele><time>2025-09-21T08:23:45Z</time><extensions><gpxtpx:TrackPointExtension><gpxtpx:hr>141</gpxtpx:hr></gpxtpx:TrackPointExtension></extensions></trkpt>
  <trkpt lat="52.5049620" lon="13.4119348"><ele>37.0</ele><time>2025-09-21T08:23:50Z</time><extensions><gpxtpx:TrackPointExtension><gpxtpx:hr>141</gpxtpx:hr></gpxtpx:TrackPointExtension></extensions></trkpt>
  <trkpt lat="52.5048356" lon="13.4118494"><ele>36.9</ele><time>2025-09-21T08:23:55Z</time><extensions><gpxtpx:TrackPointExtension><gpxtpx:hr>142</gpxtpx:hr></gpxtpx:TrackPointExtension></extensions></trkpt>
  <trkpt lat="52.5047203" lon="13.4117342"><ele>36.9</ele><time>2025-09-21T08:24:00Z</time><extensions><gpxtpx:TrackPointExtension><gpxtpx:hr>142</gpxtpx:hr></gpxtpx:TrackPointExtension></extensions></trkpt>
  <trkpt lat="52.5045942" lon="13.4116374"><ele>36.9</ele><time>2025-09-21T08:24:05Z</time><extensions><gpxtpx:TrackPointExtension><gpxtpx:hr>141</gpxtpx:hr></gpxtpx:TrackPointExtension></extensions></trkpt>
  <trkpt lat="52.5044703" lon="13.4115364"><ele>36.9</ele><time>2025-09-21T08:24:10Z</time><extensions><gpxtpx:TrackPointExtension><gpxtpx:hr>141</gpxtpx:hr></gpxtpx:TrackPointExtension></extensions></trkpt>
  <trkpt lat="52.5043536" lon="13.4114480"><ele>36.9</ele><time>2025-09-21T08:24:15Z</time><extensions><gpxtpx:TrackPointExtension><gpxtpx:hr>142</gpxtpx:hr></gpxtpx:TrackPointExtension></extensions></trkpt>
  <trkpt lat="52.5042289" lon="13.4113463"><ele>36.8</ele><time>2025-09-21T08:24:20Z</time><extensions><gpxtpx:TrackPointExtension><gpxtpx:hr>142</gpxtpx:hr></gpxtpx:TrackPointExtension></extensions></trkpt>
  <trkpt lat="52.5041129" lon="13.4112446"><ele>36.8</ele><time>2025-09-21T08:24:25Z</time><extensions><gpxtpx:TrackPointExtension><gpxtpx:hr>141</gpxtpx:hr></gpxtpx:TrackPointExtension></extensions></trkpt>
  <trkpt lat="52.5039846" lon="13.4111604"><ele>36.8</ele><time>2025-09-21T08:24:30Z</time><extensions><gpxtpx:TrackPointExtension><gpxtpx:hr>141</gpxtpx:hr></gpxtpx:TrackPointExtension></extensions></trkpt>
  <trkpt lat="52.5039352" lon="13.4110429"><ele>36.8</ele><time>2025-09-21T08:24:35Z</time><extensions><gpxtpx:TrackPointExtension><gpxtpx:hr>141</gpxtpx:hr></gpxtpx:TrackPointExtension></extensions></trkpt>
  <trkpt lat="52.5039138" lon="13.4108817"><ele>36.8</ele><time>2025-09-21T08:24:40Z</time><extensions><gpxtpx:TrackPointExtension><gpxtpx:hr>141</gpxtpx:hr></gpxtpx:TrackPointExtension></extensions></trkpt>
  <trkpt lat="52.5038510" lon="13.4107204"><ele>36.7</ele><time>2025-09-21T08:24:45Z</time><extensions><gpxtpx:TrackPointExtension><gpxtpx:hr>140</gpxtpx:hr></gpxtpx:TrackPointExtension></extensions></trkpt>
  <trkpt lat="52.5038054" lon="13.4104964"><ele>36.7</ele><time>2025-09-21T08:24:50Z</time><extensions><gpxtpx:TrackPointExtension><gpxtpx:hr>141</gpxtpx:hr></gpxtpx:TrackPointExtension></extensions></trkpt>
  <trkpt lat="52.5036997" lon="13.4103811"><ele>36.7</ele><time>2025-09-21T08:24:55Z</time><extensions><gpxtpx:TrackPointExtension><gpxtpx:hr>142</gpxtpx:hr></gpxtpx:TrackPointExtension></extensions></trkpt>
  <trkpt lat="52.5035687" lon="13.4103809"><ele>36.7</ele><time>2025-09-21T08:25:00Z</time><extensions><gpxtpx:TrackPointExtension><gpxtpx:hr>142</gpxtpx:hr></gpxtpx:TrackPointExtension></extensions></trkpt>
  <trkpt lat="52.5034428" lon="13.4104723"><ele>36.7</ele><time>2025-09-21T08:25:05Z</time><extensions><gpxtpx:TrackPointExtension><gpxtpx:hr>143</gpxtpx:hr></gpxtpx:TrackPointExtension></extensions></trkpt>
  <trkpt lat="52.5034423" lon="13.4104840"><ele>36.7</ele><time>2025-09-21T08:25:10Z</time><extensions><gpxtpx:TrackPointExtension><gpxtpx:hr>144</gpxtpx:hr></gpxtpx:TrackPointExtension></extensions></trkpt>
  <trkpt lat="52.5033268" lon="13.4104009"><ele>36.6</ele><time>2025-09-21T08:25:15Z</time><extensions><gpxtpx:TrackPointExtension><gpxtpx:hr>144</gpxtpx:hr></gpxtpx:TrackPointExtension></extensions></trkpt>
  <trkpt lat="52.5032382" lon="13.4104358"><ele>36.6</ele><time>2025-09-21T08:25:20Z</time><extensions><gpxtpx:TrackPointExtension><gpxtpx:hr>143</gpxtpx:hr></gpxtpx:TrackPointExtension></extensions></trkpt>
  <trkpt lat="52.5032728" lon="13.4106004"><ele>36.6</ele><time>2025-09-21T08:25:25Z</time><extensions><gpxtpx:TrackPointExtension><gpxtpx:hr>142</gpxtpx:hr></gpxtpx:TrackPointExtension></extensions></trkpt>
  <trkpt lat="52.5033151" lon="13.4108000"><ele>36.6</ele><time>2025-09-21T08:25:30Z</time><extensions><gpxtpx:TrackPointExtension><gpxtpx:hr>143</gpxtpx:hr></gpxtpx:TrackPointExtension></extensions></trkpt>
  <trkpt lat="52.5033645" lon="13.4110286"><ele>36.6</ele><time>2025-09-21T08:25:35Z</time><extensions><gpxtpx:TrackPointExtension><gpxtpx:hr>142</gpxtpx:hr></gpxtpx:TrackPointExtension></extensions></trkpt>
  <trkpt lat="52.5034150" lon="13.4112202"><ele>36.5</ele><time>2025-09-21T08:25:40Z</time><extensions><gpxtpx:TrackPointExtension><gpxtpx:hr>143</gpxtpx:hr></gpxtpx:TrackPointExtension></extensions></trkpt>
  <trkpt lat="52.5033678" lon="13.4114314"><ele>36.5</ele><time>2025-09-21T08:25:45Z</time><extensions><gpxtpx:TrackPointExtension><gpxtpx:hr>143</gpxtpx:hr></gpxtpx:TrackPointExtension></extensions></trkpt>
  <trkpt lat="52.5033137" lon="13.4116283"><ele>36.5</ele><time>2025-09-21T08:25:50Z</time><extensions><gpxtpx:TrackPointExtension><gpxtpx:hr>144</gpxtpx:hr></gpxtpx:TrackPointExtension></extensions></trkpt>
  <trkpt lat="52.5032656" lon="13.4118376"><ele>36.5</ele><time>2025-09-21T08:25:55Z</time><extensions><gpxtpx:TrackPointExtension><gpxtpx:hr>143</gpxtpx:hr></gpxtpx:TrackPointExtension></extensions></trkpt>
  <trkpt lat="52.5032053" lon="13.4120381"><ele>36.5</ele><time>2025-09-21T08:26:00Z</time><extensions><gpxtpx:TrackPointExtension><gpxtpx:hr>142</gpxtpx:hr></gpxtpx:TrackPointExtension></extensions></trkpt>
  <trkpt lat="52.5031443" lon="13.4122384"><ele>36.5</ele><time>2025-09-21T08:26:05Z</time><extensions><gpxtpx:TrackPointExtension><gpxtpx:hr>143</gpxtpx:hr></gpxtpx:TrackPointExtension></extensions></trkpt>
  <trkpt lat="52.5030844" lon="13.4124550"><ele>36.4</ele><time>2025-09-21T08:26:10Z</time><extensions><gpxtpx:TrackPointExtension><gpxtpx:hr>143</gpxtpx:hr></gpxtpx:TrackPointExtension></extensions></trkpt>
  <trkpt lat="52.5030371" lon="13.4126453"><ele>36.4</ele><time>2025-09-21T08:26:15Z</time><extensions><gpxtpx:TrackPointExtension><gpxtpx:hr>142</gpxtpx:hr></gpxtpx:TrackPointExtension></extensions></trkpt>
  <trkpt lat="52.5029731" lon="13.4128492"><ele>36.4</ele><time>2025-09-21T08:26:20Z</time><extensions><gpxtpx:TrackPointExtension><gpxtpx:hr>141</gpxtpx:hr></gpxtpx:TrackPointExtension></extensions></trkpt>
  <trkpt lat="52.5029221" lon="13.4130550"><ele>36.4</ele><time>2025-09-21T08:26:25Z</time><extensions><gpxtpx:TrackPointExtension><gpxtpx:hr>141</gpxtpx:hr></gpxtpx:TrackPointExtension></extensions></trkpt>
  <trkpt lat="52.5028650" lon="13.4132547"><ele>36.4</ele><time>2025-09-21T08:26:30Z</time><extensions><gpxtpx:TrackPointExtension><gpxtpx:hr>142</gpxtpx:hr></gpxtpx:TrackPointExtension></extensions></trkpt>
  <trkpt lat="52.5028097" lon="13.4134489"><ele>36.3</ele><time>2025-09-21T08:26:35Z</time><extensions><gpxtpx:TrackPointExtension><gpxtpx:hr>141</gpxtpx:hr></gpxtpx:TrackPointExtension></extensions></trkpt>
  <trkpt lat="52.5027475" lon="13.4136580"><ele>36.3</ele><time>2025-09-21T08:26:40Z</time><extensions><gpxtpx:TrackPointExtension><gpxtpx:hr>140</gpxtpx:hr></gpxtpx:TrackPointExtension></extensions></trkpt>
  <trkpt lat="52.5026964" lon="13.4138615"><ele>36.3</ele><time>2025-09-21T08:26:45Z</time><extensions><gpxtpx:TrackPointExtension><gpxtpx:hr>141</gpxtpx:hr></gpxtpx:TrackPointExtension></extensions></trkpt>
  <trkpt lat="52.5026387" lon="13.4140548"><ele>36.3</ele><time>2025-09-21T08:26:50Z</time><extensions><gpxtpx:TrackPointExtension><gpxtpx:hr>142</gpxtpx:hr></gpxtpx:TrackPointExtension></extensions></trkpt>
  <trkpt lat="52.5025823" lon="13.4142770"><ele>36.3</ele><time>2025-09-21T08:26:55Z</time><extensions><gpxtpx:TrackPointExtension><gpxtpx:hr>143</gpxtpx:hr></gpxtpx:TrackPointExtension></extensions></trkpt>
  <trkpt lat="52.5025287" lon="13.4144558"><ele>36.3</ele><time>2025-09-21T08:27:00Z</time><extensions><gpxtpx:TrackPointExtension><gpxtpx:hr>143</gpxtpx:hr></gpxtpx:TrackPointExtension></extensions></trkpt>
  <trkpt lat="52.5024842" lon="13.4146670"><ele>36.2</ele><time>2025-09-21T08:27:05Z</time><extensions><gpxtpx:TrackPointExtension><gpxtpx:hr>144</gpxtpx:hr></gpxtpx:TrackPointExtension></extensions></trkpt>
  <trkpt lat="52.5023816" lon="13.4147923"><ele>36.2</ele><time>2025-09-21T08:27:10Z</time><extensions><gpxtpx:TrackPointExtension><gpxtpx:hr>143</gpxtpx:hr></gpxtpx:TrackPointExtension></extensions></trkpt>
  <trkpt lat="52.5022982" lon="13.4149788"><ele>36.2</ele><time>2025-09-21T08:27:15Z</time><extensions><gpxtpx:TrackPointExtension><gpxtpx:hr>142</gpxtpx:hr></gpxtpx:TrackPointExtension></extensions></trkpt>
  <trkpt lat="52.5022358" lon="13.4151586"><ele>36.2</ele><time>2025-09-21T08:27:20Z</time><extensions><gpxtpx:TrackPointExtension><gpxtpx:hr>143</gpxtpx:hr></gpxtpx:TrackPointExtension></extensions></trkpt>
  <trkpt lat="52.5021725" lon="13.4153469"><ele>36.2</ele><time>2025-09-21T08:27:25Z</time><extensions><gpxtpx:TrackPointExtension><gpxtpx:hr>143</gpxtpx:hr></gpxtpx:TrackPointExtension></extensions></trkpt>
  <trkpt lat="52.5021104" lon="13.4155554"><ele>36.2</ele><time>2025-09-21T08:27:30Z</time><extensions><gpxtpx:TrackPointExtension><gpxtpx:hr>144</gpxtpx:hr></gpxtpx:TrackPointExtension></extensions></trkpt>
  <trkpt lat="52.5020528" lon="13.4157598"><ele>36.1</ele><time>2025-09-21T08:27:35Z</time><extensions><gpxtpx:TrackPointExtension><gpxtpx:hr>143</gpxtpx:hr></gpxtpx:TrackPointExtension></extensions></trkpt>
  <trkpt lat="52.5020075" lon="13.4159665"><ele>36.1</ele><time>2025-09-21T08:27:40Z</time><extensions><gpxtpx:TrackPointExtension><gpxtpx:hr>143</gpxtpx:hr></gpxtpx:TrackPointExtension></extensions></trkpt>
  <trkpt lat="52.5018976" lon="13.4160982"><ele>36.1</ele><time>2025-09-21T08:27:45Z</time><extensions><gpxtpx:TrackPointExtension><gpxtpx:hr>143</gpxtpx:hr></gpxtpx:TrackPointExtension></extensions></trkpt>
  <trkpt lat="52.5017885" lon="13.4162220"><ele>36.1</ele><time>2025-09-21T08:27:50Z</time><extensions><gpxtpx:TrackPointExtension><gpxtpx:hr>143</gpxtpx:hr></gpxtpx:TrackPointExtension></extensions></trkpt>
  <trkpt lat="52.5016861" lon="13.4163770"><ele>36.1</ele><time>2025-09-21T08:27:55Z</time><extensions><gpxtpx:TrackPointExtension><gpxtpx:hr>142</gpxtpx:hr></gpxtpx:TrackPointExtension></extensions></trkpt>
  <trkpt lat="52.5015675" lon="13.4165082"><ele>36.1</ele><time>2025-09-21T08:28:00Z</time><extensions><gpxtpx:TrackPointExtension><gpxtpx:hr>143</gpxtpx:hr></gpxtpx:TrackPointExtension></extensions></trkpt>
  <trkpt lat="52.5014509" lon="13.4165962"><ele>36.0</ele><time>2025-09-21T08:28:05Z</time><extensions><gpxtpx:TrackPointExtension><gpxtpx:hr>143</gpxtpx:hr></gpxtpx:TrackPointExtension></extensions></trkpt>
  <trkpt lat="52.5013287" lon="13.4167006"><ele>36.0</ele><time>2025-09-21T08:28:10Z</time><extensions><gpxtpx:TrackPointExtension><gpxtpx:hr>143</gpxtpx:hr></gpxtpx:TrackPointExtension></extensions></trkpt>
  <trkpt lat="52.5012094" lon="13.4167771"><ele>36.0</ele><time>2025-09-21T08:28:15Z</time><extensions><gpxtpx:TrackPointExtension><gpxtpx:hr>143</gpxtpx:hr></gpxtpx:TrackPointExtension></extensions></trkpt>
  <trkpt lat="52.5010858" lon="13.4168748"><ele>36.0</ele><time>2025-09-21T08:28:20Z</time><extensions><gpxtpx:TrackPointExtension><gpxtpx:hr>144</gpxtpx:hr></gpxtpx:TrackPointExtension></extensions></trkpt>
  <trkpt lat="52.5009544" lon="13.4169793"><ele>36.0</ele><time>2025-09-21T08:28:25Z</time><extensions><gpxtpx:TrackPointExtension><gpxtpx:hr>143</gpxtpx:hr></gpxtpx:TrackPointExtension></extensions></trkpt>
  <trkpt lat="52.5008373" lon="13.4170613"><ele>36.0</ele><time>2025-09-21T08:28:30Z</time><extensions><gpxtpx:TrackPointExtension><gpxtpx:hr>144</gpxtpx:hr></gpxtpx:TrackPointExtension></extensions></trkpt>
  <trkpt lat="52.5007179" lon="13.4171492"><ele>35.9</ele><time>2025-09-21T08:28:35Z</time><extensions><gpxtpx:TrackPointExtension><gpxtpx:hr>144</gpxtpx:hr></gpxtpx:TrackPointExtension></extensions></trkpt>
  <trkpt lat="52.5005890" lon="13.4172510"><ele>35.9</ele><time>2025-09-21T08:28:40Z</time><extensions><gpxtpx:TrackPointExtension><gpxtpx:hr>143</gpxtpx:hr></gpxtpx:TrackPointExtension></extensions></trkpt>
  <trkpt lat="52.5004593" lon="13.4173411"><ele>35.9</ele><time>2025-09-21T08:28:45Z</time><extensions><gpxtpx:TrackPointExtension><gpxtpx:hr>143</gpxtpx:hr></gpxtpx:TrackPointExtension></extensions></trkpt>
  <trkpt lat="52.5003409" lon="13.4174238"><ele>35.9</ele><time>2025-09-21T08:28:50Z</time><extensions><gpxtpx:TrackPointExtension><gpxtpx:hr>143</gpxtpx:hr></gpxtpx:TrackPointExtension></extensions></trkpt>
  <trkpt lat="52.5002075" lon="13.4174408"><ele>35.9</ele><time>2025-09-21T08:28:55Z</time><extensions><gpxtpx:TrackPointExtension><gpxtpx:hr>142</gpxtpx:hr></gpxtpx:TrackPointExtension></extensions></trkpt>
  <trkpt lat="52.5001182" lon="13.4174898"><ele>35.9</ele><time>2025-09-21T08:29:00Z</time><extensions><gpxtpx:TrackPointExtension><gpxtpx:hr>142</gpxtpx:hr></gpxtpx:TrackPointExtension></extensions></trkpt>
  <trkpt lat="52.5001107" lon="13.4176585"><ele>35.8</ele><time>2025-09-21T08:29:05Z</time><extensions><gpxtpx:TrackPointExtension><gpxtpx:hr>141</gpxtpx:hr></gpxtpx:TrackPointExtension></extensions></trkpt>
  <trkpt lat="52.4999896" lon="13.4177364"><ele>35.8</ele><time>2025-09-21T08:29:10Z</time><extensions><gpxtpx:TrackPointExtension><gpxtpx:hr>141</gpxtpx:hr></gpxtpx:TrackPointExtension></extensions></trkpt>
  <trkpt lat="52.4999321" lon="13.4175791"><ele>35.8</ele><time>2025-09-21T08:29:15Z</time><extensions><gpxtpx:TrackPointExtension><gpxtpx:hr>142</gpxtpx:hr></gpxtpx:TrackPointExtension></extensions></trkpt>
  <trkpt lat="52.4998095" lon="13.4176667"><ele>35.8</ele><time>2025-09-21T08:29:20Z</time><extensions><gpxtpx:TrackPointExtension><gpxtpx:hr>141</gpxtpx:hr></gpxtpx:TrackPointExtension></extensions></trkpt>
  <trkpt lat="52.4996913" lon="13.4177705"><ele>35.8</ele><time>2025-09-21T08:29:25Z</time><extensions><gpxtpx:TrackPointExtension><gpxtpx:hr>141</gpxtpx:hr></gpxtpx:TrackPointExtension></extensions></trkpt>
  <trkpt lat="52.4995708" lon="13.4178826"><ele>35.8</ele><time>2025-09-21T08:29:30Z</time><extensions><gpxtpx:TrackPointExtension><gpxtpx:hr>141</gpxtpx:hr></gpxtpx:TrackPointExtension></extensions></trkpt>
  <trkpt lat="52.4994632" lon="13.4178616"><ele>35.8</ele><time>2025-09-21T08:29:35Z</time><extensions><gpxtpx:TrackPointExtension><gpxtpx:hr>141</gpxtpx:hr></gpxtpx:TrackPointExtension></extensions></trkpt>
  <trkpt lat="52.4993541" lon="13.4178557"><ele>35.7</ele><time>2025-09-21T08:29:40Z</time><extensions><gpxtpx:TrackPointExtension><gpxtpx:hr>141</gpxtpx:hr></gpxtpx:TrackPointExtension></extensions></trkpt>
  <trkpt lat="52.4992346" lon="13.4179364"><ele>35.7</ele><time>2025-09-21T08:29:45Z</time><extensions><gpxtpx:TrackPointExtension><gpxtpx:hr>140</gpxtpx:hr></gpxtpx:TrackPointExtension></extensions></trkpt>
  <trkpt lat="52.4991085" lon="13.4180381"><ele>35.7</ele><time>2025-09-21T08:29:50Z</time><extensions><gpxtpx:TrackPointExtension><gpxtpx:hr>141</gpxtpx:hr></gpxtpx:TrackPointExtension></extensions></trkpt>
  <trkpt lat="52.4989888" lon="13.4180093"><ele>35.7</ele><time>2025-09-21T08:29:55Z</time><extensions><gpxtpx:TrackPointExtension><gpxtpx:hr>141</gpxtpx:hr></gpxtpx:TrackPointExtension></extensions></trkpt>
  <trkpt lat="52.4989693" lon="13.4179821"><ele>35.7</ele><time>2025-09-21T08:30:00Z</time><extensions><gpxtpx:TrackPointExtension><gpxtpx:hr>142</gpxtpx:hr></gpxtpx:TrackPointExtension></extensions></trkpt>
  <trkpt lat="52.4989016" lon="13.4178699"><ele>35.7</ele><time>2025-09-21T08:30:05Z</time><extensions><gpxtpx:TrackPointExtension><gpxtpx:hr>143</gpxtpx:hr></gpxtpx:TrackPointExtension></extensions></trkpt>
  <trkpt lat="52.4988328" lon="13.4178802"><ele>35.7</ele><time>2025-09-21T08:30:10Z</time><extensions><gpxtpx:TrackPointExtension><gpxtpx:hr>142</gpxtpx:hr></gpxtpx:TrackPointExtension></extensions></trkpt>
  <trkpt lat="52.4987395" lon="13.4180651"><ele>35.6</ele><time>2025-09-21T08:30:15Z</time><extensions><gpxtpx:TrackPointExtension><gpxtpx:hr>143</gpxtpx:hr></gpxtpx:TrackPointExtension></extensions></trkpt>
  <trkpt lat="52.4986867" lon="13.4182453"><ele>35.6</ele><time>2025-09-21T08:30:20Z</time><extensions><gpxtpx:TrackPointExtension><gpxtpx:hr>143</gpxtpx:hr></gpxtpx:TrackPointExtension></extensions></trkpt>
  <trkpt lat="52.4985800" lon="13.4182511"><ele>35.6</ele><time>2025-09-21T08:30:25Z</time><extensions><gpxtpx:TrackPointExtension><gpxtpx:hr>142</gpxtpx:hr></gpxtpx:TrackPointExtension></extensions></trkpt>
  <trkpt lat="52.4984527" lon="13.4183176"><ele>35.6</ele><time>2025-09-21T08:30:30Z</time><extensions><gpxtpx:TrackPointExtension><gpxtpx:hr>141</gpxtpx:hr></gpxtpx:TrackPointExtension></extensions></trkpt>
  <trkpt lat="52.4983214" lon="13.4183982"><ele>35.6</ele><time>2025-09-21T08:30:35Z</time><extensions><gpxtpx:TrackPointExtension><gpxtpx:hr>141</gpxtpx:hr></gpxtpx:TrackPointExtension></extensions></trkpt>
  <trkpt lat="52.4981935" lon="13.4184710"><ele>35.6</ele><time>2025-09-21T08:30:40Z</time><extensions><gpxtpx:TrackPointExtension><gpxtpx:hr>141</gpxtpx:hr></gpxtpx:TrackPointExtension></extensions></trkpt>
  <trkpt lat="52.4980742" lon="13.4185406"><ele>35.6</ele><time>2025-09-21T08:30:45Z</time><extensions><gpxtpx:TrackPointExtension><gpxtpx:hr>142</gpxtpx:hr></gpxtpx:TrackPointExtension></extensions></trkpt>
  <trkpt lat="52.4979302" lon="13.4186123"><ele>35.6</ele><time>2025-09-21T08:30:50Z</time><extensions><gpxtpx:TrackPointExtension><gpxtpx:hr>141</gpxtpx:hr></gpxtpx:TrackPointExtension></extensions></trkpt>
  <trkpt lat="52.4978057" lon="13.4186847"><ele>35.5</ele><time>2025-09-21T08:30:55Z</time><extensions><gpxtpx:TrackPointExtension><gpxtpx:hr>142</gpxtpx:hr></gpxtpx:TrackPointExtension></extensions></trkpt>
  <trkpt lat="52.4976841" lon="13.4187633"><ele>35.5</ele><time>2025-09-21T08:31:00Z</time><extensions><gpxtpx:TrackPointExtension><gpxtpx:hr>142</gpxtpx:hr></gpxtpx:TrackPointExtension></extensions></trkpt>
  <trkpt lat="52.4975439" lon="13.4188241"><ele>35.5</ele><time>2025-09-21T08:31:05Z</time><extensions><gpxtpx:TrackPointExtension><gpxtpx:hr>143</gpxtpx:hr></gpxtpx:TrackPointExtension></extensions></trkpt>
  <trkpt lat="52.4974170" lon="13.4189020"><ele>35.5</ele><time>2025-09-21T08:31:10Z</time><extensions><gpxtpx:TrackPointExtension><gpxtpx:hr>143</gpxtpx:hr></gpxtpx:TrackPointExtension></extensions></trkpt>
  <trkpt lat="52.4972900" lon="13.4189741"><ele>35.5</ele><time>2025-09-21T08:31:15Z</time><extensions><gpxtpx:TrackPointExtension><gpxtpx:hr>143</gpxtpx:hr></gpxtpx:TrackPointExtension></extensions></trkpt>
  <trkpt lat="52.4971568" lon="13.4190439"><ele>35.5</ele><time>2025-09-21T08:31:20Z</time><extensions><gpxtpx:TrackPointExtension><gpxtpx:hr>143</gpxtpx:hr></gpxtpx:TrackPointExtension></extensions></trkpt>
  <trkpt lat="52.4970365" lon="13.4191180"><ele>35.5</ele><time>2025-09-21T08:31:25Z</time><extensions><gpxtpx:TrackPointExtension><gpxtpx:hr>143</gpxtpx:hr></gpxtpx:TrackPointExtension></extensions></trkpt>
  <trkpt lat="52.4969104" lon="13.4191986"><ele>35.5</ele><time>2025-09-21T08:31:30Z</time><extensions><gpxtpx:TrackPointExtension><gpxtpx:hr>142</gpxtpx:hr></gpxtpx:TrackPointExtension></extensions></trkpt>
  <trkpt lat="52.4967706" lon="13.4192760"><ele>35.4</ele><time>2025-09-21T08:31:35Z</time><extensions><gpxtpx:TrackPointExtension><gpxtpx:hr>141</gpxtpx:hr></gpxtpx:TrackPointExtension></extensions></trkpt>
  <trkpt lat="52.4966555" lon="13.4193499"><ele>35.4</ele><time>2025-09-21T08:31:40Z</time><extensions><gpxtpx:TrackPointExtension><gpxtpx:hr>141</gpxtpx:hr></gpxtpx:TrackPointExtension></extensions></trkpt>
  <trkpt lat="52.4965267" lon="13.4194554"><ele>35.4</ele><time>2025-09-21T08:31:45Z</time><extensions><gpxtpx:TrackPointExtension><gpxtpx:hr>140</gpxtpx:hr></gpxtpx:TrackPointExtension></extensions></trkpt>
  <trkpt lat="52.4964067" lon="13.4195489"><ele>35.4</ele><time>2025-09-21T08:31:50Z</time><extensions><gpxtpx:TrackPointExtension><gpxtpx:hr>141</gpxtpx:hr></gpxtpx:TrackPointExtension></extensions></trkpt>
  <trkpt lat="52.4962924" lon="13.4196544"><ele>35.4</ele><time>2025-09-21T08:31:55Z</time><extensions><gpxtpx:TrackPointExtension><gpxtpx:hr>142</gpxtpx:hr></gpxtpx:TrackPointExtension></extensions></trkpt>
  <trkpt lat="52.4961803" lon="13.4197884"><ele>35.4</ele><time>2025-09-21T08:32:00Z</time><extensions><gpxtpx:TrackPointExtension><gpxtpx:hr>143</gpxtpx:hr></gpxtpx:TrackPointExtension></extensions></trkpt>
  <trkpt lat="52.4960649" lon="13.4198705"><ele>35.4</ele><time>2025-09-21T08:32:05Z</time><extensions><gpxtpx:TrackPointExtension><gpxtpx:hr>142</gpxtpx:hr></gpxtpx:TrackPointExtension></extensions></trkpt>
  <trkpt lat="52.4959361" lon="13.4199509"><ele>35.4</ele><time>2025-09-21T08:32:10Z</time><extensions><gpxtpx:TrackPointExtension><gpxtpx:hr>143</gpxtpx:hr></gpxtpx:TrackPointExtension></extensions></trkpt>
  <trkpt lat="52.4958031" lon="13.4200402"><ele>35.4</ele><time>2025-09-21T08:32:15Z</time><extensions><gpxtpx:TrackPointExtension><gpxtpx:hr>143</gpxtpx:hr></gpxtpx:TrackPointExtension></extensions></trkpt>
  <trkpt lat="52.4956741" lon="13.4201229"><ele>35.4</ele><time>2025-09-21T08:32:20Z</time><extensions><gpxtpx:TrackPointExtension><gpxtpx:hr>142</gpxtpx:hr></gpxtpx:TrackPointExtension></extensions></trkpt>
  <trkpt lat="52.4955623" lon="13.4202273"><ele>35.3</ele><time>2025-09-21T08:32:25Z</time><extensions><gpxtpx:TrackPointExtension><gpxtpx:hr>142</gpxtpx:hr></gpxtpx:TrackPointExtension></extensions></trkpt>
  <trkpt lat="52.4954340" lon="13.4203309"><ele>35.3</ele><time>2025-09-21T08:32:30Z</time><extensions><gpxtpx:TrackPointExtension><gpxtpx:hr>141</gpxtpx:hr></gpxtpx:TrackPointExtension></extensions></trkpt>
  <trkpt lat="52.4953112" lon="13.4204103"><ele>35.3</ele><time>2025-09-21T08:32:35Z</time><extensions><gpxtpx:TrackPointExtension><gpxtpx:hr>141</gpxtpx:hr></gpxtpx:TrackPointExtension></extensions></trkpt>
  <trkpt lat="52.4951843" lon="13.4204872"><ele>35.3</ele><time>2025-09-21T08:32:40Z</time><extensions><gpxtpx:TrackPointExtension><gpxtpx:hr>142</gpxtpx:hr></gpxtpx:TrackPointExtension></extensions></trkpt>
  <trkpt lat="52.4950562" lon="13.4205665"><ele>35.3</ele><time>2025-09-21T08:32:45Z</time><extensions><gpxtpx:TrackPointExtension><gpxtpx:hr>142</gpxtpx:hr></gpxtpx:TrackPointExtension></extensions></trkpt>
  <trkpt lat="52.4949272" lon="13.4206569"><ele>35.3</ele><time>2025-09-21T08:32:50Z</time><extensions><gpxtpx:TrackPointExtension><gpxtpx:hr>141</gpxtpx:hr></gpxtpx:TrackPointExtension></extensions></trkpt>
  <trkpt lat="52.4948032" lon="13.4207383"><ele>35.3</ele><time>2025-09-21T08:32:55Z</time><extensions><gpxtpx:TrackPointExtension><gpxtpx:hr>141</gpxtpx:hr></gpxtpx:TrackPointExtension></extensions></trkpt>
  <trkpt lat="52.4946727" lon="13.4207932"><ele>35.3</ele><time>2025-09-21T08:33:00Z</time><extensions><gpxtpx:TrackPointExtension><gpxtpx:hr>141</gpxtpx:hr></gpxtpx:TrackPointExtension></extensions></trkpt>
  <trkpt lat="52.4945474" lon="13.4208880"><ele>35.3</ele><time>2025-09-21T08:33:05Z</time><extensions><gpxtpx:TrackPointExtension><gpxtpx:hr>141</gpxtpx:hr></gpxtpx:TrackPointExtension></extensions></trkpt>
  <trkpt lat="52.4944213" lon="13.4209618"><ele>35.3</ele><time>2025-09-21T08:33:10Z</time><extensions><gpxtpx:TrackPointExtension><gpxtpx:hr>142</gpxtpx:hr></gpxtpx:TrackPointExtension></extensions></trkpt>
  <trkpt lat="52.4942945" lon="13.4210572"><ele>35.2</ele><time>2025-09-21T08:33:15Z</time><extensions><gpxtpx:TrackPointExtension><gpxtpx:hr>142</gpxtpx:hr></gpxtpx:TrackPointExtension></extensions></trkpt>
  <trkpt lat="52.4941720" lon="13.4211438"><ele>35.2</ele><time>2025-09-21T08:33:20Z</time><extensions><gpxtpx:TrackPointExtension><gpxtpx:hr>142</gpxtpx:hr></gpxtpx:TrackPointExtension></extensions></trkpt>
  <trkpt lat="52.4940390" lon="13.4212154"><ele>35.2</ele><time>2025-09-21T08:33:25Z</time><extensions><gpxtpx:TrackPointExtension><gpxtpx:hr>142</gpxtpx:hr></gpxtpx:TrackPointExtension></extensions></trkpt>
  <trkpt lat="52.4939135" lon="13.4212982"><ele>35.2</ele><time>2025-09-21T08:33:30Z</time><extensions><gpxtpx:TrackPointExtension><gpxtpx:hr>143</gpxtpx:hr></gpxtpx:TrackPointExtension></extensions></trkpt>
  <trkpt lat="52.4937938" lon="13.4213821"><ele>35.2</ele><time>2025-09-21T08:33:35Z</time><extensions><gpxtpx:TrackPointExtension><gpxtpx:hr>142</gpxtpx:hr></gpxtpx:TrackPointExtension></extensions></trkpt>
  <trkpt lat="52.4936626" lon="13.4214503"><ele>35.2</ele><time>2025-09-21T08:33:40Z</time><extensions><gpxtpx:TrackPointExtension><gpxtpx:hr>141</gpxtpx:hr></gpxtpx:TrackPointExtension></extensions></trkpt>
  <trkpt lat="52.4935344" lon="13.4215301"><ele>35.2</ele><time>2025-09-21T08:33:45Z</time><extensions><gpxtpx:TrackPointExtension><gpxtpx:hr>141</gpxtpx:hr></gpxtpx:TrackPointExtension></extensions></trkpt>
  <trkpt lat="52.4934085" lon="13.4216142"><ele>35.2</ele><time>2025-09-21T08:33:50Z</time><extensions><gpxtpx:TrackPointExtension><gpxtpx:hr>140</gpxtpx:hr></gpxtpx:TrackPointExtension></extensions></trkpt>
  <trkpt lat="52.4932852" lon="13.4216951"><ele>35.2</ele><time>2025-09-21T08:33:55Z</time><extensions><gpxtpx:TrackPointExtension><gpxtpx:hr>140</gpxtpx:hr></gpxtpx:TrackPointExtension></extensions></trkpt>
  <trkpt lat="52.4931524" lon="13.4217766"><ele>35.2</ele><time>2025-09-21T08:34:00Z</time><extensions><gpxtpx:TrackPointExtension><gpxtpx:hr>141</gpxtpx:hr></gpxtpx:TrackPointExtension></extensions></trkpt>
  <trkpt lat="52.4930211" lon="13.4218491"><ele>35.2</ele><time>2025-09-21T08:34:05Z</time><extensions><gpxtpx:TrackPointExtension><gpxtpx:hr>141</gpxtpx:hr></gpxtpx:TrackPointExtension></extensions></trkpt>
  <trkpt lat="52.4929006" lon="13.4219296"><ele>35.2</ele><time>2025-09-21T08:34:10Z</time><extensions><gpxtpx:TrackPointExtension><gpxtpx:hr>142</gpxtpx:hr></gpxtpx:TrackPointExtension></extensions></trkpt>
  <trkpt lat="52.4927714" lon="13.4219982"><ele>35.2</ele><time>2025-09-21T08:34:15Z</time><extensions><gpxtpx:TrackPointExtension><gpxtpx:hr>141</gpxtpx:hr></gpxtpx:TrackPointExtension></extensions></trkpt>
  <trkpt lat="52.4926461" lon="13.4220912"><ele>35.2</ele><time>2025-09-21T08:34:20Z</time><extensions><gpxtpx:TrackPointExtension><gpxtpx:hr>141</gpxtpx:hr></gpxtpx:TrackPointExtension></extensions></trkpt>
  <trkpt lat="52.4925151" lon="13.4221753"><ele>35.1</ele><time>2025-09-21T08:34:25Z</time><extensions><gpxtpx:TrackPointExtension><gpxtpx:hr>141</gpxtpx:hr></gpxtpx:TrackPointExtension></extensions></trkpt>
  <trkpt lat="52.4923892" lon="13.4222349"><ele>35.1</ele><time>2025-09-21T08:34:30Z</time><extensions><gpxtpx:TrackPointExtension><gpxtpx:hr>141</gpxtpx:hr></gpxtpx:TrackPointExtension></extensions></trkpt>
  <trkpt lat="52.4922674" lon="13.4223108"><ele>35.1</ele><time>2025-09-21T08:34:35Z</time><extensions><gpxtpx:TrackPointExtension><gpxtpx:hr>140</gpxtpx:hr></gpxtpx:TrackPointExtension></extensions></trkpt>
  <trkpt lat="52.4921342" lon="13.4223930"><ele>35.1</ele><time>2025-09-21T08:34:40Z</time><extensions><gpxtpx:TrackPointExtension><gpxtpx:hr>140</gpxtpx:hr></gpxtpx:TrackPointExtension></extensions></trkpt>
  <trkpt lat="52.4920091" lon="13.4224699"><ele>35.1</ele><time>2025-09-21T08:34:45Z</time><extensions><gpxtpx:TrackPointExtension><gpxtpx:hr>141</gpxtpx:hr></gpxtpx:TrackPointExtension></extensions></trkpt>
  <trkpt lat="52.4918827" lon="13.4225578"><ele>35.1</ele><time>2025-09-21T08:34:50Z</time><extensions><gpxtpx:TrackPointExtension><gpxtpx:hr>141</gpxtpx:hr></gpxtpx:TrackPointExtension></extensions></trkpt>
  <trkpt lat="52.4917583" lon="13.4226433"><ele>35.1</ele><time>2025-09-21T08:34:55Z</time><extensions><gpxtpx:TrackPointExtension><gpxtpx:hr>141</gpxtpx:hr></gpxtpx:TrackPointExtension></extensions></trkpt>
  <trkpt lat="52.4916233" lon="13.4227176"><ele>35.1</ele><time>2025-09-21T08:35:00Z</time><extensions><gpxtpx:TrackPointExtension><gpxtpx:hr>141</gpxtpx:hr></gpxtpx:TrackPointExtension></extensions></trkpt>
  <trkpt lat="52.4915002" lon="13.4227875"><ele>35.1</ele><time>2025-09-21T08:35:05Z</time><extensions><gpxtpx:TrackPointExtension><gpxtpx:hr>141</gpxtpx:hr></gpxtpx:TrackPointExtension></extensions></trkpt>
  <trkpt lat="52.4913685" lon="13.4228674"><ele>35.1</ele><time>2025-09-21T08:35:10Z</time><extensions><gpxtpx:TrackPointExtension><gpxtpx:hr>140</gpxtpx:hr></gpxtpx:TrackPointExtension></extensions></trkpt>
  <trkpt lat="52.4912456" lon="13.4229363"><ele>35.1</ele><time>2025-09-21T08:35:15Z</time><extensions><gpxtpx:TrackPointExtension><gpxtpx:hr>140</gpxtpx:hr></gpxtpx:TrackPointExtension></extensions></trkpt>
  <trkpt lat="52.4911180" lon="13.4230378"><ele>35.1</ele><time>2025-09-21T08:35:20Z</time><extensions><gpxtpx:TrackPointExtension><gpxtpx:hr>141</gpxtpx:hr></gpxtpx:TrackPointExtension></extensions></trkpt>
  <trkpt lat="52.4909852" lon="13.4231036"><ele>35.1</ele><time>2025-09-21T08:35:25Z</time><extensions><gpxtpx:TrackPointExtension><gpxtpx:hr>141</gpxtpx:hr></gpxtpx:TrackPointExtension></extensions></trkpt>
  <trkpt lat="52.4908585" lon="13.4231746"><ele>35.1</ele><time>2025-09-21T08:35:30Z</time><extensions><gpxtpx:TrackPointExtension><gpxtpx:hr>141</gpxtpx:hr></gpxtpx:TrackPointExtension></extensions></trkpt>
  <trkpt lat="52.4907393" lon="13.4232692"><ele>35.1</ele><time>2025-09-21T08:35:35Z</time><extensions><gpxtpx:TrackPointExtension><gpxtpx:hr>140</gpxtpx:hr></gpxtpx:TrackPointExtension></extensions></trkpt>
  <trkpt lat="52.4906081" lon="13.4233447"><ele>35.1</ele><time>2025-09-21T08:35:40Z</time><extensions><gpxtpx:TrackPointExtension><gpxtpx:hr>141</gpxtpx:hr></gpxtpx:TrackPointExtension></extensions></trkpt>
  <trkpt lat="52.4904758" lon="13.4234210"><ele>35.1</ele><time>2025-09-21T08:35:45Z</time><extensions><gpxtpx:TrackPointExtension><gpxtpx:hr>141</gpxtpx:hr></gpxtpx:TrackPointExtension></extensions></trkpt>
  <trkpt lat="52.4903632" lon="13.4235098"><ele>35.1</ele><time>2025-09-21T08:35:50Z</time><extensions><gpxtpx:TrackPointExtension><gpxtpx:hr>140</gpxtpx:hr></gpxtpx:TrackPointExtension></extensions></trkpt>
  <trkpt lat="52.4902258" lon="13.4235932"><ele>35.1</ele><time>2025-09-21T08:35:55Z</time><extensions><gpxtpx:TrackPointExtension><gpxtpx:hr>141</gpxtpx:hr></gpxtpx:TrackPointExtension></extensions></trkpt>
  <trkpt lat="52.4900930" lon="13.4236733"><ele>35.1</ele><time>2025-09-21T08:36:00Z</time><extensions><gpxtpx:TrackPointExtension><gpxtpx:hr>141</gpxtpx:hr></gpxtpx:TrackPointExtension></extensions></trkpt>
  <trkpt lat="52.4899796" lon="13.4237526"><ele>35.1</ele><time>2025-09-21T08:36:05Z</time><extensions><gpxtpx:TrackPointExtension><gpxtpx:hr>142</gpxtpx:hr></gpxtpx:TrackPointExtension></extensions></trkpt>
  <trkpt lat="52.4898480" lon="13.4238197"><ele>35.1</ele><time>2025-09-21T08:36:10Z</time><extensions><gpxtpx:TrackPointExtension><gpxtpx:hr>143</gpxtpx:hr></gpxtpx:TrackPointExtension></extensions></trkpt>
  <trkpt lat="52.4897212" lon="13.4239102"><ele>35.1</ele><time>2025-09-21T08:36:15Z</time><extensions><gpxtpx:TrackPointExtension><gpxtpx:hr>142</gpxtpx:hr></gpxtpx:TrackPointExtension></extensions></trkpt>
  <trkpt lat="52.4895905" lon="13.4239961"><ele>35.1</ele><time>2025-09-21T08:36:20Z</time><extensions><gpxtpx:TrackPointExtension><gpxtpx:hr>143</gpxtpx:hr></gpxtpx:TrackPointExtension></extensions></trkpt>
  <trkpt lat="52.4894580" lon="13.4240822"><ele>35.1</ele><time>2025-09-21T08:36:25Z</time><extensions><gpxtpx:TrackPointExtension><gpxtpx:hr>143</gpxtpx:hr></gpxtpx:TrackPointExtension></extensions></trkpt>
  <trkpt lat="52.4893384" lon="13.4241417"><ele>35.0</ele><time>2025-09-21T08:36:30Z</time><extensions><gpxtpx:TrackPointExtension><gpxtpx:hr>143</gpxtpx:hr></gpxtpx:TrackPointExtension></extensions></trkpt>
  <trkpt lat="52.4892206" lon="13.4242325"><ele>35.0</ele><time>2025-09-21T08:36:35Z</time><extensions><gpxtpx:TrackPointExtension><gpxtpx:hr>144</gpxtpx:hr></gpxtpx:TrackPointExtension></extensions></trkpt>
  <trkpt lat="52.4890839" lon="13.4243086"><ele>35.0</ele><time>2025-09-21T08:36:40Z</time><extensions><gpxtpx:TrackPointExtension><gpxtpx:hr>143</gpxtpx:hr></gpxtpx:TrackPointExtension></extensions></trkpt>
  <trkpt lat="52.4889606" lon="13.4243903"><ele>35.0</ele><time>2025-09-21T08:36:45Z</time><extensions><gpxtpx:TrackPointExtension><gpxtpx:hr>143</gpxtpx:hr></gpxtpx:TrackPointExtension></extensions></trkpt>
  <trkpt lat="52.4888332" lon="13.4244681"><ele>35.0</ele><time>2025-09-21T08:36:50Z</time><extensions><gpxtpx:TrackPointExtension><gpxtpx:hr>142</gpxtpx:hr></gpxtpx:TrackPointExtension></extensions></trkpt>
  <trkpt lat="52.4887001" lon="13.4245382"><ele>35.0</ele><time>2025-09-21T08:36:55Z</time><extensions><gpxtpx:TrackPointExtension><gpxtpx:hr>143</gpxtpx:hr></gpxtpx:TrackPointExtension></extensions></trkpt>
  <trkpt lat="52.4885761" lon="13.4246027"><ele>35.0</ele><time>2025-09-21T08:37:00Z</time><extensions><gpxtpx:TrackPointExtension><gpxtpx:hr>142</gpxtpx:hr></gpxtpx:TrackPointExtension></extensions></trkpt>
  <trkpt lat="52.4884473" lon="13.4246755"><ele>35.0</ele><time>2025-09-21T08:37:05Z</time><extensions><gpxtpx:TrackPointExtension><gpxtpx:hr>142</gpxtpx:hr></gpxtpx:TrackPointExtension></extensions></trkpt>
  <trkpt lat="52.4883225" lon="13.4247572"><ele>35.0</ele><time>2025-09-21T08:37:10Z</time><extensions><gpxtpx:TrackPointExtension><gpxtpx:hr>142</gpxtpx:hr></gpxtpx:TrackPointExtension></extensions></trkpt>
  <trkpt lat="52.4881853" lon="13.4247910"><ele>35.0</ele><time>2025-09-21T08:37:15Z</time><extensions><gpxtpx:TrackPointExtension><gpxtpx:hr>143</gpxtpx:hr></gpxtpx:TrackPointExtension></extensions></trkpt>
  <trkpt lat="52.4880520" lon="13.4248319"><ele>35.0</ele><time>2025-09-21T08:37:20Z</time><extensions><gpxtpx:TrackPointExtension><gpxtpx:hr>142</gpxtpx:hr></gpxtpx:TrackPointExtension></extensions></trkpt>
  <trkpt lat="52.4879196" lon="13.4248598"><ele>35.0</ele><time>2025-09-21T08:37:25Z</time><extensions><gpxtpx:TrackPointExtension><gpxtpx:hr>142</gpxtpx:hr></gpxtpx:TrackPointExtension></extensions></trkpt>
  <trkpt lat="52.4877954" lon="13.4249433"><ele>35.0</ele><time>2025-09-21T08:37:30Z</time><extensions><gpxtpx:TrackPointExtension><gpxtpx:hr>141</gpxtpx:hr></gpxtpx:TrackPointExtension></extensions></trkpt>
  <trkpt lat="52.4877274" lon="13.4250524"><ele>35.0</ele><time>2025-09-21T08:37:35Z</time><extensions><gpxtpx:TrackPointExtension><gpxtpx:hr>141</gpxtpx:hr></gpxtpx:TrackPointExtension></extensions></trkpt>
  <trkpt lat="52.4876481" lon="13.4251739"><ele>35.0</ele><time>2025-09-21T08:37:40Z</time><extensions><gpxtpx:TrackPointExtension><gpxtpx:hr>141</gpxtpx:hr></gpxtpx:TrackPointExtension></extensions></trkpt>
  <trkpt lat="52.4875178" lon="13.4251719"><ele>35.0</ele><time>2025-09-21T08:37:45Z</time><extensions><gpxtpx:TrackPointExtension><gpxtpx:hr>141</gpxtpx:hr></gpxtpx:TrackPointExtension></extensions></trkpt>
  <trkpt lat="52.4873952" lon="13.4250524"><ele>35.0</ele><time>2025-09-21T08:37:50Z</time><extensions><gpxtpx:TrackPointExtension><gpxtpx:hr>140</gpxtpx:hr></gpxtpx:TrackPointExtension></extensions></trkpt>
  <trkpt lat="52.4872973" lon="13.4249297"><ele>35.0</ele><time>2025-09-21T08:37:55Z</time><extensions><gpxtpx:TrackPointExtension><gpxtpx:hr>140</gpxtpx:hr></gpxtpx:TrackPointExtension></extensions></trkpt>
  <trkpt lat="52.4872157" lon="13.4248025"><ele>35.0</ele><time>2025-09-21T08:38:00Z</time><extensions><gpxtpx:TrackPointExtension><gpxtpx:hr>140</gpxtpx:hr></gpxtpx:TrackPointExtension></extensions></trkpt>
  <trkpt lat="52.4870926" lon="13.4247001"><ele>35.0</ele><time>2025-09-21T08:38:05Z</time><extensions><gpxtpx:TrackPointExtension><gpxtpx:hr>141</gpxtpx:hr></gpxtpx:TrackPointExtension></extensions></trkpt>
  <trkpt lat="52.4869717" lon="13.4245856"><ele>35.0</ele><time>2025-09-21T08:38:10Z</time><extensions><gpxtpx:TrackPointExtension><gpxtpx:hr>141</gpxtpx:hr></gpxtpx:TrackPointExtension></extensions></trkpt>
  <trkpt lat="52.4868466" lon="13.4245018"><ele>35.0</ele><time>2025-09-21T08:38:15Z</time><extensions><gpxtpx:TrackPointExtension><gpxtpx:hr>142</gpxtpx:hr></gpxtpx:TrackPointExtension></extensions></trkpt>
  <trkpt lat="52.4867199" lon="13.4244069"><ele>35.0</ele><time>2025-09-21T08:38:20Z</time><extensions><gpxtpx:TrackPointExtension><gpxtpx:hr>142</gpxtpx:hr></gpxtpx:TrackPointExtension></extensions></trkpt>
  <trkpt lat="52.4865909" lon="13.4243498"><ele>35.0</ele><time>2025-09-21T08:38:25Z</time><extensions><gpxtpx:TrackPointExtension><gpxtpx:hr>141</gpxtpx:hr></gpxtpx:TrackPointExtension></extensions></trkpt>
  <trkpt lat="52.4865798" lon="13.4242205"><ele>35.0</ele><time>2025-09-21T08:38:30Z</time><extensions><gpxtpx:TrackPointExtension><gpxtpx:hr>141</gpxtpx:hr></gpxtpx:TrackPointExtension></extensions></trkpt>
  <trkpt lat="52.4866356" lon="13.4240272"><ele>35.0</ele><time>2025-09-21T08:38:35Z</time><extensions><gpxtpx:TrackPointExtension><gpxtpx:hr>142</gpxtpx:hr></gpxtpx:TrackPointExtension></extensions></trkpt>
  <trkpt lat="52.4866976" lon="13.4238304"><ele>35.0</ele><time>2025-09-21T08:38:40Z</time><extensions><gpxtpx:TrackPointExtension><gpxtpx:hr>142</gpxtpx:hr></gpxtpx:TrackPointExtension></extensions></trkpt>
  <trkpt lat="52.4867535" lon="13.4236213"><ele>35.0</ele><time>2025-09-21T08:38:45Z</time><extensions><gpxtpx:TrackPointExtension><gpxtpx:hr>141</gpxtpx:hr></gpxtpx:TrackPointExtension></extensions></trkpt>
  <trkpt lat="52.4868211" lon="13.4234420"><ele>35.0</ele><time>2025-09-21T08:38:50Z</time><extensions><gpxtpx:TrackPointExtension><gpxtpx:hr>142</gpxtpx:hr></gpxtpx:TrackPointExtension></extensions></trkpt>
  <trkpt lat="52.4868735" lon="13.4232405"><ele>35.0</ele><time>2025-09-21T08:38:55Z</time><extensions><gpxtpx:TrackPointExtension><gpxtpx:hr>142</gpxtpx:hr></gpxtpx:TrackPointExtension></extensions></trkpt>
  <trkpt lat="52.4869287" lon="13.4230354"><ele>35.0</ele><time>2025-09-21T08:39:00Z</time><extensions><gpxtpx:TrackPointExtension><gpxtpx:hr>143</gpxtpx:hr></gpxtpx:TrackPointExtension></extensions></trkpt>
  <trkpt lat="52.4869950" lon="13.4228512"><ele>35.0</ele><time>2025-09-21T08:39:05Z</time><extensions><gpxtpx:TrackPointExtension><gpxtpx:hr>144</gpxtpx:hr></gpxtpx:TrackPointExtension></extensions></trkpt>
  <trkpt lat="52.4870626" lon="13.4226416"><ele>35.0</ele><time>2025-09-21T08:39:10Z</time><extensions><gpxtpx:TrackPointExtension><gpxtpx:hr>144</gpxtpx:hr></gpxtpx:TrackPointExtension></extensions></trkpt>
  <trkpt lat="52.4871159" lon="13.4224431"><ele>35.0</ele><time>2025-09-21T08:39:15Z</time><extensions><gpxtpx:TrackPointExtension><gpxtpx:hr>145</gpxtpx:hr></gpxtpx:TrackPointExtension></extensions></trkpt>
  <trkpt lat="52.4871681" lon="13.4222372"><ele>35.0</ele><time>2025-09-21T08:39:20Z</time><extensions><gpxtpx:TrackPointExtension><gpxtpx:hr>144</gpxtpx:hr></gpxtpx:TrackPointExtension></extensions></trkpt>
  <trkpt lat="52.4872297" lon="13.4220315"><ele>35.0</ele><time>2025-09-21T08:39:25Z</time><extensions><gpxtpx:TrackPointExtension><gpxtpx:hr>144</gpxtpx:hr></gpxtpx:TrackPointExtension></extensions></trkpt>
  <trkpt lat="52.4872857" lon="13.4218382"><ele>35.0</ele><time>2025-09-21T08:39:30Z</time><extensions><gpxtpx:TrackPointExtension><gpxtpx:hr>144</gpxtpx:hr></gpxtpx:TrackPointExtension></extensions></trkpt>
  <trkpt lat="52.4873445" lon="13.4216215"><ele>35.0</ele><time>2025-09-21T08:39:35Z</time><extensions><gpxtpx:TrackPointExtension><gpxtpx:hr>145</gpxtpx:hr></gpxtpx:TrackPointExtension></extensions></trkpt>
  <trkpt lat="52.4874036" lon="13.4214272"><ele>35.0</ele><time>2025-09-21T08:39:40Z</time><extensions><gpxtpx:TrackPointExtension><gpxtpx:hr>145</gpxtpx:hr></gpxtpx:TrackPointExtension></extensions></trkpt>
  <trkpt lat="52.4874401" lon="13.4212176"><ele>35.0</ele><time>2025-09-21T08:39:45Z</time><extensions><gpxtpx:TrackPointExtension><gpxtpx:hr>145</gpxtpx:hr></gpxtpx:TrackPointExtension></extensions></trkpt>
  <trkpt lat="52.4874359" lon="13.4209989"><ele>35.0</ele><time>2025-09-21T08:39:50Z</time><extensions><gpxtpx:TrackPointExtension><gpxtpx:hr>145</gpxtpx:hr></gpxtpx:TrackPointExtension></extensions></trkpt>
  <trkpt lat="52.4874603" lon="13.4207828"><ele>35.0</ele><time>2025-09-21T08:39:55Z</time><extensions><gpxtpx:TrackPointExtension><gpxtpx:hr>144</gpxtpx:hr></gpxtpx:TrackPointExtension></extensions></trkpt>
  <trkpt lat="52.4874898" lon="13.4205718"><ele>35.0</ele><time>2025-09-21T08:40:00Z</time><extensions><gpxtpx:TrackPointExtension><gpxtpx:hr>143</gpxtpx:hr></gpxtpx:TrackPointExtension></extensions></trkpt>
  <trkpt lat="52.4875260" lon="13.4203462"><ele>35.0</ele><time>2025-09-21T08:40:05Z</time><extensions><gpxtpx:TrackPointExtension><gpxtpx:hr>144</gpxtpx:hr></gpxtpx:TrackPointExtension></extensions></trkpt>
  <trkpt lat="52.4875472" lon="13.4201324"><ele>35.0</ele><time>2025-09-21T08:40:10Z</time><extensions><gpxtpx:TrackPointExtension><gpxtpx:hr>144</gpxtpx:hr></gpxtpx:TrackPointExtension></extensions></trkpt>
  <trkpt lat="52.4875834" lon="13.4199143"><ele>35.0</ele><time>2025-09-21T08:40:15Z</time><extensions><gpxtpx:TrackPointExtension><gpxtpx:hr>143</gpxtpx:hr></gpxtpx:TrackPointExtension></extensions></trkpt>
  <trkpt lat="52.4876173" lon="13.4196972"><ele>35.0</ele><time>2025-09-21T08:40:20Z</time><extensions><gpxtpx:TrackPointExtension><gpxtpx:hr>143</gpxtpx:hr></gpxtpx:TrackPointExtension></extensions></trkpt>
  <trkpt lat="52.4876420" lon="13.4194901"><ele>35.0</ele><time>2025-09-21T08:40:25Z</time><extensions><gpxtpx:TrackPointExtension><gpxtpx:hr>144</gpxtpx:hr></gpxtpx:TrackPointExtension></extensions></trkpt>
  <trkpt lat="52.4876775" lon="13.4192702"><ele>35.0</ele><time>2025-09-21T08:40:30Z</time><extensions><gpxtpx:TrackPointExtension><gpxtpx:hr>144</gpxtpx:hr></gpxtpx:TrackPointExtension></extensions></trkpt>
  <trkpt lat="52.4877067" lon="13.4190555"><ele>35.0</ele><time>2025-09-21T08:40:35Z</time><extensions><gpxtpx:TrackPointExtension><gpxtpx:hr>144</gpxtpx:hr></gpxtpx:TrackPointExtension></extensions></trkpt>
  <trkpt lat="52.4877282" lon="13.4188206"><ele>35.0</ele><time>2025-09-21T08:40:40Z</time><extensions><gpxtpx:TrackPointExtension><gpxtpx:hr>145</gpxtpx:hr></gpxtpx:TrackPointExtension></extensions></trkpt>
  <trkpt lat="52.4877646" lon="13.4186114"><ele>35.0</ele><time>2025-09-21T08:40:45Z</time><extensions><gpxtpx:TrackPointExtension><gpxtpx:hr>145</gpxtpx:hr></gpxtpx:TrackPointExtension></extensions></trkpt>
  <trkpt lat="52.4877805" lon="13.4183934"><ele>35.0</ele><time>2025-09-21T08:40:50Z</time><extensions><gpxtpx:TrackPointExtension><gpxtpx:hr>144</gpxtpx:hr></gpxtpx:TrackPointExtension></extensions></trkpt>
  <trkpt lat="52.4878127" lon="13.4181802"><ele>35.0</ele><time>2025-09-21T08:40:55Z</time><extensions><gpxtpx:TrackPointExtension><gpxtpx:hr>143</gpxtpx:hr></gpxtpx:TrackPointExtension></extensions></trkpt>
  <trkpt lat="52.4878441" lon="13.4179569"><ele>35.0</ele><time>2025-09-21T08:41:00Z</time><extensions><gpxtpx:TrackPointExtension><gpxtpx:hr>143</gpxtpx:hr></gpxtpx:TrackPointExtension></extensions></trkpt>
  <trkpt lat="52.4878803" lon="13.4177458"><ele>35.0</ele><time>2025-09-21T08:41:05Z</time><extensions><gpxtpx:TrackPointExtension><gpxtpx:hr>143</gpxtpx:hr></gpxtpx:TrackPointExtension></extensions></trkpt>
  <trkpt lat="52.4879040" lon="13.4175282"><ele>35.1</ele><time>2025-09-21T08:41:10Z</time><extensions><gpxtpx:TrackPointExtension><gpxtpx:hr>143</gpxtpx:hr></gpxtpx:TrackPointExtension></extensions></trkpt>
  <trkpt lat="52.4879243" lon="13.4173081"><ele>35.1</ele><time>2025-09-21T08:41:15Z</time><extensions><gpxtpx:TrackPointExtension><gpxtpx:hr>144</gpxtpx:hr></gpxtpx:TrackPointExtension></extensions></trkpt>
  <trkpt lat="52.4879550" lon="13.4171090"><ele>35.1</ele><time>2025-09-21T08:41:20Z</time><extensions><gpxtpx:TrackPointExtension><gpxtpx:hr>144</gpxtpx:hr></gpxtpx:TrackPointExtension></extensions></trkpt>
  <trkpt lat="52.4879889" lon="13.4168723"><ele>35.1</ele><time>2025-09-21T08:41:25Z</time><extensions><gpxtpx:TrackPointExtension><gpxtpx:hr>144</gpxtpx:hr></gpxtpx:TrackPointExtension></extensions></trkpt>
  <trkpt lat="52.4879998" lon="13.4166704"><ele>35.1</ele><time>2025-09-21T08:41:30Z</time><extensions><gpxtpx:TrackPointExtension><gpxtpx:hr>143</gpxtpx:hr></gpxtpx:TrackPointExtension></extensions></trkpt>
  <trkpt lat="52.4880507" lon="13.4164419"><ele>35.1</ele><time>2025-09-21T08:41:35Z</time><extensions><gpxtpx:TrackPointExtension><gpxtpx:hr>142</gpxtpx:hr></gpxtpx:TrackPointExtension></extensions></trkpt>
  <trkpt lat="52.4880659" lon="13.4162390"><ele>35.1</ele><time>2025-09-21T08:41:40Z</time><extensions><gpxtpx:TrackPointExtension><gpxtpx:hr>142</gpxtpx:hr></gpxtpx:TrackPointExtension></extensions></trkpt>
  <trkpt lat="52.4881001" lon="13.4160202"><ele>35.1</ele><time>2025-09-21T08:41:45Z</time><extensions><gpxtpx:TrackPointExtension><gpxtpx:hr>143</gpxtpx:hr></gpxtpx:TrackPointExtension></extensions></trkpt>
  <trkpt lat="52.4881307" lon="13.4157905"><ele>35.1</ele><time>2025-09-21T08:41:50Z</time><extensions><gpxtpx:TrackPointExtension><gpxtpx:hr>142</gpxtpx:hr></gpxtpx:TrackPointExtension></extensions></trkpt>
  <trkpt lat="52.4881535" lon="13.4155921"><ele>35.1</ele><time>2025-09-21T08:41:55Z</time><extensions><gpxtpx:TrackPointExtension><gpxtpx:hr>142</gpxtpx:hr></gpxtpx:TrackPointExtension></extensions></trkpt>
  <trkpt lat="52.4881719" lon="13.4153571"><ele>35.1</ele><time>2025-09-21T08:42:00Z</time><extensions><gpxtpx:TrackPointExtension><gpxtpx:hr>141</gpxtpx:hr></gpxtpx:TrackPointExtension></extensions></trkpt>
  <trkpt lat="52.4882204" lon="13.4151404"><ele>35.1</ele><time>2025-09-21T08:42:05Z</time><extensions><gpxtpx:TrackPointExtension><gpxtpx:hr>141</gpxtpx:hr></gpxtpx:TrackPointExtension></extensions></trkpt>
  <trkpt lat="52.4882382" lon="13.4149287"><ele>35.0</ele><time>2025-09-21T08:42:10Z</time><extensions><gpxtpx:TrackPointExtension><gpxtpx:hr>142</gpxtpx:hr></gpxtpx:TrackPointExtension></extensions></trkpt>
  <trkpt lat="52.4882641" lon="13.4147040"><ele>35.0</ele><time>2025-09-21T08:42:15Z</time><extensions><gpxtpx:TrackPointExtension><gpxtpx:hr>141</gpxtpx:hr></gpxtpx:TrackPointExtension></extensions></trkpt>
  <trkpt lat="52.4883031" lon="13.4144911"><ele>35.0</ele><time>2025-09-21T08:42:20Z</time><extensions><gpxtpx:TrackPointExtension><gpxtpx:hr>140</gpxtpx:hr></gpxtpx:TrackPointExtension></extensions></trkpt>
  <trkpt lat="52.4883312" lon="13.4142793"><ele>35.0</ele><time>2025-09-21T08:42:25Z</time><extensions><gpxtpx:TrackPointExtension><gpxtpx:hr>141</gpxtpx:hr></gpxtpx:TrackPointExtension></extensions></trkpt>
  <trkpt lat="52.4883513" lon="13.4140561"><ele>35.0</ele><time>2025-09-21T08:42:30Z</time><extensions><gpxtpx:TrackPointExtension><gpxtpx:hr>142</gpxtpx:hr></gpxtpx:TrackPointExtension></extensions></trkpt>
  <trkpt lat="52.4883739" lon="13.4138438"><ele>35.0</ele><time>2025-09-21T08:42:35Z</time><extensions><gpxtpx:TrackPointExtension><gpxtpx:hr>142</gpxtpx:hr></gpxtpx:TrackPointExtension></extensions></trkpt>
  <trkpt lat="52.4884014" lon="13.4136270"><ele>35.0</ele><time>2025-09-21T08:42:40Z</time><extensions><gpxtpx:TrackPointExtension><gpxtpx:hr>141</gpxtpx:hr></gpxtpx:TrackPointExtension></extensions></trkpt>
  <trkpt lat="52.4884410" lon="13.4134088"><ele>35.0</ele><time>2025-09-21T08:42:45Z</time><extensions><gpxtpx:TrackPointExtension><gpxtpx:hr>143</gpxtpx:hr></gpxtpx:TrackPointExtension></extensions></trkpt>
  <trkpt lat="52.4884645" lon="13.4131973"><ele>35.0</ele><time>2025-09-21T08:42:50Z</time><extensions><gpxtpx:TrackPointExtension><gpxtpx:hr>143</gpxtpx:hr></gpxtpx:TrackPointExtension></extensions></trkpt>
  <trkpt lat="52.4884910" lon="13.4129625"><ele>35.0</ele><time>2025-09-21T08:42:55Z</time><extensions><gpxtpx:TrackPointExtension><gpxtpx:hr>143</gpxtpx:hr></gpxtpx:TrackPointExtension></extensions></trkpt>
  <trkpt lat="52.4885203" lon="13.4127517"><ele>35.0</ele><time>2025-09-21T08:43:00Z</time><extensions><gpxtpx:TrackPointExtension><gpxtpx:hr>143</gpxtpx:hr></gpxtpx:TrackPointExtension></extensions></trkpt>
  <trkpt lat="52.4885518" lon="13.4125369"><ele>35.0</ele><time>2025-09-21T08:43:05Z</time><extensions><gpxtpx:TrackPointExtension><gpxtpx:hr>142</gpxtpx:hr></gpxtpx:TrackPointExtension></extensions></trkpt>
  <trkpt lat="52.4885779" lon="13.4123142"><ele>35.0</ele><time>2025-09-21T08:43:10Z</time><extensions><gpxtpx:TrackPointExtension><gpxtpx:hr>142</gpxtpx:hr></gpxtpx:TrackPointExtension></extensions></trkpt>
  <trkpt lat="52.4886088" lon="13.4121023"><ele>35.0</ele><time>2025-09-21T08:43:15Z</time><extensions><gpxtpx:TrackPointExtension><gpxtpx:hr>142</gpxtpx:hr></gpxtpx:TrackPointExtension></extensions></trkpt>
  <trkpt lat="52.4886360" lon="13.4118939"><ele>35.0</ele><time>2025-09-21T08:43:20Z</time><extensions><gpxtpx:TrackPointExtension><gpxtpx:hr>143</gpxtpx:hr></gpxtpx:TrackPointExtension></extensions></trkpt>
  <trkpt lat="52.4886610" lon="13.4116663"><ele>35.0</ele><time>2025-09-21T08:43:25Z</time><extensions><gpxtpx:TrackPointExtension><gpxtpx:hr>143</gpxtpx:hr></gpxtpx:TrackPointExtension></extensions></trkpt>
  <trkpt lat="52.4886945" lon="13.4114452"><ele>35.0</ele><time>2025-09-21T08:43:30Z</time><extensions><gpxtpx:TrackPointExtension><gpxtpx:hr>144</gpxtpx:hr></gpxtpx:TrackPointExtension></extensions></trkpt>
  <trkpt lat="52.4887187" lon="13.4112357"><ele>35.0</ele><time>2025-09-21T08:43:35Z</time><extensions><gpxtpx:TrackPointExtension><gpxtpx:hr>144</gpxtpx:hr></gpxtpx:TrackPointExtension></extensions></trkpt>
  <trkpt lat="52.4887446" lon="13.4110114"><ele>35.0</ele><time>2025-09-21T08:43:40Z</time><extensions><gpxtpx:TrackPointExtension><gpxtpx:hr>144</gpxtpx:hr></gpxtpx:TrackPointExtension></extensions></trkpt>
  <trkpt lat="52.4887733" lon="13.4107959"><ele>35.0</ele><time>2025-09-21T08:43:45Z</time><extensions><gpxtpx:TrackPointExtension><gpxtpx:hr>144</gpxtpx:hr></gpxtpx:TrackPointExtension></extensions></trkpt>
  <trkpt lat="52.4888017" lon="13.4105925"><ele>35.0</ele><time>2025-09-21T08:43:50Z</time><extensions><gpxtpx:TrackPointExtension><gpxtpx:hr>144</gpxtpx:hr></gpxtpx:TrackPointExtension></extensions></trkpt>
  <trkpt lat="52.4888373" lon="13.4103671"><ele>35.0</ele><time>2025-09-21T08:43:55Z</time><extensions><gpxtpx:TrackPointExtension><gpxtpx:hr>145</gpxtpx:hr></gpxtpx:TrackPointExtension></extensions></trkpt>
  <trkpt lat="52.4888675" lon="13.4101622"><ele>35.0</ele><time>2025-09-21T08:44:00Z</time><extensions><gpxtpx:TrackPointExtension><gpxtpx:hr>145</gpxtpx:hr></gpxtpx:TrackPointExtension></extensions></trkpt>
  <trkpt lat="52.4888816" lon="13.4099267"><ele>35.0</ele><time>2025-09-21T08:44:05Z</time><extensions><gpxtpx:TrackPointExtension><gpxtpx:hr>145</gpxtpx:hr></gpxtpx:TrackPointExtension></extensions></trkpt>
  <trkpt lat="52.4889085" lon="13.4097230"><ele>35.0</ele><time>2025-09-21T08:44:10Z</time><extensions><gpxtpx:TrackPointExtension><gpxtpx:hr>145</gpxtpx:hr></gpxtpx:TrackPointExtension></extensions></trkpt>
  <trkpt lat="52.4889353" lon="13.4095081"><ele>35.0</ele><time>2025-09-21T08:44:15Z</time><extensions><gpxtpx:TrackPointExtension><gpxtpx:hr>145</gpxtpx:hr></gpxtpx:TrackPointExtension></extensions></trkpt>
  <trkpt lat="52.4889809" lon="13.4092957"><ele>35.0</ele><time>2025-09-21T08:44:20Z</time><extensions><gpxtpx:TrackPointExtension><gpxtpx:hr>144</gpxtpx:hr></gpxtpx:TrackPointExtension></extensions></trkpt>
  <trkpt lat="52.4890003" lon="13.4090788"><ele>35.0</ele><time>2025-09-21T08:44:25Z</time><extensions><gpxtpx:TrackPointExtension><gpxtpx:hr>144</gpxtpx:hr></gpxtpx:TrackPointExtension></extensions></trkpt>
  <trkpt lat="52.4890348" lon="13.4088608"><ele>35.0</ele><time>2025-09-21T08:44:30Z</time><extensions><gpxtpx:TrackPointExtension><gpxtpx:hr>143</gpxtpx:hr></gpxtpx:TrackPointExtension></extensions></trkpt>
  <trkpt lat="52.4890600" lon="13.4086359"><ele>35.0</ele><time>2025-09-21T08:44:35Z</time><extensions><gpxtpx:TrackPointExtension><gpxtpx:hr>144</gpxtpx:hr></gpxtpx:TrackPointExtension></extensions></trkpt>
  <trkpt lat="52.4891118" lon="13.4084322"><ele>35.0</ele><time>2025-09-21T08:44:40Z</time><extensions><gpxtpx:TrackPointExtension><gpxtpx:hr>145</gpxtpx:hr></gpxtpx:TrackPointExtension></extensions></trkpt>
  <trkpt lat="52.4891485" lon="13.4082090"><ele>35.0</ele><time>2025-09-21T08:44:45Z</time><extensions><gpxtpx:TrackPointExtension><gpxtpx:hr>145</gpxtpx:hr></gpxtpx:TrackPointExtension></extensions></trkpt>
  <trkpt lat="52.4892377" lon="13.4081059"><ele>34.9</ele><time>2025-09-21T08:44:50Z</time><extensions><gpxtpx:TrackPointExtension><gpxtpx:hr>146</gpxtpx:hr></gpxtpx:TrackPointExtension></extensions></trkpt>
  <trkpt lat="52.4892899" lon="13.4079205"><ele>34.9</ele><time>2025-09-21T08:44:55Z</time><extensions><gpxtpx:TrackPointExtension><gpxtpx:hr>145</gpxtpx:hr></gpxtpx:TrackPointExtension></extensions></trkpt>
  <trkpt lat="52.4894153" lon="13.4079992"><ele>34.9</ele><time>2025-09-21T08:45:00Z</time><extensions><gpxtpx:TrackPointExtension><gpxtpx:hr>146</gpxtpx:hr></gpxtpx:TrackPointExtension></extensions></trkpt>
  <trkpt lat="52.4894814" lon="13.4078593"><ele>34.9</ele><time>2025-09-21T08:45:05Z</time><extensions><gpxtpx:TrackPointExtension><gpxtpx:hr>146</gpxtpx:hr></gpxtpx:TrackPointExtension></extensions></trkpt>
  <trkpt lat="52.4895122" lon="13.4076784"><ele>34.9</ele><time>2025-09-21T08:45:10Z</time><extensions><gpxtpx:TrackPointExtension><gpxtpx:hr>146</gpxtpx:hr></gpxtpx:TrackPointExtension></extensions></trkpt>
  <trkpt lat="52.4894531" lon="13.4075341"><ele>34.9</ele><time>2025-09-21T08:45:15Z</time><extensions><gpxtpx:TrackPointExtension><gpxtpx:hr>145</gpxtpx:hr></gpxtpx:TrackPointExtension></extensions></trkpt>
  <trkpt lat="52.4895120" lon="13.4073435"><ele>34.9</ele><time>2025-09-21T08:45:20Z</time><extensions><gpxtpx:TrackPointExtension><gpxtpx:hr>145</gpxtpx:hr></gpxtpx:TrackPointExtension></extensions></trkpt>
  <trkpt lat="52.4895554" lon="13.4071361"><ele>34.9</ele><time>2025-09-21T08:45:25Z</time><extensions><gpxtpx:TrackPointExtension><gpxtpx:hr>145</gpxtpx:hr></gpxtpx:TrackPointExtension></extensions></trkpt>
  <trkpt lat="52.4895565" lon="13.4069080"><ele>34.9</ele><time>2025-09-21T08:45:30Z</time><extensions><gpxtpx:TrackPointExtension><gpxtpx:hr>146</gpxtpx:hr></gpxtpx:TrackPointExtension></extensions></trkpt>
  <trkpt lat="52.4895770" lon="13.4066957"><ele>34.9</ele><time>2025-09-21T08:45:35Z</time><extensions><gpxtpx:TrackPointExtension><gpxtpx:hr>145</gpxtpx:hr></gpxtpx:TrackPointExtension></extensions></trkpt>
  <trkpt lat="52.4895983" lon="13.4064667"><ele>34.9</ele><time>2025-09-21T08:45:40Z</time><extensions><gpxtpx:TrackPointExtension><gpxtpx:hr>144</gpxtpx:hr></gpxtpx:TrackPointExtension></extensions></trkpt>
  <trkpt lat="52.4896066" lon="13.4062623"><ele>34.9</ele><time>2025-09-21T08:45:45Z</time><extensions><gpxtpx:TrackPointExtension><gpxtpx:hr>144</gpxtpx:hr></gpxtpx:TrackPointExtension></extensions></trkpt>
  <trkpt lat="52.4896184" lon="13.4060351"><ele>34.9</ele><time>2025-09-21T08:45:50Z</time><extensions><gpxtpx:TrackPointExtension><gpxtpx:hr>143</gpxtpx:hr></gpxtpx:TrackPointExtension></extensions></trkpt>
  <trkpt lat="52.4896170" lon="13.4058064"><ele>34.8</ele><time>2025-09-21T08:45:55Z</time><extensions><gpxtpx:TrackPointExtension><gpxtpx:hr>144</gpxtpx:hr></gpxtpx:TrackPointExtension></extensions></trkpt>
  <trkpt lat="52.4896244" lon="13.4055886"><ele>34.8</ele><time>2025-09-21T08:46:00Z</time><extensions><gpxtpx:TrackPointExtension><gpxtpx:hr>145</gpxtpx:hr></gpxtpx:TrackPointExtension></extensions></trkpt>
  <trkpt lat="52.4896248" lon="13.4053710"><ele>34.8</ele><time>2025-09-21T08:46:05Z</time><extensions><gpxtpx:TrackPointExtension><gpxtpx:hr>144</gpxtpx:hr></gpxtpx:TrackPointExtension></extensions></trkpt>
  <trkpt lat="52.4896655" lon="13.4051519"><ele>34.8</ele><time>2025-09-21T08:46:10Z</time><extensions><gpxtpx:TrackPointExtension><gpxtpx:hr>145</gpxtpx:hr></gpxtpx:TrackPointExtension></extensions></trkpt>
  <trkpt lat="52.4897026" lon="13.4049389"><ele>34.8</ele><time>2025-09-21T08:46:15Z</time><extensions><gpxtpx:TrackPointExtension><gpxtpx:hr>145</gpxtpx:hr></gpxtpx:TrackPointExtension></extensions></trkpt>
  <trkpt lat="52.4897492" lon="13.4047381"><ele>34.8</ele><time>2025-09-21T08:46:20Z</time><extensions><gpxtpx:TrackPointExtension><gpxtpx:hr>146</gpxtpx:hr></gpxtpx:TrackPointExtension></extensions></trkpt>
  <trkpt lat="52.4897788" lon="13.4045266"><ele>34.8</ele><time>2025-09-21T08:46:25Z</time><extensions><gpxtpx:TrackPointExtension><gpxtpx:hr>144</gpxtpx:hr></gpxtpx:TrackPointExtension></extensions></trkpt>
  <trkpt lat="52.4898160" lon="13.4042979"><ele>34.8</ele><time>2025-09-21T08:46:30Z</time><extensions><gpxtpx:TrackPointExtension><gpxtpx:hr>144</gpxtpx:hr></gpxtpx:TrackPointExtension></extensions></trkpt>
  <trkpt lat="52.4898562" lon="13.4040913"><ele>34.8</ele><time>2025-09-21T08:46:35Z</time><extensions><gpxtpx:TrackPointExtension><gpxtpx:hr>144</gpxtpx:hr></gpxtpx:TrackPointExtension></extensions></trkpt>
  <trkpt lat="52.4898999" lon="13.4038743"><ele>34.8</ele><time>2025-09-21T08:46:40Z</time><extensions><gpxtpx:TrackPointExtension><gpxtpx:hr>143</gpxtpx:hr></gpxtpx:TrackPointExtension></extensions></trkpt>
  <trkpt lat="52.4899419" lon="13.4036648"><ele>34.7</ele><time>2025-09-21T08:46:45Z</time><extensions><gpxtpx:TrackPointExtension><gpxtpx:hr>144</gpxtpx:hr></gpxtpx:TrackPointExtension></extensions></trkpt>
  <trkpt lat="52.4899916" lon="13.4034550"><ele>34.7</ele><time>2025-09-21T08:46:50Z</time><extensions><gpxtpx:TrackPointExtension><gpxtpx:hr>145</gpxtpx:hr></gpxtpx:TrackPointExtension></extensions></trkpt>
  <trkpt lat="52.4900260" lon="13.4032523"><ele>34.7</ele><time>2025-09-21T08:46:55Z</time><extensions><gpxtpx:TrackPointExtension><gpxtpx:hr>144</gpxtpx:hr></gpxtpx:TrackPointExtension></extensions></trkpt>
  <trkpt lat="52.4900890" lon="13.4030419"><ele>34.7</ele><time>2025-09-21T08:47:00Z</time><extensions><gpxtpx:TrackPointExtension><gpxtpx:hr>144</gpxtpx:hr></gpxtpx:TrackPointExtension></extensions></trkpt>
  <trkpt lat="52.4901169" lon="13.4028347"><ele>34.7</ele><time>2025-09-21T08:47:05Z</time><extensions><gpxtpx:TrackPointExtension><gpxtpx:hr>143</gpxtpx:hr></gpxtpx:TrackPointExtension></extensions></trkpt>
  <trkpt lat="52.4901664" lon="13.4026209"><ele>34.7</ele><time>2025-09-21T08:47:10Z</time><extensions><gpxtpx:TrackPointExtension><gpxtpx:hr>144</gpxtpx:hr></gpxtpx:TrackPointExtension></extensions></trkpt>
  <trkpt lat="52.4902014" lon="13.4024222"><ele>34.7</ele><time>2025-09-21T08:47:15Z</time><extensions><gpxtpx:TrackPointExtension><gpxtpx:hr>143</gpxtpx:hr></gpxtpx:TrackPointExtension></extensions></trkpt>
  <trkpt lat="52.4902433" lon="13.4021968"><ele>34.6</ele><time>2025-09-21T08:47:20Z</time><extensions><gpxtpx:TrackPointExtension><gpxtpx:hr>144</gpxtpx:hr></gpxtpx:TrackPointExtension></extensions></trkpt>
  <trkpt lat="52.4902864" lon="13.4019824"><ele>34.6</ele><time>2025-09-21T08:47:25Z</time><extensions><gpxtpx:TrackPointExtension><gpxtpx:hr>143</gpxtpx:hr></gpxtpx:TrackPointExtension></extensions></trkpt>
  <trkpt lat="52.4903345" lon="13.4017759"><ele>34.6</ele><time>2025-09-21T08:47:30Z</time><extensions><gpxtpx:TrackPointExtension><gpxtpx:hr>144</gpxtpx:hr></gpxtpx:TrackPointExtension></extensions></trkpt>
  <trkpt lat="52.4903711" lon="13.4015710"><ele>34.6</ele><time>2025-09-21T08:47:35Z</time><extensions><gpxtpx:TrackPointExtension><gpxtpx:hr>145</gpxtpx:hr></gpxtpx:TrackPointExtension></extensions></trkpt>
  <trkpt lat="52.4904180" lon="13.4013533"><ele>34.6</ele><time>2025-09-21T08:47:40Z</time><extensions><gpxtpx:TrackPointExtension><gpxtpx:hr>145</gpxtpx:hr></gpxtpx:TrackPointExtension></extensions></trkpt>
  <trkpt lat="52.4904526" lon="13.4011492"><ele>34.6</ele><time>2025-09-21T08:47:45Z</time><extensions><gpxtpx:TrackPointExtension><gpxtpx:hr>145</gpxtpx:hr></gpxtpx:TrackPointExtension></extensions></trkpt>
  <trkpt lat="52.4905059" lon="13.4009303"><ele>34.6</ele><time>2025-09-21T08:47:50Z</time><extensions><gpxtpx:TrackPointExtension><gpxtpx:hr>145</gpxtpx:hr></gpxtpx:TrackPointExtension></extensions></trkpt>
  <trkpt lat="52.4905495" lon="13.4007231"><ele>34.5</ele><time>2025-09-21T08:47:55Z</time><extensions><gpxtpx:TrackPointExtension><gpxtpx:hr>145</gpxtpx:hr></gpxtpx:TrackPointExtension></extensions></trkpt>
  <trkpt lat="52.4904628" lon="13.4005975"><ele>34.5</ele><time>2025-09-21T08:48:00Z</time><extensions><gpxtpx:TrackPointExtension><gpxtpx:hr>144</gpxtpx:hr></gpxtpx:TrackPointExtension></extensions></trkpt>
  <trkpt lat="52.4903376" lon="13.4004907"><ele>34.5</ele><time>2025-09-21T08:48:05Z</time><extensions><gpxtpx:TrackPointExtension><gpxtpx:hr>143</gpxtpx:hr></gpxtpx:TrackPointExtension></extensions></trkpt>
  <trkpt lat="52.4902188" lon="13.4004181"><ele>34.5</ele><time>2025-09-21T08:48:10Z</time><extensions><gpxtpx:TrackPointExtension><gpxtpx:hr>143</gpxtpx:hr></gpxtpx:TrackPointExtension></extensions></trkpt>
  <trkpt lat="52.4901289" lon="13.4002881"><ele>34.5</ele><time>2025-09-21T08:48:15Z</time><extensions><gpxtpx:TrackPointExtension><gpxtpx:hr>144</gpxtpx:hr></gpxtpx:TrackPointExtension></extensions></trkpt>
  <trkpt lat="52.4901730" lon="13.4000772"><ele>34.5</ele><time>2025-09-21T08:48:20Z</time><extensions><gpxtpx:TrackPointExtension><gpxtpx:hr>143</gpxtpx:hr></gpxtpx:TrackPointExtension></extensions></trkpt>
  <trkpt lat="52.4902179" lon="13.3998737"><ele>34.4</ele><time>2025-09-21T08:48:25Z</time><extensions><gpxtpx:TrackPointExtension><gpxtpx:hr>143</gpxtpx:hr></gpxtpx:TrackPointExtension></extensions></trkpt>
  <trkpt lat="52.4902604" lon="13.3996565"><ele>34.4</ele><time>2025-09-21T08:48:30Z</time><extensions><gpxtpx:TrackPointExtension><gpxtpx:hr>144</gpxtpx:hr></gpxtpx:TrackPointExtension></extensions></trkpt>
  <trkpt lat="52.4903139" lon="13.3994426"><ele>34.4</ele><time>2025-09-21T08:48:35Z</time><extensions><gpxtpx:TrackPointExtension><gpxtpx:hr>143</gpxtpx:hr></gpxtpx:TrackPointExtension></extensions></trkpt>
  <trkpt lat="52.4903518" lon="13.3992547"><ele>34.4</ele><time>2025-09-21T08:48:40Z</time><extensions><gpxtpx:TrackPointExtension><gpxtpx:hr>142</gpxtpx:hr></gpxtpx:TrackPointExtension></extensions></trkpt>
  <trkpt lat="52.4903991" lon="13.3990280"><ele>34.4</ele><time>2025-09-21T08:48:45Z</time><extensions><gpxtpx:TrackPointExtension><gpxtpx:hr>142</gpxtpx:hr></gpxtpx:TrackPointExtension></extensions></trkpt>
  <trkpt lat="52.4904365" lon="13.3988160"><ele>34.3</ele><time>2025-09-21T08:48:50Z</time><extensions><gpxtpx:TrackPointExtension><gpxtpx:hr>143</gpxtpx:hr></gpxtpx:TrackPointExtension></extensions></trkpt>
  <trkpt lat="52.4904769" lon="13.3986050"><ele>34.3</ele><time>2025-09-21T08:48:55Z</time><extensions><gpxtpx:TrackPointExtension><gpxtpx:hr>144</gpxtpx:hr></gpxtpx:TrackPointExtension></extensions></trkpt>
  <trkpt lat="52.4905181" lon="13.3983869"><ele>34.3</ele><time>2025-09-21T08:49:00Z</time><extensions><gpxtpx:TrackPointExtension><gpxtpx:hr>143</gpxtpx:hr></gpxtpx:TrackPointExtension></extensions></trkpt>
  <trkpt lat="52.4905594" lon="13.3981792"><ele>34.3</ele><time>2025-09-21T08:49:05Z</time><extensions><gpxtpx:TrackPointExtension><gpxtpx:hr>143</gpxtpx:hr></gpxtpx:TrackPointExtension></extensions></trkpt>
  <trkpt lat="52.4906029" lon="13.3979769"><ele>34.3</ele><time>2025-09-21T08:49:10Z</time><extensions><gpxtpx:TrackPointExtension><gpxtpx:hr>143</gpxtpx:hr></gpxtpx:TrackPointExtension></extensions></trkpt>
  <trkpt lat="52.4906459" lon="13.3977715"><ele>34.3</ele><time>2025-09-21T08:49:15Z</time><extensions><gpxtpx:TrackPointExtension><gpxtpx:hr>144</gpxtpx:hr></gpxtpx:TrackPointExtension></extensions></trkpt>
  <trkpt lat="52.4906938" lon="13.3975600"><ele>34.2</ele><time>2025-09-21T08:49:20Z</time><extensions><gpxtpx:TrackPointExtension><gpxtpx:hr>143</gpxtpx:hr></gpxtpx:TrackPointExtension></extensions></trkpt>
  <trkpt lat="52.4907267" lon="13.3973295"><ele>34.2</ele><time>2025-09-21T08:49:25Z</time><extensions><gpxtpx:TrackPointExtension><gpxtpx:hr>144</gpxtpx:hr></gpxtpx:TrackPointExtension></extensions></trkpt>
  <trkpt lat="52.4907690" lon="13.3971261"><ele>34.2</ele><time>2025-09-21T08:49:30Z</time><extensions><gpxtpx:TrackPointExtension><gpxtpx:hr>143</gpxtpx:hr></gpxtpx:TrackPointExtension></extensions></trkpt>
  <trkpt lat="52.4908148" lon="13.3969150"><ele>34.2</ele><time>2025-09-21T08:49:35Z</time><extensions><gpxtpx:TrackPointExtension><gpxtpx:hr>143</gpxtpx:hr></gpxtpx:TrackPointExtension></extensions></trkpt>
  <trkpt lat="52.4908550" lon="13.3967104"><ele>34.1</ele><time>2025-09-21T08:49:40Z</time><extensions><gpxtpx:TrackPointExtension><gpxtpx:hr>143</gpxtpx:hr></gpxtpx:TrackPointExtension></extensions></trkpt>
  <trkpt lat="52.4909000" lon="13.3964965"><ele>34.1</ele><time>2025-09-21T08:49:45Z</time><extensions><gpxtpx:TrackPointExtension><gpxtpx:hr>143</gpxtpx:hr></gpxtpx:TrackPointExtension></extensions></trkpt>
  <trkpt lat="52.4909414" lon="13.3962865"><ele>34.1</ele><time>2025-09-21T08:49:50Z</time><extensions><gpxtpx:TrackPointExtension><gpxtpx:hr>142</gpxtpx:hr></gpxtpx:TrackPointExtension></extensions></trkpt>
  <trkpt lat="52.4909849" lon="13.3960854"><ele>34.1</ele><time>2025-09-21T08:49:55Z</time><extensions><gpxtpx:TrackPointExtension><gpxtpx:hr>142</gpxtpx:hr></gpxtpx:TrackPointExtension></extensions></trkpt>
  <trkpt lat="52.4910273" lon="13.3958621"><ele>34.1</ele><time>2025-09-21T08:50:00Z</time><extensions><gpxtpx:TrackPointExtension><gpxtpx:hr>142</gpxtpx:hr></gpxtpx:TrackPointExtension></extensions></trkpt>
  <trkpt lat="52.4910626" lon="13.3956510"><ele>34.0</ele><time>2025-09-21T08:50:05Z</time><extensions><gpxtpx:TrackPointExtension><gpxtpx:hr>143</gpxtpx:hr></gpxtpx:TrackPointExtension></extensions></trkpt>
  <trkpt lat="52.4911109" lon="13.3954261"><ele>34.0</ele><time>2025-09-21T08:50:10Z</time><extensions><gpxtpx:TrackPointExtension><gpxtpx:hr>143</gpxtpx:hr></gpxtpx:TrackPointExtension></extensions></trkpt>
  <trkpt lat="52.4911525" lon="13.3952393"><ele>34.0</ele><time>2025-09-21T08:50:15Z</time><extensions><gpxtpx:TrackPointExtension><gpxtpx:hr>142</gpxtpx:hr></gpxtpx:TrackPointExtension></extensions></trkpt>
  <trkpt lat="52.4911948" lon="13.3950171"><ele>34.0</ele><time>2025-09-21T08:50:20Z</time><extensions><gpxtpx:TrackPointExtension><gpxtpx:hr>143</gpxtpx:hr></gpxtpx:TrackPointExtension></extensions></trkpt>
  <trkpt lat="52.4912316" lon="13.3948015"><ele>33.9</ele><time>2025-09-21T08:50:25Z</time><extensions><gpxtpx:TrackPointExtension><gpxtpx:hr>143</gpxtpx:hr></gpxtpx:TrackPointExtension></extensions></trkpt>
  <trkpt lat="52.4912832" lon="13.3945942"><ele>33.9</ele><time>2025-09-21T08:50:30Z</time><extensions><gpxtpx:TrackPointExtension><gpxtpx:hr>142</gpxtpx:hr></gpxtpx:TrackPointExtension></extensions></trkpt>
  <trkpt lat="52.4913293" lon="13.3943981"><ele>33.9</ele><time>2025-09-21T08:50:35Z</time><extensions><gpxtpx:TrackPointExtension><gpxtpx:hr>142</gpxtpx:hr></gpxtpx:TrackPointExtension></extensions></trkpt>
  <trkpt lat="52.4913673" lon="13.3941843"><ele>33.9</ele><time>2025-09-21T08:50:40Z</time><extensions><gpxtpx:TrackPointExtension><gpxtpx:hr>143</gpxtpx:hr></gpxtpx:TrackPointExtension></extensions></trkpt>
  <trkpt lat="52.4914025" lon="13.3939536"><ele>33.9</ele><time>2025-09-21T08:50:45Z</time><extensions><gpxtpx:TrackPointExtension><gpxtpx:hr>144</gpxtpx:hr></gpxtpx:TrackPointExtension></extensions></trkpt>
  <trkpt lat="52.4914410" lon="13.3937630"><ele>33.8</ele><time>2025-09-21T08:50:50Z</time><extensions><gpxtpx:TrackPointExtension><gpxtpx:hr>144</gpxtpx:hr></gpxtpx:TrackPointExtension></extensions></trkpt>
  <trkpt lat="52.4915003" lon="13.3935351"><ele>33.8</ele><time>2025-09-21T08:50:55Z</time><extensions><gpxtpx:TrackPointExtension><gpxtpx:hr>145</gpxtpx:hr></gpxtpx:TrackPointExtension></extensions></trkpt>
  <trkpt lat="52.4915316" lon="13.3933359"><ele>33.8</ele><time>2025-09-21T08:51:00Z</time><extensions><gpxtpx:TrackPointExtension><gpxtpx:hr>145</gpxtpx:hr></gpxtpx:TrackPointExtension></extensions></trkpt>
  <trkpt lat="52.4915774" lon="13.3931214"><ele>33.8</ele><time>2025-09-21T08:51:05Z</time><extensions><gpxtpx:TrackPointExtension><gpxtpx:hr>145</gpxtpx:hr></gpxtpx:TrackPointExtension></extensions></trkpt>
  <trkpt lat="52.4916230" lon="13.3929131"><ele>33.7</ele><time>2025-09-21T08:51:10Z</time><extensions><gpxtpx:TrackPointExtension><gpxtpx:hr>145</gpxtpx:hr></gpxtpx:TrackPointExtension></extensions></trkpt>
  <trkpt lat="52.4916587" lon="13.3926860"><ele>33.7</ele><time>2025-09-21T08:51:15Z</time><extensions><gpxtpx:TrackPointExtension><gpxtpx:hr>146</gpxtpx:hr></gpxtpx:TrackPointExtension></extensions></trkpt>
  <trkpt lat="52.4917046" lon="13.3924905"><ele>33.7</ele><time>2025-09-21T08:51:20Z</time><extensions><gpxtpx:TrackPointExtension><gpxtpx:hr>146</gpxtpx:hr></gpxtpx:TrackPointExtension></extensions></trkpt>
  <trkpt lat="52.4917523" lon="13.3922772"><ele>33.7</ele><time>2025-09-21T08:51:25Z</time><extensions><gpxtpx:TrackPointExtension><gpxtpx:hr>145</gpxtpx:hr></gpxtpx:TrackPointExtension></extensions></trkpt>
  <trkpt lat="52.4917936" lon="13.3920821"><ele>33.6</ele><time>2025-09-21T08:51:30Z</time><extensions><gpxtpx:TrackPointExtension><gpxtpx:hr>144</gpxtpx:hr></gpxtpx:TrackPointExtension></extensions></trkpt>
  <trkpt lat="52.4918377" lon="13.3918609"><ele>33.6</ele><time>2025-09-21T08:51:35Z</time><extensions><gpxtpx:TrackPointExtension><gpxtpx:hr>144</gpxtpx:hr></gpxtpx:TrackPointExtension></extensions></trkpt>
  <trkpt lat="52.4918811" lon="13.3916527"><ele>33.6</ele><time>2025-09-21T08:51:40Z</time><extensions><gpxtpx:TrackPointExtension><gpxtpx:hr>144</gpxtpx:hr></gpxtpx:TrackPointExtension></extensions></trkpt>
  <trkpt lat="52.4919163" lon="13.3914333"><ele>33.6</ele><time>2025-09-21T08:51:45Z</time><extensions><gpxtpx:TrackPointExtension><gpxtpx:hr>144</gpxtpx:hr></gpxtpx:TrackPointExtension></extensions></trkpt>
  <trkpt lat="52.4919642" lon="13.3912414"><ele>33.5</ele><time>2025-09-21T08:51:50Z</time><extensions><gpxtpx:TrackPointExtension><gpxtpx:hr>144</gpxtpx:hr></gpxtpx:TrackPointExtension></extensions></trkpt>
  <trkpt lat="52.4920002" lon="13.3910111"><ele>33.5</ele><time>2025-09-21T08:51:55Z</time><extensions><gpxtpx:TrackPointExtension><gpxtpx:hr>144</gpxtpx:hr></gpxtpx:TrackPointExtension></extensions></trkpt>
  <trkpt lat="52.4920330" lon="13.3907957"><ele>33.5</ele><time>2025-09-21T08:52:00Z</time><extensions><gpxtpx:TrackPointExtension><gpxtpx:hr>144</gpxtpx:hr></gpxtpx:TrackPointExtension></extensions></trkpt>
  <trkpt lat="52.4920800" lon="13.3905810"><ele>33.4</ele><time>2025-09-21T08:52:05Z</time><extensions><gpxtpx:TrackPointExtension><gpxtpx:hr>144</gpxtpx:hr></gpxtpx:TrackPointExtension></extensions></trkpt>
  <trkpt lat="52.4921248" lon="13.3903759"><ele>33.4</ele><time>2025-09-21T08:52:10Z</time><extensions><gpxtpx:TrackPointExtension><gpxtpx:hr>143</gpxtpx:hr></gpxtpx:TrackPointExtension></extensions></trkpt>
  <trkpt lat="52.4921676" lon="13.3901652"><ele>33.4</ele><time>2025-09-21T08:52:15Z</time><extensions><gpxtpx:TrackPointExtension><gpxtpx:hr>143</gpxtpx:hr></gpxtpx:TrackPointExtension></extensions></trkpt>
  <trkpt lat="52.4922043" lon="13.3899574"><ele>33.4</ele><time>2025-09-21T08:52:20Z</time><extensions><gpxtpx:TrackPointExtension><gpxtpx:hr>143</gpxtpx:hr></gpxtpx:TrackPointExtension></extensions></trkpt>
  <trkpt lat="52.4922497" lon="13.3897463"><ele>33.3</ele><time>2025-09-21T08:52:25Z</time><extensions><gpxtpx:TrackPointExtension><gpxtpx:hr>142</gpxtpx:hr></gpxtpx:TrackPointExtension></extensions></trkpt>
  <trkpt lat="52.4922855" lon="13.3895379"><ele>33.3</ele><time>2025-09-21T08:52:30Z</time><extensions><gpxtpx:TrackPointExtension><gpxtpx:hr>142</gpxtpx:hr></gpxtpx:TrackPointExtension></extensions></trkpt>
  <trkpt lat="52.4923420" lon="13.3893138"><ele>33.3</ele><time>2025-09-21T08:52:35Z</time><extensions><gpxtpx:TrackPointExtension><gpxtpx:hr>141</gpxtpx:hr></gpxtpx:TrackPointExtension></extensions></trkpt>
  <trkpt lat="52.4923691" lon="13.3891182"><ele>33.3</ele><time>2025-09-21T08:52:40Z</time><extensions><gpxtpx:TrackPointExtension><gpxtpx:hr>142</gpxtpx:hr></gpxtpx:TrackPointExtension></extensions></trkpt>
  <trkpt lat="52.4924286" lon="13.3889073"><ele>33.2</ele><time>2025-09-21T08:52:45Z</time><extensions><gpxtpx:TrackPointExtension><gpxtpx:hr>143</gpxtpx:hr></gpxtpx:TrackPointExtension></extensions></trkpt>
  <trkpt lat="52.4924619" lon="13.3886907"><ele>33.2</ele><time>2025-09-21T08:52:50Z</time><extensions><gpxtpx:TrackPointExtension><gpxtpx:hr>144</gpxtpx:hr></gpxtpx:TrackPointExtension></extensions></trkpt>
  <trkpt lat="52.4925081" lon="13.3884783"><ele>33.2</ele><time>2025-09-21T08:52:55Z</time><extensions><gpxtpx:TrackPointExtension><gpxtpx:hr>143</gpxtpx:hr></gpxtpx:TrackPointExtension></extensions></trkpt>
  <trkpt lat="52.4925494" lon="13.3882648"><ele>33.1</ele><time>2025-09-21T08:53:00Z</time><extensions><gpxtpx:TrackPointExtension><gpxtpx:hr>144</gpxtpx:hr></gpxtpx:TrackPointExtension></extensions></trkpt>
  <trkpt lat="52.4925811" lon="13.3880546"><ele>33.1</ele><time>2025-09-21T08:53:05Z</time><extensions><gpxtpx:TrackPointExtension><gpxtpx:hr>143</gpxtpx:hr></gpxtpx:TrackPointExtension></extensions></trkpt>
  <trkpt lat="52.4926276" lon="13.3878471"><ele>33.1</ele><time>2025-09-21T08:53:10Z</time><extensions><gpxtpx:TrackPointExtension><gpxtpx:hr>144</gpxtpx:hr></gpxtpx:TrackPointExtension></extensions></trkpt>
  <trkpt lat="52.4926648" lon="13.3876356"><ele>33.1</ele><time>2025-09-21T08:53:15Z</time><extensions><gpxtpx:TrackPointExtension><gpxtpx:hr>145</gpxtpx:hr></gpxtpx:TrackPointExtension></extensions></trkpt>
  <trkpt lat="52.4927069" lon="13.3874147"><ele>33.0</ele><time>2025-09-21T08:53:20Z</time><extensions><gpxtpx:TrackPointExtension><gpxtpx:hr>145</gpxtpx:hr></gpxtpx:TrackPointExtension></extensions></trkpt>
  <trkpt lat="52.4927569" lon="13.3872217"><ele>33.0</ele><time>2025-09-21T08:53:25Z</time><extensions><gpxtpx:TrackPointExtension><gpxtpx:hr>146</gpxtpx:hr></gpxtpx:TrackPointExtension></extensions></trkpt>
  <trkpt lat="52.4928054" lon="13.3870084"><ele>33.0</ele><time>2025-09-21T08:53:30Z</time><extensions><gpxtpx:TrackPointExtension><gpxtpx:hr>146</gpxtpx:hr></gpxtpx:TrackPointExtension></extensions></trkpt>
  <trkpt lat="52.4928474" lon="13.3867848"><ele>33.0</ele><time>2025-09-21T08:53:35Z</time><extensions><gpxtpx:TrackPointExtension><gpxtpx:hr>146</gpxtpx:hr></gpxtpx:TrackPointExtension></extensions></trkpt>
  <trkpt lat="52.4928733" lon="13.3865834"><ele>32.9</ele><time>2025-09-21T08:53:40Z</time><extensions><gpxtpx:TrackPointExtension><gpxtpx:hr>146</gpxtpx:hr></gpxtpx:TrackPointExtension></extensions></trkpt>
  <trkpt lat="52.4929196" lon="13.3863653"><ele>32.9</ele><time>2025-09-21T08:53:45Z</time><extensions><gpxtpx:TrackPointExtension><gpxtpx:hr>146</gpxtpx:hr></gpxtpx:TrackPointExtension></extensions></trkpt>
  <trkpt lat="52.4929607" lon="13.3861561"><ele>32.9</ele><time>2025-09-21T08:53:50Z</time><extensions><gpxtpx:TrackPointExtension><gpxtpx:hr>146</gpxtpx:hr></gpxtpx:TrackPointExtension></extensions></trkpt>
  <trkpt lat="52.4930073" lon="13.3859373"><ele>32.8</ele><time>2025-09-21T08:53:55Z</time><extensions><gpxtpx:TrackPointExtension><gpxtpx:hr>146</gpxtpx:hr></gpxtpx:TrackPointExtension></extensions></trkpt>
  <trkpt lat="52.4930407" lon="13.3857410"><ele>32.8</ele><time>2025-09-21T08:54:00Z</time><extensions><gpxtpx:TrackPointExtension><gpxtpx:hr>145</gpxtpx:hr></gpxtpx:TrackPointExtension></extensions></trkpt>
  <trkpt lat="52.4930774" lon="13.3855217"><ele>32.8</ele><time>2025-09-21T08:54:05Z</time><extensions><gpxtpx:TrackPointExtension><gpxtpx:hr>145</gpxtpx:hr></gpxtpx:TrackPointExtension></extensions></trkpt>
  <trkpt lat="52.4931215" lon="13.3853040"><ele>32.8</ele><time>2025-09-21T08:54:10Z</time><extensions><gpxtpx:TrackPointExtension><gpxtpx:hr>145</gpxtpx:hr></gpxtpx:TrackPointExtension></extensions></trkpt>
  <trkpt lat="52.4931620" lon="13.3851037"><ele>32.7</ele><time>2025-09-21T08:54:15Z</time><extensions><gpxtpx:TrackPointExtension><gpxtpx:hr>145</gpxtpx:hr></gpxtpx:TrackPointExtension></extensions></trkpt>
  <trkpt lat="52.4932121" lon="13.3848818"><ele>32.7</ele><time>2025-09-21T08:54:20Z</time><extensions><gpxtpx:TrackPointExtension><gpxtpx:hr>146</gpxtpx:hr></gpxtpx:TrackPointExtension></extensions></trkpt>
  <trkpt lat="52.4932524" lon="13.3846743"><ele>32.7</ele><time>2025-09-21T08:54:25Z</time><extensions><gpxtpx:TrackPointExtension><gpxtpx:hr>146</gpxtpx:hr></gpxtpx:TrackPointExtension></extensions></trkpt>
  <trkpt lat="52.4932849" lon="13.3844726"><ele>32.6</ele><time>2025-09-21T08:54:30Z</time><extensions><gpxtpx:TrackPointExtension><gpxtpx:hr>146</gpxtpx:hr></gpxtpx:TrackPointExtension></extensions></trkpt>
  <trkpt lat="52.4933285" lon="13.3842522"><ele>32.6</ele><time>2025-09-21T08:54:35Z</time><extensions><gpxtpx:TrackPointExtension><gpxtpx:hr>147</gpxtpx:hr></gpxtpx:TrackPointExtension></extensions></trkpt>
  <trkpt lat="52.4933699" lon="13.3840470"><ele>32.6</ele><time>2025-09-21T08:54:40Z</time><extensions><gpxtpx:TrackPointExtension><gpxtpx:hr>146</gpxtpx:hr></gpxtpx:TrackPointExtension></extensions></trkpt>
  <trkpt lat="52.4934086" lon="13.3838349"><ele>32.6</ele><time>2025-09-21T08:54:45Z</time><extensions><gpxtpx:TrackPointExtension><gpxtpx:hr>146</gpxtpx:hr></gpxtpx:TrackPointExtension></extensions></trkpt>
  <trkpt lat="52.4934026" lon="13.3836098"><ele>32.5</ele><time>2025-09-21T08:54:50Z</time><extensions><gpxtpx:TrackPointExtension><gpxtpx:hr>147</gpxtpx:hr></gpxtpx:TrackPointExtension></extensions></trkpt>
  <trkpt lat="52.4933600" lon="13.3833991"><ele>32.5</ele><time>2025-09-21T08:54:55Z</time><extensions><gpxtpx:TrackPointExtension><gpxtpx:hr>147</gpxtpx:hr></gpxtpx:TrackPointExtension></extensions></trkpt>
  <trkpt lat="52.4933211" lon="13.3831862"><ele>32.5</ele><time>2025-09-21T08:55:00Z</time><extensions><gpxtpx:TrackPointExtension><gpxtpx:hr>146</gpxtpx:hr></gpxtpx:TrackPointExtension></extensions></trkpt>
  <trkpt lat="52.4932693" lon="13.3829852"><ele>32.5</ele><time>2025-09-21T08:55:05Z</time><extensions><gpxtpx:TrackPointExtension><gpxtpx:hr>147</gpxtpx:hr></gpxtpx:TrackPointExtension></extensions></trkpt>
  <trkpt lat="52.4932011" lon="13.3827917"><ele>32.4</ele><time>2025-09-21T08:55:10Z</time><extensions><gpxtpx:TrackPointExtension><gpxtpx:hr>146</gpxtpx:hr></gpxtpx:TrackPointExtension></extensions></trkpt>
  <trkpt lat="52.4931423" lon="13.3825969"><ele>32.4</ele><time>2025-09-21T08:55:15Z</time><extensions><gpxtpx:TrackPointExtension><gpxtpx:hr>146</gpxtpx:hr></gpxtpx:TrackPointExtension></extensions></trkpt>
  <trkpt lat="52.4930710" lon="13.3824046"><ele>32.4</ele><time>2025-09-21T08:55:20Z</time><extensions><gpxtpx:TrackPointExtension><gpxtpx:hr>145</gpxtpx:hr></gpxtpx:TrackPointExtension></extensions></trkpt>
  <trkpt lat="52.4930102" lon="13.3821995"><ele>32.3</ele><time>2025-09-21T08:55:25Z</time><extensions><gpxtpx:TrackPointExtension><gpxtpx:hr>146</gpxtpx:hr></gpxtpx:TrackPointExtension></extensions></trkpt>
  <trkpt lat="52.4929529" lon="13.3820073"><ele>32.3</ele><time>2025-09-21T08:55:30Z</time><extensions><gpxtpx:TrackPointExtension><gpxtpx:hr>146</gpxtpx:hr></gpxtpx:TrackPointExtension></extensions></trkpt>
  <trkpt lat="52.4928836" lon="13.3818038"><ele>32.3</ele><time>2025-09-21T08:55:35Z</time><extensions><gpxtpx:TrackPointExtension><gpxtpx:hr>145</gpxtpx:hr></gpxtpx:TrackPointExtension></extensions></trkpt>
  <trkpt lat="52.4929556" lon="13.3816800"><ele>32.3</ele><time>2025-09-21T08:55:40Z</time><extensions><gpxtpx:TrackPointExtension><gpxtpx:hr>144</gpxtpx:hr></gpxtpx:TrackPointExtension></extensions></trkpt>
  <trkpt lat="52.4929204" lon="13.3814921"><ele>32.2</ele><time>2025-09-21T08:55:45Z</time><extensions><gpxtpx:TrackPointExtension><gpxtpx:hr>144</gpxtpx:hr></gpxtpx:TrackPointExtension></extensions></trkpt>
  <trkpt lat="52.4928584" lon="13.3813023"><ele>32.2</ele><time>2025-09-21T08:55:50Z</time><extensions><gpxtpx:TrackPointExtension><gpxtpx:hr>143</gpxtpx:hr></gpxtpx:TrackPointExtension></extensions></trkpt>
  <trkpt lat="52.4927979" lon="13.3810994"><ele>32.2</ele><time>2025-09-21T08:55:55Z</time><extensions><gpxtpx:TrackPointExtension><gpxtpx:hr>144</gpxtpx:hr></gpxtpx:TrackPointExtension></extensions></trkpt>
  <trkpt lat="52.4927432" lon="13.3808994"><ele>32.2</ele><time>2025-09-21T08:56:00Z</time><extensions><gpxtpx:TrackPointExtension><gpxtpx:hr>145</gpxtpx:hr></gpxtpx:TrackPointExtension></extensions></trkpt>
  <trkpt lat="52.4926762" lon="13.3807098"><ele>32.1</ele><time>2025-09-21T08:56:05Z</time><extensions><gpxtpx:TrackPointExtension><gpxtpx:hr>144</gpxtpx:hr></gpxtpx:TrackPointExtension></extensions></trkpt>
  <trkpt lat="52.4926093" lon="13.3805071"><ele>32.1</ele><time>2025-09-21T08:56:10Z</time><extensions><gpxtpx:TrackPointExtension><gpxtpx:hr>144</gpxtpx:hr></gpxtpx:TrackPointExtension></extensions></trkpt>
  <trkpt lat="52.4925514" lon="13.3803055"><ele>32.1</ele><time>2025-09-21T08:56:15Z</time><extensions><gpxtpx:TrackPointExtension><gpxtpx:hr>143</gpxtpx:hr></gpxtpx:TrackPointExtension></extensions></trkpt>
  <trkpt lat="52.4924882" lon="13.3801067"><ele>32.0</ele><time>2025-09-21T08:56:20Z</time><extensions><gpxtpx:TrackPointExtension><gpxtpx:hr>143</gpxtpx:hr></gpxtpx:TrackPointExtension></extensions></trkpt>
  <trkpt lat="52.4924278" lon="13.3799214"><ele>32.0</ele><time>2025-09-21T08:56:25Z</time><extensions><gpxtpx:TrackPointExtension><gpxtpx:hr>144</gpxtpx:hr></gpxtpx:TrackPointExtension></extensions></trkpt>
  <trkpt lat="52.4923619" lon="13.3797195"><ele>32.0</ele><time>2025-09-21T08:56:30Z</time><extensions><gpxtpx:TrackPointExtension><gpxtpx:hr>144</gpxtpx:hr></gpxtpx:TrackPointExtension></extensions></trkpt>
  <trkpt lat="52.4922495" lon="13.3796694"><ele>32.0</ele><time>2025-09-21T08:56:35Z</time><extensions><gpxtpx:TrackPointExtension><gpxtpx:hr>144</gpxtpx:hr></gpxtpx:TrackPointExtension></extensions></trkpt>
  <trkpt lat="52.4921671" lon="13.3795266"><ele>31.9</ele><time>2025-09-21T08:56:40Z</time><extensions><gpxtpx:TrackPointExtension><gpxtpx:hr>145</gpxtpx:hr></gpxtpx:TrackPointExtension></extensions></trkpt>
  <trkpt lat="52.4921027" lon="13.3793306"><ele>31.9</ele><time>2025-09-21T08:56:45Z</time><extensions><gpxtpx:TrackPointExtension><gpxtpx:hr>145</gpxtpx:hr></gpxtpx:TrackPointExtension></extensions></trkpt>
  <trkpt lat="52.4920782" lon="13.3791407"><ele>31.9</ele><time>2025-09-21T08:56:50Z</time><extensions><gpxtpx:TrackPointExtension><gpxtpx:hr>146</gpxtpx:hr></gpxtpx:TrackPointExtension></extensions></trkpt>
  <trkpt lat="52.4920099" lon="13.3789457"><ele>31.9</ele><time>2025-09-21T08:56:55Z</time><extensions><gpxtpx:TrackPointExtension><gpxtpx:hr>146</gpxtpx:hr></gpxtpx:TrackPointExtension></extensions></trkpt>
  <trkpt lat="52.4919369" lon="13.3787356"><ele>31.8</ele><time>2025-09-21T08:57:00Z</time><extensions><gpxtpx:TrackPointExtension><gpxtpx:hr>146</gpxtpx:hr></gpxtpx:TrackPointExtension></extensions></trkpt>
  <trkpt lat="52.4918712" lon="13.3785640"><ele>31.8</ele><time>2025-09-21T08:57:05Z</time><extensions><gpxtpx:TrackPointExtension><gpxtpx:hr>145</gpxtpx:hr></gpxtpx:TrackPointExtension></extensions></trkpt>
  <trkpt lat="52.4918105" lon="13.3783707"><ele>31.8</ele><time>2025-09-21T08:57:10Z</time><extensions><gpxtpx:TrackPointExtension><gpxtpx:hr>146</gpxtpx:hr></gpxtpx:TrackPointExtension></extensions></trkpt>
  <trkpt lat="52.4917391" lon="13.3781818"><ele>31.8</ele><time>2025-09-21T08:57:15Z</time><extensions><gpxtpx:TrackPointExtension><gpxtpx:hr>146</gpxtpx:hr></gpxtpx:TrackPointExtension></extensions></trkpt>
  <trkpt lat="52.4916814" lon="13.3779801"><ele>31.7</ele><time>2025-09-21T08:57:20Z</time><extensions><gpxtpx:TrackPointExtension><gpxtpx:hr>146</gpxtpx:hr></gpxtpx:TrackPointExtension></extensions></trkpt>
  <trkpt lat="52.4916114" lon="13.3777819"><ele>31.7</ele><time>2025-09-21T08:57:25Z</time><extensions><gpxtpx:TrackPointExtension><gpxtpx:hr>145</gpxtpx:hr></gpxtpx:TrackPointExtension></extensions></trkpt>
  <trkpt lat="52.4915520" lon="13.3775819"><ele>31.7</ele><time>2025-09-21T08:57:30Z</time><extensions><gpxtpx:TrackPointExtension><gpxtpx:hr>145</gpxtpx:hr></gpxtpx:TrackPointExtension></extensions></trkpt>
  <trkpt lat="52.4914893" lon="13.3773906"><ele>31.7</ele><time>2025-09-21T08:57:35Z</time><extensions><gpxtpx:TrackPointExtension><gpxtpx:hr>145</gpxtpx:hr></gpxtpx:TrackPointExtension></extensions></trkpt>
  <trkpt lat="52.4914195" lon="13.3771863"><ele>31.6</ele><time>2025-09-21T08:57:40Z</time><extensions><gpxtpx:TrackPointExtension><gpxtpx:hr>145</gpxtpx:hr></gpxtpx:TrackPointExtension></extensions></trkpt>
  <trkpt lat="52.4913663" lon="13.3769961"><ele>31.6</ele><time>2025-09-21T08:57:45Z</time><extensions><gpxtpx:TrackPointExtension><gpxtpx:hr>146</gpxtpx:hr></gpxtpx:TrackPointExtension></extensions></trkpt>
  <trkpt lat="52.4913843" lon="13.3767704"><ele>31.6</ele><time>2025-09-21T08:57:50Z</time><extensions><gpxtpx:TrackPointExtension><gpxtpx:hr>145</gpxtpx:hr></gpxtpx:TrackPointExtension></extensions></trkpt>
  <trkpt lat="52.4914053" lon="13.3765609"><ele>31.6</ele><time>2025-09-21T08:57:55Z</time><extensions><gpxtpx:TrackPointExtension><gpxtpx:hr>145</gpxtpx:hr></gpxtpx:TrackPointExtension></extensions></trkpt>
  <trkpt lat="52.4914577" lon="13.3763634"><ele>31.5</ele><time>2025-09-21T08:58:00Z</time><extensions><gpxtpx:TrackPointExtension><gpxtpx:hr>146</gpxtpx:hr></gpxtpx:TrackPointExtension></extensions></trkpt>
  <trkpt lat="52.4914989" lon="13.3761559"><ele>31.5</ele><time>2025-09-21T08:58:05Z</time><extensions><gpxtpx:TrackPointExtension><gpxtpx:hr>145</gpxtpx:hr></gpxtpx:TrackPointExtension></extensions></trkpt>
  <trkpt lat="52.4915374" lon="13.3759519"><ele>31.5</ele><time>2025-09-21T08:58:10Z</time><extensions><gpxtpx:TrackPointExtension><gpxtpx:hr>145</gpxtpx:hr></gpxtpx:TrackPointExtension></extensions></trkpt>
  <trkpt lat="52.4915886" lon="13.3757275"><ele>31.5</ele><time>2025-09-21T08:58:15Z</time><extensions><gpxtpx:TrackPointExtension><gpxtpx:hr>144</gpxtpx:hr></gpxtpx:TrackPointExtension></extensions></trkpt>
  <trkpt lat="52.4916241" lon="13.3755238"><ele>31.5</ele><time>2025-09-21T08:58:20Z</time><extensions><gpxtpx:TrackPointExtension><gpxtpx:hr>144</gpxtpx:hr></gpxtpx:TrackPointExtension></extensions></trkpt>
  <trkpt lat="52.4916761" lon="13.3753170"><ele>31.4</ele><time>2025-09-21T08:58:25Z</time><extensions><gpxtpx:TrackPointExtension><gpxtpx:hr>145</gpxtpx:hr></gpxtpx:TrackPointExtension></extensions></trkpt>
  <trkpt lat="52.4917161" lon="13.3750977"><ele>31.4</ele><time>2025-09-21T08:58:30Z</time><extensions><gpxtpx:TrackPointExtension><gpxtpx:hr>145</gpxtpx:hr></gpxtpx:TrackPointExtension></extensions></trkpt>
  <trkpt lat="52.4917535" lon="13.3748983"><ele>31.4</ele><time>2025-09-21T08:58:35Z</time><extensions><gpxtpx:TrackPointExtension><gpxtpx:hr>146</gpxtpx:hr></gpxtpx:TrackPointExtension></extensions></trkpt>
  <trkpt lat="52.4917944" lon="13.3746820"><ele>31.4</ele><time>2025-09-21T08:58:40Z</time><extensions><gpxtpx:TrackPointExtension><gpxtpx:hr>145</gpxtpx:hr></gpxtpx:TrackPointExtension></extensions></trkpt>
  <trkpt lat="52.4918436" lon="13.3744622"><ele>31.3</ele><time>2025-09-21T08:58:45Z</time><extensions><gpxtpx:TrackPointExtension><gpxtpx:hr>144</gpxtpx:hr></gpxtpx:TrackPointExtension></extensions></trkpt>
  <trkpt lat="52.4918816" lon="13.3742567"><ele>31.3</ele><time>2025-09-21T08:58:50Z</time><extensions><gpxtpx:TrackPointExtension><gpxtpx:hr>144</gpxtpx:hr></gpxtpx:TrackPointExtension></extensions></trkpt>
  <trkpt lat="52.4919210" lon="13.3740457"><ele>31.3</ele><time>2025-09-21T08:58:55Z</time><extensions><gpxtpx:TrackPointExtension><gpxtpx:hr>145</gpxtpx:hr></gpxtpx:TrackPointExtension></extensions></trkpt>
  <trkpt lat="52.4919679" lon="13.3738414"><ele>31.3</ele><time>2025-09-21T08:59:00Z</time><extensions><gpxtpx:TrackPointExtension><gpxtpx:hr>145</gpxtpx:hr></gpxtpx:TrackPointExtension></extensions></trkpt>
  <trkpt lat="52.4920014" lon="13.3736293"><ele>31.3</ele><time>2025-09-21T08:59:05Z</time><extensions><gpxtpx:TrackPointExtension><gpxtpx:hr>145</gpxtpx:hr></gpxtpx:TrackPointExtension></extensions></trkpt>
  <trkpt lat="52.4920437" lon="13.3734225"><ele>31.2</ele><time>2025-09-21T08:59:10Z</time><extensions><gpxtpx:TrackPointExtension><gpxtpx:hr>144</gpxtpx:hr></gpxtpx:TrackPointExtension></extensions></trkpt>
  <trkpt lat="52.4920931" lon="13.3732010"><ele>31.2</ele><time>2025-09-21T08:59:15Z</time><extensions><gpxtpx:TrackPointExtension><gpxtpx:hr>143</gpxtpx:hr></gpxtpx:TrackPointExtension></extensions></trkpt>
  <trkpt lat="52.4921442" lon="13.3729876"><ele>31.2</ele><time>2025-09-21T08:59:20Z</time><extensions><gpxtpx:TrackPointExtension><gpxtpx:hr>143</gpxtpx:hr></gpxtpx:TrackPointExtension></extensions></trkpt>
  <trkpt lat="52.4921768" lon="13.3727932"><ele>31.2</ele><time>2025-09-21T08:59:25Z</time><extensions><gpxtpx:TrackPointExtension><gpxtpx:hr>143</gpxtpx:hr></gpxtpx:TrackPointExtension></extensions></trkpt>
  <trkpt lat="52.4922161" lon="13.3725774"><ele>31.2</ele><time>2025-09-21T08:59:30Z</time><extensions><gpxtpx:TrackPointExtension><gpxtpx:hr>142</gpxtpx:hr></gpxtpx:TrackPointExtension></extensions></trkpt>
  <trkpt lat="52.4922663" lon="13.3723583"><ele>31.1</ele><time>2025-09-21T08:59:35Z</time><extensions><gpxtpx:TrackPointExtension><gpxtpx:hr>142</gpxtpx:hr></gpxtpx:TrackPointExtension></extensions></trkpt>
  <trkpt lat="52.4923157" lon="13.3721522"><ele>31.1</ele><time>2025-09-21T08:59:40Z</time><extensions><gpxtpx:TrackPointExtension><gpxtpx:hr>143</gpxtpx:hr></gpxtpx:TrackPointExtension></extensions></trkpt>
  <trkpt lat="52.4923461" lon="13.3719322"><ele>31.1</ele><time>2025-09-21T08:59:45Z</time><extensions><gpxtpx:TrackPointExtension><gpxtpx:hr>142</gpxtpx:hr></gpxtpx:TrackPointExtension></extensions></trkpt>
  <trkpt lat="52.4923891" lon="13.3717237"><ele>31.1</ele><time>2025-09-21T08:59:50Z</time><extensions><gpxtpx:TrackPointExtension><gpxtpx:hr>142</gpxtpx:hr></gpxtpx:TrackPointExtension></extensions></trkpt>
  <trkpt lat="52.4924332" lon="13.3715208"><ele>31.1</ele><time>2025-09-21T08:59:55Z</time><extensions><gpxtpx:TrackPointExtension><gpxtpx:hr>142</gpxtpx:hr></gpxtpx:TrackPointExtension></extensions></trkpt>
  <trkpt lat="52.4924703" lon="13.3713126"><ele>31.0</ele><time>2025-09-21T09:00:00Z</time><extensions><gpxtpx:TrackPointExtension><gpxtpx:hr>142</gpxtpx:hr></gpxtpx:TrackPointExtension></extensions></trkpt>
  <trkpt lat="52.4925107" lon="13.3710914"><ele>31.0</ele><time>2025-09-21T09:00:05Z</time><extensions><gpxtpx:TrackPointExtension><gpxtpx:hr>141</gpxtpx:hr></gpxtpx:TrackPointExtension></extensions></trkpt>
  <trkpt lat="52.4925496" lon="13.3708674"><ele>31.0</ele><time>2025-09-21T09:00:10Z</time><extensions><gpxtpx:TrackPointExtension><gpxtpx:hr>142</gpxtpx:hr></gpxtpx:TrackPointExtension></extensions></trkpt>
  <trkpt lat="52.4925988" lon="13.3706838"><ele>31.0</ele><time>2025-09-21T09:00:15Z</time><extensions><gpxtpx:TrackPointExtension><gpxtpx:hr>141</gpxtpx:hr></gpxtpx:TrackPointExtension></extensions></trkpt>
  <trkpt lat="52.4926431" lon="13.3704654"><ele>31.0</ele><time>2025-09-21T09:00:20Z</time><extensions><gpxtpx:TrackPointExtension><gpxtpx:hr>141</gpxtpx:hr></gpxtpx:TrackPointExtension></extensions></trkpt>
  <trkpt lat="52.4926902" lon="13.3702645"><ele>30.9</ele><time>2025-09-21T09:00:25Z</time><extensions><gpxtpx:TrackPointExtension><gpxtpx:hr>142</gpxtpx:hr></gpxtpx:TrackPointExtension></extensions></trkpt>
  <trkpt lat="52.4927341" lon="13.3700479"><ele>30.9</ele><time>2025-09-21T09:00:30Z</time><extensions><gpxtpx:TrackPointExtension><gpxtpx:hr>142</gpxtpx:hr></gpxtpx:TrackPointExtension></extensions></trkpt>
  <trkpt lat="52.4927855" lon="13.3698274"><ele>30.9</ele><time>2025-09-21T09:00:35Z</time><extensions><gpxtpx:TrackPointExtension><gpxtpx:hr>142</gpxtpx:hr></gpxtpx:TrackPointExtension></extensions></trkpt>
  <trkpt lat="52.4928303" lon="13.3696334"><ele>30.9</ele><time>2025-09-21T09:00:40Z</time><extensions><gpxtpx:TrackPointExtension><gpxtpx:hr>142</gpxtpx:hr></gpxtpx:TrackPointExtension></extensions></trkpt>
  <trkpt lat="52.4928673" lon="13.3694149"><ele>30.9</ele><time>2025-09-21T09:00:45Z</time><extensions><gpxtpx:TrackPointExtension><gpxtpx:hr>142</gpxtpx:hr></gpxtpx:TrackPointExtension></extensions></trkpt>
  <trkpt lat="52.4929112" lon="13.3691957"><ele>30.9</ele><time>2025-09-21T09:00:50Z</time><extensions><gpxtpx:TrackPointExtension><gpxtpx:hr>144</gpxtpx:hr></gpxtpx:TrackPointExtension></extensions></trkpt>
  <trkpt lat="52.4929547" lon="13.3690021"><ele>30.8</ele><time>2025-09-21T09:00:55Z</time><extensions><gpxtpx:TrackPointExtension><gpxtpx:hr>143</gpxtpx:hr></gpxtpx:TrackPointExtension></extensions></trkpt>
  <trkpt lat="52.4930004" lon="13.3687961"><ele>30.8</ele><time>2025-09-21T09:01:00Z</time><extensions><gpxtpx:TrackPointExtension><gpxtpx:hr>142</gpxtpx:hr></gpxtpx:TrackPointExtension></extensions></trkpt>
  <trkpt lat="52.4930351" lon="13.3685688"><ele>30.8</ele><time>2025-09-21T09:01:05Z</time><extensions><gpxtpx:TrackPointExtension><gpxtpx:hr>143</gpxtpx:hr></gpxtpx:TrackPointExtension></extensions></trkpt>
  <trkpt lat="52.4930801" lon="13.3683607"><ele>30.8</ele><time>2025-09-21T09:01:10Z</time><extensions><gpxtpx:TrackPointExtension><gpxtpx:hr>144</gpxtpx:hr></gpxtpx:TrackPointExtension></extensions></trkpt>
  <trkpt lat="52.4931238" lon="13.3681518"><ele>30.8</ele><time>2025-09-21T09:01:15Z</time><extensions><gpxtpx:TrackPointExtension><gpxtpx:hr>144</gpxtpx:hr></gpxtpx:TrackPointExtension></extensions></trkpt>
  <trkpt lat="52.4931467" lon="13.3679334"><ele>30.8</ele><time>2025-09-21T09:01:20Z</time><extensions><gpxtpx:TrackPointExtension><gpxtpx:hr>144</gpxtpx:hr></gpxtpx:TrackPointExtension></extensions></trkpt>
  <trkpt lat="52.4931760" lon="13.3677182"><ele>30.7</ele><time>2025-09-21T09:01:25Z</time><extensions><gpxtpx:TrackPointExtension><gpxtpx:hr>145</gpxtpx:hr></gpxtpx:TrackPointExtension></extensions></trkpt>
  <trkpt lat="52.4932116" lon="13.3675124"><ele>30.7</ele><time>2025-09-21T09:01:30Z</time><extensions><gpxtpx:TrackPointExtension><gpxtpx:hr>145</gpxtpx:hr></gpxtpx:TrackPointExtension></extensions></trkpt>
  <trkpt lat="52.4932392" lon="13.3672899"><ele>30.7</ele><time>2025-09-21T09:01:35Z</time><extensions><gpxtpx:TrackPointExtension><gpxtpx:hr>145</gpxtpx:hr></gpxtpx:TrackPointExtension></extensions></trkpt>
  <trkpt lat="52.4931461" lon="13.3671855"><ele>30.7</ele><time>2025-09-21T09:01:40Z</time><extensions><gpxtpx:TrackPointExtension><gpxtpx:hr>146</gpxtpx:hr></gpxtpx:TrackPointExtension></extensions></trkpt>
  <trkpt lat="52.4930174" lon="13.3671286"><ele>30.7</ele><time>2025-09-21T09:01:45Z</time><extensions><gpxtpx:TrackPointExtension><gpxtpx:hr>145</gpxtpx:hr></gpxtpx:TrackPointExtension></extensions></trkpt>
  <trkpt lat="52.4928739" lon="13.3670725"><ele>30.7</ele><time>2025-09-21T09:01:50Z</time><extensions><gpxtpx:TrackPointExtension><gpxtpx:hr>145</gpxtpx:hr></gpxtpx:TrackPointExtension></extensions></trkpt>
  <trkpt lat="52.4927394" lon="13.3670186"><ele>30.7</ele><time>2025-09-21T09:01:55Z</time><extensions><gpxtpx:TrackPointExtension><gpxtpx:hr>145</gpxtpx:hr></gpxtpx:TrackPointExtension></extensions></trkpt>
  <trkpt lat="52.4926175" lon="13.3669666"><ele>30.6</ele><time>2025-09-21T09:02:00Z</time><extensions><gpxtpx:TrackPointExtension><gpxtpx:hr>145</gpxtpx:hr></gpxtpx:TrackPointExtension></extensions></trkpt>
  <trkpt lat="52.4924804" lon="13.3669198"><ele>30.6</ele><time>2025-09-21T09:02:05Z</time><extensions><gpxtpx:TrackPointExtension><gpxtpx:hr>146</gpxtpx:hr></gpxtpx:TrackPointExtension></extensions></trkpt>
  <trkpt lat="52.4923543" lon="13.3668679"><ele>30.6</ele><time>2025-09-21T09:02:10Z</time><extensions><gpxtpx:TrackPointExtension><gpxtpx:hr>146</gpxtpx:hr></gpxtpx:TrackPointExtension></extensions></trkpt>
  <trkpt lat="52.4922178" lon="13.3668102"><ele>30.6</ele><time>2025-09-21T09:02:15Z</time><extensions><gpxtpx:TrackPointExtension><gpxtpx:hr>147</gpxtpx:hr></gpxtpx:TrackPointExtension></extensions></trkpt>
  <trkpt lat="52.4920930" lon="13.3667516"><ele>30.6</ele><time>2025-09-21T09:02:20Z</time><extensions><gpxtpx:TrackPointExtension><gpxtpx:hr>146</gpxtpx:hr></gpxtpx:TrackPointExtension></extensions></trkpt>
  <trkpt lat="52.4919638" lon="13.3666993"><ele>30.6</ele><time>2025-09-21T09:02:25Z</time><extensions><gpxtpx:TrackPointExtension><gpxtpx:hr>147</gpxtpx:hr></gpxtpx:TrackPointExtension></extensions></trkpt>
  <trkpt lat="52.4918261" lon="13.3666474"><ele>30.6</ele><time>2025-09-21T09:02:30Z</time><extensions><gpxtpx:TrackPointExtension><gpxtpx:hr>146</gpxtpx:hr></gpxtpx:TrackPointExtension></extensions></trkpt>
  <trkpt lat="52.4916843" lon="13.3665933"><ele>30.6</ele><time>2025-09-21T09:02:35Z</time><extensions><gpxtpx:TrackPointExtension><gpxtpx:hr>146</gpxtpx:hr></gpxtpx:TrackPointExtension></extensions></trkpt>
  <trkpt lat="52.4915703" lon="13.3665456"><ele>30.5</ele><time>2025-09-21T09:02:40Z</time><extensions><gpxtpx:TrackPointExtension><gpxtpx:hr>147</gpxtpx:hr></gpxtpx:TrackPointExtension></extensions></trkpt>
  <trkpt lat="52.4914524" lon="13.3663985"><ele>30.5</ele><time>2025-09-21T09:02:45Z</time><extensions><gpxtpx:TrackPointExtension><gpxtpx:hr>148</gpxtpx:hr></gpxtpx:TrackPointExtension></extensions></trkpt>
  <trkpt lat="52.4914284" lon="13.3661806"><ele>30.5</ele><time>2025-09-21T09:02:50Z</time><extensions><gpxtpx:TrackPointExtension><gpxtpx:hr>147</gpxtpx:hr></gpxtpx:TrackPointExtension></extensions></trkpt>
  <trkpt lat="52.4913647" lon="13.3660135"><ele>30.5</ele><time>2025-09-21T09:02:55Z</time><extensions><gpxtpx:TrackPointExtension><gpxtpx:hr>148</gpxtpx:hr></gpxtpx:TrackPointExtension></extensions></trkpt>
  <trkpt lat="52.4912591" lon="13.3658692"><ele>30.5</ele><time>2025-09-21T09:03:00Z</time><extensions><gpxtpx:TrackPointExtension><gpxtpx:hr>147</gpxtpx:hr></gpxtpx:TrackPointExtension></extensions></trkpt>
  <trkpt lat="52.4911774" lon="13.3657216"><ele>30.5</ele><time>2025-09-21T09:03:05Z</time><extensions><gpxtpx:TrackPointExtension><gpxtpx:hr>147</gpxtpx:hr></gpxtpx:TrackPointExtension></extensions></trkpt>
  <trkpt lat="52.4910688" lon="13.3655851"><ele>30.5</ele><time>2025-09-21T09:03:10Z</time><extensions><gpxtpx:TrackPointExtension><gpxtpx:hr>146</gpxtpx:hr></gpxtpx:TrackPointExtension></extensions></trkpt>
  <trkpt lat="52.4909664" lon="13.3654489"><ele>30.5</ele><time>2025-09-21T09:03:15Z</time><extensions><gpxtpx:TrackPointExtension><gpxtpx:hr>147</gpxtpx:hr></gpxtpx:TrackPointExtension></extensions></trkpt>
  <trkpt lat="52.4908579" lon="13.3652991"><ele>30.5</ele><time>2025-09-21T09:03:20Z</time><extensions><gpxtpx:TrackPointExtension><gpxtpx:hr>146</gpxtpx:hr></gpxtpx:TrackPointExtension></extensions></trkpt>
  <trkpt lat="52.4908407" lon="13.3650936"><ele>30.4</ele><time>2025-09-21T09:03:25Z</time><extensions><gpxtpx:TrackPointExtension><gpxtpx:hr>146</gpxtpx:hr></gpxtpx:TrackPointExtension></extensions></trkpt>
  <trkpt lat="52.4908206" lon="13.3648673"><ele>30.4</ele><time>2025-09-21T09:03:30Z</time><extensions><gpxtpx:TrackPointExtension><gpxtpx:hr>146</gpxtpx:hr></gpxtpx:TrackPointExtension></extensions></trkpt>
  <trkpt lat="52.4907894" lon="13.3646536"><ele>30.4</ele><time>2025-09-21T09:03:35Z</time><extensions><gpxtpx:TrackPointExtension><gpxtpx:hr>146</gpxtpx:hr></gpxtpx:TrackPointExtension></extensions></trkpt>
  <trkpt lat="52.4907730" lon="13.3644334"><ele>30.4</ele><time>2025-09-21T09:03:40Z</time><extensions><gpxtpx:TrackPointExtension><gpxtpx:hr>145</gpxtpx:hr></gpxtpx:TrackPointExtension></extensions></trkpt>
  <trkpt lat="52.4907435" lon="13.3642023"><ele>30.4</ele><time>2025-09-21T09:03:45Z</time><extensions><gpxtpx:TrackPointExtension><gpxtpx:hr>145</gpxtpx:hr></gpxtpx:TrackPointExtension></extensions></trkpt>
  <trkpt lat="52.4907249" lon="13.3639975"><ele>30.4</ele><time>2025-09-21T09:03:50Z</time><extensions><gpxtpx:TrackPointExtension><gpxtpx:hr>145</gpxtpx:hr></gpxtpx:TrackPointExtension></extensions></trkpt>
  <trkpt lat="52.4906894" lon="13.3637758"><ele>30.4</ele><time>2025-09-21T09:03:55Z</time><extensions><gpxtpx:TrackPointExtension><gpxtpx:hr>146</gpxtpx:hr></gpxtpx:TrackPointExtension></extensions></trkpt>
  <trkpt lat="52.4906666" lon="13.3635619"><ele>30.4</ele><time>2025-09-21T09:04:00Z</time><extensions><gpxtpx:TrackPointExtension><gpxtpx:hr>145</gpxtpx:hr></gpxtpx:TrackPointExtension></extensions></trkpt>
  <trkpt lat="52.4906374" lon="13.3633378"><ele>30.4</ele><time>2025-09-21T09:04:05Z</time><extensions><gpxtpx:TrackPointExtension><gpxtpx:hr>146</gpxtpx:hr></gpxtpx:TrackPointExtension></extensions></trkpt>
  <trkpt lat="52.4906048" lon="13.3631280"><ele>30.4</ele><time>2025-09-21T09:04:10Z</time><extensions><gpxtpx:TrackPointExtension><gpxtpx:hr>146</gpxtpx:hr></gpxtpx:TrackPointExtension></extensions></trkpt>
  <trkpt lat="52.4905845" lon="13.3629072"><ele>30.4</ele><time>2025-09-21T09:04:15Z</time><extensions><gpxtpx:TrackPointExtension><gpxtpx:hr>145</gpxtpx:hr></gpxtpx:TrackPointExtension></extensions></trkpt>
  <trkpt lat="52.4905573" lon="13.3626826"><ele>30.3</ele><time>2025-09-21T09:04:20Z</time><extensions><gpxtpx:TrackPointExtension><gpxtpx:hr>144</gpxtpx:hr></gpxtpx:TrackPointExtension></extensions></trkpt>
  <trkpt lat="52.4905313" lon="13.3624731"><ele>30.3</ele><time>2025-09-21T09:04:25Z</time><extensions><gpxtpx:TrackPointExtension><gpxtpx:hr>143</gpxtpx:hr></gpxtpx:TrackPointExtension></extensions></trkpt>
  <trkpt lat="52.4905117" lon="13.3622520"><ele>30.3</ele><time>2025-09-21T09:04:30Z</time><extensions><gpxtpx:TrackPointExtension><gpxtpx:hr>144</gpxtpx:hr></gpxtpx:TrackPointExtension></extensions></trkpt>
  <trkpt lat="52.4904844" lon="13.3620313"><ele>30.3</ele><time>2025-09-21T09:04:35Z</time><extensions><gpxtpx:TrackPointExtension><gpxtpx:hr>144</gpxtpx:hr></gpxtpx:TrackPointExtension></extensions></trkpt>
  <trkpt lat="52.4904501" lon="13.3618179"><ele>30.3</ele><time>2025-09-21T09:04:40Z</time><extensions><gpxtpx:TrackPointExtension><gpxtpx:hr>144</gpxtpx:hr></gpxtpx:TrackPointExtension></extensions></trkpt>
  <trkpt lat="52.4904337" lon="13.3616062"><ele>30.3</ele><time>2025-09-21T09:04:45Z</time><extensions><gpxtpx:TrackPointExtension><gpxtpx:hr>145</gpxtpx:hr></gpxtpx:TrackPointExtension></extensions></trkpt>
  <trkpt lat="52.4904005" lon="13.3613780"><ele>30.3</ele><time>2025-09-21T09:04:50Z</time><extensions><gpxtpx:TrackPointExtension><gpxtpx:hr>146</gpxtpx:hr></gpxtpx:TrackPointExtension></extensions></trkpt>
  <trkpt lat="52.4903732" lon="13.3611662"><ele>30.3</ele><time>2025-09-21T09:04:55Z</time><extensions><gpxtpx:TrackPointExtension><gpxtpx:hr>145</gpxtpx:hr></gpxtpx:TrackPointExtension></extensions></trkpt>
  <trkpt lat="52.4903446" lon="13.3609568"><ele>30.3</ele><time>2025-09-21T09:05:00Z</time><extensions><gpxtpx:TrackPointExtension><gpxtpx:hr>145</gpxtpx:hr></gpxtpx:TrackPointExtension></extensions></trkpt>
  <trkpt lat="52.4903376" lon="13.3607906"><ele>30.3</ele><time>2025-09-21T09:05:05Z</time><extensions><gpxtpx:TrackPointExtension><gpxtpx:hr>146</gpxtpx:hr></gpxtpx:TrackPointExtension></extensions></trkpt>
  <trkpt lat="52.4904478" lon="13.3606431"><ele>30.3</ele><time>2025-09-21T09:05:10Z</time><extensions><gpxtpx:TrackPointExtension><gpxtpx:hr>146</gpxtpx:hr></gpxtpx:TrackPointExtension></extensions></trkpt>
  <trkpt lat="52.4903925" lon="13.3605250"><ele>30.3</ele><time>2025-09-21T09:05:15Z</time><extensions><gpxtpx:TrackPointExtension><gpxtpx:hr>146</gpxtpx:hr></gpxtpx:TrackPointExtension></extensions></trkpt>
  <trkpt lat="52.4902734" lon="13.3604134"><ele>30.3</ele><time>2025-09-21T09:05:20Z</time><extensions><gpxtpx:TrackPointExtension><gpxtpx:hr>145</gpxtpx:hr></gpxtpx:TrackPointExtension></extensions></trkpt>
  <trkpt lat="52.4902129" lon="13.3602607"><ele>30.3</ele><time>2025-09-21T09:05:25Z</time><extensions><gpxtpx:TrackPointExtension><gpxtpx:hr>145</gpxtpx:hr></gpxtpx:TrackPointExtension></extensions></trkpt>
  <trkpt lat="52.4902654" lon="13.3600477"><ele>30.3</ele><time>2025-09-21T09:05:30Z</time><extensions><gpxtpx:TrackPointExtension><gpxtpx:hr>145</gpxtpx:hr></gpxtpx:TrackPointExtension></extensions></trkpt>
  <trkpt lat="52.4902824" lon="13.3598620"><ele>30.3</ele><time>2025-09-21T09:05:35Z</time><extensions><gpxtpx:TrackPointExtension><gpxtpx:hr>144</gpxtpx:hr></gpxtpx:TrackPointExtension></extensions></trkpt>
  <trkpt lat="52.4901587" lon="13.3597564"><ele>30.3</ele><time>2025-09-21T09:05:40Z</time><extensions><gpxtpx:TrackPointExtension><gpxtpx:hr>144</gpxtpx:hr></gpxtpx:TrackPointExtension></extensions></trkpt>
  <trkpt lat="52.4900411" lon="13.3596569"><ele>30.2</ele><time>2025-09-21T09:05:45Z</time><extensions><gpxtpx:TrackPointExtension><gpxtpx:hr>143</gpxtpx:hr></gpxtpx:TrackPointExtension></extensions></trkpt>
  <trkpt lat="52.4899192" lon="13.3595300"><ele>30.2</ele><time>2025-09-21T09:05:50Z</time><extensions><gpxtpx:TrackPointExtension><gpxtpx:hr>143</gpxtpx:hr></gpxtpx:TrackPointExtension></extensions></trkpt>
  <trkpt lat="52.4897982" lon="13.3594266"><ele>30.2</ele><time>2025-09-21T09:05:55Z</time><extensions><gpxtpx:TrackPointExtension><gpxtpx:hr>143</gpxtpx:hr></gpxtpx:TrackPointExtension></extensions></trkpt>
  <trkpt lat="52.4896823" lon="13.3593281"><ele>30.2</ele><time>2025-09-21T09:06:00Z</time><extensions><gpxtpx:TrackPointExtension><gpxtpx:hr>142</gpxtpx:hr></gpxtpx:TrackPointExtension></extensions></trkpt>
  <trkpt lat="52.4895718" lon="13.3592113"><ele>30.2</ele><time>2025-09-21T09:06:05Z</time><extensions><gpxtpx:TrackPointExtension><gpxtpx:hr>143</gpxtpx:hr></gpxtpx:TrackPointExtension></extensions></trkpt>
  <trkpt lat="52.4894442" lon="13.3590991"><ele>30.2</ele><time>2025-09-21T09:06:10Z</time><extensions><gpxtpx:TrackPointExtension><gpxtpx:hr>142</gpxtpx:hr></gpxtpx:TrackPointExtension></extensions></trkpt>
  <trkpt lat="52.4893218" lon="13.3590099"><ele>30.2</ele><time>2025-09-21T09:06:15Z</time><extensions><gpxtpx:TrackPointExtension><gpxtpx:hr>141</gpxtpx:hr></gpxtpx:TrackPointExtension></extensions></trkpt>
  <trkpt lat="52.4892012" lon="13.3589057"><ele>30.2</ele><time>2025-09-21T09:06:20Z</time><extensions><gpxtpx:TrackPointExtension><gpxtpx:hr>142</gpxtpx:hr></gpxtpx:TrackPointExtension></extensions></trkpt>
  <trkpt lat="52.4890848" lon="13.3587857"><ele>30.2</ele><time>2025-09-21T09:06:25Z</time><extensions><gpxtpx:TrackPointExtension><gpxtpx:hr>142</gpxtpx:hr></gpxtpx:TrackPointExtension></extensions></trkpt>
  <trkpt lat="52.4889751" lon="13.3586788"><ele>30.2</ele><time>2025-09-21T09:06:30Z</time><extensions><gpxtpx:TrackPointExtension><gpxtpx:hr>142</gpxtpx:hr></gpxtpx:TrackPointExtension></extensions></trkpt>
  <trkpt lat="52.4888588" lon="13.3585593"><ele>30.2</ele><time>2025-09-21T09:06:35Z</time><extensions><gpxtpx:TrackPointExtension><gpxtpx:hr>141</gpxtpx:hr></gpxtpx:TrackPointExtension></extensions></trkpt>
  <trkpt lat="52.4887324" lon="13.3584623"><ele>30.2</ele><time>2025-09-21T09:06:40Z</time><extensions><gpxtpx:TrackPointExtension><gpxtpx:hr>141</gpxtpx:hr></gpxtpx:TrackPointExtension></extensions></trkpt>
  <trkpt lat="52.4886143" lon="13.3583589"><ele>30.2</ele><time>2025-09-21T09:06:45Z</time><extensions><gpxtpx:TrackPointExtension><gpxtpx:hr>141</gpxtpx:hr></gpxtpx:TrackPointExtension></extensions></trkpt>
  <trkpt lat="52.4884967" lon="13.3582355"><ele>30.2</ele><time>2025-09-21T09:06:50Z</time><extensions><gpxtpx:TrackPointExtension><gpxtpx:hr>142</gpxtpx:hr></gpxtpx:TrackPointExtension></extensions></trkpt>
  <trkpt lat="52.4883743" lon="13.3581283"><ele>30.2</ele><time>2025-09-21T09:06:55Z</time><extensions><gpxtpx:TrackPointExtension><gpxtpx:hr>142</gpxtpx:hr></gpxtpx:TrackPointExtension></extensions></trkpt>
  <trkpt lat="52.4882558" lon="13.3580334"><ele>30.2</ele><time>2025-09-21T09:07:00Z</time><extensions><gpxtpx:TrackPointExtension><gpxtpx:hr>141</gpxtpx:hr></gpxtpx:TrackPointExtension></extensions></trkpt>
  <trkpt lat="52.4881421" lon="13.3579197"><ele>30.2</ele><time>2025-09-21T09:07:05Z</time><extensions><gpxtpx:TrackPointExtension><gpxtpx:hr>141</gpxtpx:hr></gpxtpx:TrackPointExtension></extensions></trkpt>
  <trkpt lat="52.4880125" lon="13.3578054"><ele>30.2</ele><time>2025-09-21T09:07:10Z</time><extensions><gpxtpx:TrackPointExtension><gpxtpx:hr>142</gpxtpx:hr></gpxtpx:TrackPointExtension></extensions></trkpt>
  <trkpt lat="52.4879091" lon="13.3577020"><ele>30.2</ele><time>2025-09-21T09:07:15Z</time><extensions><gpxtpx:TrackPointExtension><gpxtpx:hr>141</gpxtpx:hr></gpxtpx:TrackPointExtension></extensions></trkpt>
  <trkpt lat="52.4877776" lon="13.3575913"><ele>30.2</ele><time>2025-09-21T09:07:20Z</time><extensions><gpxtpx:TrackPointExtension><gpxtpx:hr>142</gpxtpx:hr></gpxtpx:TrackPointExtension></extensions></trkpt>
  <trkpt lat="52.4876613" lon="13.3574793"><ele>30.2</ele><time>2025-09-21T09:07:25Z</time><extensions><gpxtpx:TrackPointExtension><gpxtpx:hr>142</gpxtpx:hr></gpxtpx:TrackPointExtension></extensions></trkpt>
  <trkpt lat="52.4875413" lon="13.3573838"><ele>30.2</ele><time>2025-09-21T09:07:30Z</time><extensions><gpxtpx:TrackPointExtension><gpxtpx:hr>142</gpxtpx:hr></gpxtpx:TrackPointExtension></extensions></trkpt>
  <trkpt lat="52.4874337" lon="13.3572704"><ele>30.2</ele><time>2025-09-21T09:07:35Z</time><extensions><gpxtpx:TrackPointExtension><gpxtpx:hr>143</gpxtpx:hr></gpxtpx:TrackPointExtension></extensions></trkpt>
  <trkpt lat="52.4873075" lon="13.3571716"><ele>30.2</ele><time>2025-09-21T09:07:40Z</time><extensions><gpxtpx:TrackPointExtension><gpxtpx:hr>144</gpxtpx:hr></gpxtpx:TrackPointExtension></extensions></trkpt>
  <trkpt lat="52.4871846" lon="13.3570495"><ele>30.2</ele><time>2025-09-21T09:07:45Z</time><extensions><gpxtpx:TrackPointExtension><gpxtpx:hr>144</gpxtpx:hr></gpxtpx:TrackPointExtension></extensions></trkpt>
  <trkpt lat="52.4870723" lon="13.3569472"><ele>30.2</ele><time>2025-09-21T09:07:50Z</time><extensions><gpxtpx:TrackPointExtension><gpxtpx:hr>143</gpxtpx:hr></gpxtpx:TrackPointExtension></extensions></trkpt>
  <trkpt lat="52.4869470" lon="13.3568281"><ele>30.2</ele><time>2025-09-21T09:07:55Z</time><extensions><gpxtpx:TrackPointExtension><gpxtpx:hr>143</gpxtpx:hr></gpxtpx:TrackPointExtension></extensions></trkpt>
  <trkpt lat="52.4868345" lon="13.3567332"><ele>30.2</ele><time>2025-09-21T09:08:00Z</time><extensions><gpxtpx:TrackPointExtension><gpxtpx:hr>143</gpxtpx:hr></gpxtpx:TrackPointExtension></extensions></trkpt>
  <trkpt lat="52.4867015" lon="13.3566701"><ele>30.2</ele><time>2025-09-21T09:08:05Z</time><extensions><gpxtpx:TrackPointExtension><gpxtpx:hr>143</gpxtpx:hr></gpxtpx:TrackPointExtension></extensions></trkpt>
  <trkpt lat="52.4865761" lon="13.3565833"><ele>30.2</ele><time>2025-09-21T09:08:10Z</time><extensions><gpxtpx:TrackPointExtension><gpxtpx:hr>143</gpxtpx:hr></gpxtpx:TrackPointExtension></extensions></trkpt>
  <trkpt lat="52.4864573" lon="13.3564744"><ele>30.2</ele><time>2025-09-21T09:08:15Z</time><extensions><gpxtpx:TrackPointExtension><gpxtpx:hr>142</gpxtpx:hr></gpxtpx:TrackPointExtension></extensions></trkpt>
  <trkpt lat="52.4863516" lon="13.3563409"><ele>30.2</ele><time>2025-09-21T09:08:20Z</time><extensions><gpxtpx:TrackPointExtension><gpxtpx:hr>142</gpxtpx:hr></gpxtpx:TrackPointExtension></extensions></trkpt>
  <trkpt lat="52.4862540" lon="13.3561865"><ele>30.2</ele><time>2025-09-21T09:08:25Z</time><extensions><gpxtpx:TrackPointExtension><gpxtpx:hr>141</gpxtpx:hr></gpxtpx:TrackPointExtension></extensions></trkpt>
  <trkpt lat="52.4861884" lon="13.3560113"><ele>30.2</ele><time>2025-09-21T09:08:30Z</time><extensions><gpxtpx:TrackPointExtension><gpxtpx:hr>142</gpxtpx:hr></gpxtpx:TrackPointExtension></extensions></trkpt>
  <trkpt lat="52.4861083" lon="13.3558451"><ele>30.2</ele><time>2025-09-21T09:08:35Z</time><extensions><gpxtpx:TrackPointExtension><gpxtpx:hr>141</gpxtpx:hr></gpxtpx:TrackPointExtension></extensions></trkpt>
  <trkpt lat="52.4860082" lon="13.3556906"><ele>30.2</ele><time>2025-09-21T09:08:40Z</time><extensions><gpxtpx:TrackPointExtension><gpxtpx:hr>142</gpxtpx:hr></gpxtpx:TrackPointExtension></extensions></trkpt>
  <trkpt lat="52.4859244" lon="13.3555179"><ele>30.2</ele><time>2025-09-21T09:08:45Z</time><extensions><gpxtpx:TrackPointExtension><gpxtpx:hr>143</gpxtpx:hr></gpxtpx:TrackPointExtension></extensions></trkpt>
  <trkpt lat="52.4858529" lon="13.3553337"><ele>30.2</ele><time>2025-09-21T09:08:50Z</time><extensions><gpxtpx:TrackPointExtension><gpxtpx:hr>143</gpxtpx:hr></gpxtpx:TrackPointExtension></extensions></trkpt>
  <trkpt lat="52.4857567" lon="13.3551559"><ele>30.2</ele><time>2025-09-21T09:08:55Z</time><extensions><gpxtpx:TrackPointExtension><gpxtpx:hr>142</gpxtpx:hr></gpxtpx:TrackPointExtension></extensions></trkpt>
  <trkpt lat="52.4856782" lon="13.3549890"><ele>30.2</ele><time>2025-09-21T09:09:00Z</time><extensions><gpxtpx:TrackPointExtension><gpxtpx:hr>141</gpxtpx:hr></gpxtpx:TrackPointExtension></extensions></trkpt>
  <trkpt lat="52.4855957" lon="13.3548151"><ele>30.2</ele><time>2025-09-21T09:09:05Z</time><extensions><gpxtpx:TrackPointExtension><gpxtpx:hr>142</gpxtpx:hr></gpxtpx:TrackPointExtension></extensions></trkpt>
  <trkpt lat="52.4855064" lon="13.3546419"><ele>30.2</ele><time>2025-09-21T09:09:10Z</time><extensions><gpxtpx:TrackPointExtension><gpxtpx:hr>141</gpxtpx:hr></gpxtpx:TrackPointExtension></extensions></trkpt>
  <trkpt lat="52.4854266" lon="13.3544748"><ele>30.2</ele><time>2025-09-21T09:09:15Z</time><extensions><gpxtpx:TrackPointExtension><gpxtpx:hr>142</gpxtpx:hr></gpxtpx:TrackPointExtension></extensions></trkpt>
  <trkpt lat="52.4853396" lon="13.3542919"><ele>30.2</ele><time>2025-09-21T09:09:20Z</time><extensions><gpxtpx:TrackPointExtension><gpxtpx:hr>143</gpxtpx:hr></gpxtpx:TrackPointExtension></extensions></trkpt>
  <trkpt lat="52.4852542" lon="13.3541180"><ele>30.2</ele><time>2025-09-21T09:09:25Z</time><extensions><gpxtpx:TrackPointExtension><gpxtpx:hr>144</gpxtpx:hr></gpxtpx:TrackPointExtension></extensions></trkpt>
  <trkpt lat="52.4851689" lon="13.3539398"><ele>30.2</ele><time>2025-09-21T09:09:30Z</time><extensions><gpxtpx:TrackPointExtension><gpxtpx:hr>143</gpxtpx:hr></gpxtpx:TrackPointExtension></extensions></trkpt>
  <trkpt lat="52.4850879" lon="13.3537546"><ele>30.2</ele><time>2025-09-21T09:09:35Z</time><extensions><gpxtpx:TrackPointExtension><gpxtpx:hr>142</gpxtpx:hr></gpxtpx:TrackPointExtension></extensions></trkpt>
  <trkpt lat="52.4850109" lon="13.3535757"><ele>30.2</ele><time>2025-09-21T09:09:40Z</time><extensions><gpxtpx:TrackPointExtension><gpxtpx:hr>142</gpxtpx:hr></gpxtpx:TrackPointExtension></extensions></trkpt>
  <trkpt lat="52.4849331" lon="13.3534095"><ele>30.2</ele><time>2025-09-21T09:09:45Z</time><extensions><gpxtpx:TrackPointExtension><gpxtpx:hr>142</gpxtpx:hr></gpxtpx:TrackPointExtension></extensions></trkpt>
  <trkpt lat="52.4848531" lon="13.3532196"><ele>30.2</ele><time>2025-09-21T09:09:50Z</time><extensions><gpxtpx:TrackPointExtension><gpxtpx:hr>143</gpxtpx:hr></gpxtpx:TrackPointExtension></extensions></trkpt>
  <trkpt lat="52.4847756" lon="13.3530457"><ele>30.2</ele><time>2025-09-21T09:09:55Z</time><extensions><gpxtpx:TrackPointExtension><gpxtpx:hr>143</gpxtpx:hr></gpxtpx:TrackPointExtension></extensions></trkpt>
  <trkpt lat="52.4847105" lon="13.3528462"><ele>30.2</ele><time>2025-09-21T09:10:00Z</time><extensions><gpxtpx:TrackPointExtension><gpxtpx:hr>144</gpxtpx:hr></gpxtpx:TrackPointExtension></extensions></trkpt>
  <trkpt lat="52.4846136" lon="13.3527195"><ele>30.2</ele><time>2025-09-21T09:10:05Z</time><extensions><gpxtpx:TrackPointExtension><gpxtpx:hr>143</gpxtpx:hr></gpxtpx:TrackPointExtension></extensions></trkpt>
  <trkpt lat="52.4845291" lon="13.3525497"><ele>30.2</ele><time>2025-09-21T09:10:10Z</time><extensions><gpxtpx:TrackPointExtension><gpxtpx:hr>144</gpxtpx:hr></gpxtpx:TrackPointExtension></extensions></trkpt>
  <trkpt lat="52.4844455" lon="13.3523799"><ele>30.2</ele><time>2025-09-21T09:10:15Z</time><extensions><gpxtpx:TrackPointExtension><gpxtpx:hr>145</gpxtpx:hr></gpxtpx:TrackPointExtension></extensions></trkpt>
  <trkpt lat="52.4843529" lon="13.3522011"><ele>30.3</ele><time>2025-09-21T09:10:20Z</time><extensions><gpxtpx:TrackPointExtension><gpxtpx:hr>144</gpxtpx:hr></gpxtpx:TrackPointExtension></extensions></trkpt>
  <trkpt lat="52.4842713" lon="13.3520234"><ele>30.3</ele><time>2025-09-21T09:10:25Z</time><extensions><gpxtpx:TrackPointExtension><gpxtpx:hr>145</gpxtpx:hr></gpxtpx:TrackPointExtension></extensions></trkpt>
  <trkpt lat="52.4841855" lon="13.3518558"><ele>30.3</ele><time>2025-09-21T09:10:30Z</time><extensions><gpxtpx:TrackPointExtension><gpxtpx:hr>146</gpxtpx:hr></gpxtpx:TrackPointExtension></extensions></trkpt>
  <trkpt lat="52.4841059" lon="13.3516930"><ele>30.3</ele><time>2025-09-21T09:10:35Z</time><extensions><gpxtpx:TrackPointExtension><gpxtpx:hr>146</gpxtpx:hr></gpxtpx:TrackPointExtension></extensions></trkpt>
  <trkpt lat="52.4840189" lon="13.3515178"><ele>30.3</ele><time>2025-09-21T09:10:40Z</time><extensions><gpxtpx:TrackPointExtension><gpxtpx:hr>145</gpxtpx:hr></gpxtpx:TrackPointExtension></extensions></trkpt>
  <trkpt lat="52.4839291" lon="13.3513413"><ele>30.3</ele><time>2025-09-21T09:10:45Z</time><extensions><gpxtpx:TrackPointExtension><gpxtpx:hr>145</gpxtpx:hr></gpxtpx:TrackPointExtension></extensions></trkpt>
  <trkpt lat="52.4838394" lon="13.3511567"><ele>30.3</ele><time>2025-09-21T09:10:50Z</time><extensions><gpxtpx:TrackPointExtension><gpxtpx:hr>145</gpxtpx:hr></gpxtpx:TrackPointExtension></extensions></trkpt>
  <trkpt lat="52.4837546" lon="13.3509806"><ele>30.3</ele><time>2025-09-21T09:10:55Z</time><extensions><gpxtpx:TrackPointExtension><gpxtpx:hr>145</gpxtpx:hr></gpxtpx:TrackPointExtension></extensions></trkpt>
  <trkpt lat="52.4836675" lon="13.3508136"><ele>30.3</ele><time>2025-09-21T09:11:00Z</time><extensions><gpxtpx:TrackPointExtension><gpxtpx:hr>145</gpxtpx:hr></gpxtpx:TrackPointExtension></extensions></trkpt>
  <trkpt lat="52.4835855" lon="13.3506355"><ele>30.3</ele><time>2025-09-21T09:11:05Z</time><extensions><gpxtpx:TrackPointExtension><gpxtpx:hr>146</gpxtpx:hr></gpxtpx:TrackPointExtension></extensions></trkpt>
  <trkpt lat="52.4834880" lon="13.3504570"><ele>30.3</ele><time>2025-09-21T09:11:10Z</time><extensions><gpxtpx:TrackPointExtension><gpxtpx:hr>146</gpxtpx:hr></gpxtpx:TrackPointExtension></extensions></trkpt>
  <trkpt lat="52.4833838" lon="13.3502944"><ele>30.3</ele><time>2025-09-21T09:11:15Z</time><extensions><gpxtpx:TrackPointExtension><gpxtpx:hr>145</gpxtpx:hr></gpxtpx:TrackPointExtension></extensions></trkpt>
  <trkpt lat="52.4832861" lon="13.3501524"><ele>30.3</ele><time>2025-09-21T09:11:20Z</time><extensions><gpxtpx:TrackPointExtension><gpxtpx:hr>145</gpxtpx:hr></gpxtpx:TrackPointExtension></extensions></trkpt>
  <trkpt lat="52.4831935" lon="13.3500114"><ele>30.3</ele><time>2025-09-21T09:11:25Z</time><extensions><gpxtpx:TrackPointExtension><gpxtpx:hr>146</gpxtpx:hr></gpxtpx:TrackPointExtension></extensions></trkpt>
  <trkpt lat="52.4830838" lon="13.3498567"><ele>30.3</ele><time>2025-09-21T09:11:30Z</time><extensions><gpxtpx:TrackPointExtension><gpxtpx:hr>146</gpxtpx:hr></gpxtpx:TrackPointExtension></extensions></trkpt>
  <trkpt lat="52.4829754" lon="13.3497090"><ele>30.3</ele><time>2025-09-21T09:11:35Z</time><extensions><gpxtpx:TrackPointExtension><gpxtpx:hr>145</gpxtpx:hr></gpxtpx:TrackPointExtension></extensions></trkpt>
  <trkpt lat="52.4828763" lon="13.3495671"><ele>30.3</ele><time>2025-09-21T09:11:40Z</time><extensions><gpxtpx:TrackPointExtension><gpxtpx:hr>146</gpxtpx:hr></gpxtpx:TrackPointExtension></extensions></trkpt>
  <trkpt lat="52.4827648" lon="13.3494201"><ele>30.3</ele><time>2025-09-21T09:11:45Z</time><extensions><gpxtpx:TrackPointExtension><gpxtpx:hr>145</gpxtpx:hr></gpxtpx:TrackPointExtension></extensions></trkpt>
  <trkpt lat="52.4827134" lon="13.3492668"><ele>30.4</ele><time>2025-09-21T09:11:50Z</time><extensions><gpxtpx:TrackPointExtension><gpxtpx:hr>145</gpxtpx:hr></gpxtpx:TrackPointExtension></extensions></trkpt>
  <trkpt lat="52.4826160" lon="13.3491030"><ele>30.4</ele><time>2025-09-21T09:11:55Z</time><extensions><gpxtpx:TrackPointExtension><gpxtpx:hr>144</gpxtpx:hr></gpxtpx:TrackPointExtension></extensions></trkpt>
  <trkpt lat="52.4825104" lon="13.3489600"><ele>30.4</ele><time>2025-09-21T09:12:00Z</time><extensions><gpxtpx:TrackPointExtension><gpxtpx:hr>145</gpxtpx:hr></gpxtpx:TrackPointExtension></extensions></trkpt>
  <trkpt lat="52.4823977" lon="13.3488228"><ele>30.4</ele><time>2025-09-21T09:12:05Z</time><extensions><gpxtpx:TrackPointExtension><gpxtpx:hr>146</gpxtpx:hr></gpxtpx:TrackPointExtension></extensions></trkpt>
  <trkpt lat="52.4822987" lon="13.3486691"><ele>30.4</ele><time>2025-09-21T09:12:10Z</time><extensions><gpxtpx:TrackPointExtension><gpxtpx:hr>146</gpxtpx:hr></gpxtpx:TrackPointExtension></extensions></trkpt>
  <trkpt lat="52.4821889" lon="13.3485192"><ele>30.4</ele><time>2025-09-21T09:12:15Z</time><extensions><gpxtpx:TrackPointExtension><gpxtpx:hr>145</gpxtpx:hr></gpxtpx:TrackPointExtension></extensions></trkpt>
  <trkpt lat="52.4820855" lon="13.3483805"><ele>30.4</ele><time>2025-09-21T09:12:20Z</time><extensions><gpxtpx:TrackPointExtension><gpxtpx:hr>146</gpxtpx:hr></gpxtpx:TrackPointExtension></extensions></trkpt>
  <trkpt lat="52.4819730" lon="13.3482536"><ele>30.4</ele><time>2025-09-21T09:12:25Z</time><extensions><gpxtpx:TrackPointExtension><gpxtpx:hr>146</gpxtpx:hr></gpxtpx:TrackPointExtension></extensions></trkpt>
  <trkpt lat="52.4818624" lon="13.3481259"><ele>30.4</ele><time>2025-09-21T09:12:30Z</time><extensions><gpxtpx:TrackPointExtension><gpxtpx:hr>145</gpxtpx:hr></gpxtpx:TrackPointExtension></extensions></trkpt>
  <trkpt lat="52.4817443" lon="13.3480251"><ele>30.4</ele><time>2025-09-21T09:12:35Z</time><extensions><gpxtpx:TrackPointExtension><gpxtpx:hr>146</gpxtpx:hr></gpxtpx:TrackPointExtension></extensions></trkpt>
  <trkpt lat="52.4816394" lon="13.3478764"><ele>30.4</ele><time>2025-09-21T09:12:40Z</time><extensions><gpxtpx:TrackPointExtension><gpxtpx:hr>145</gpxtpx:hr></gpxtpx:TrackPointExtension></extensions></trkpt>
  <trkpt lat="52.4815291" lon="13.3477383"><ele>30.4</ele><time>2025-09-21T09:12:45Z</time><extensions><gpxtpx:TrackPointExtension><gpxtpx:hr>146</gpxtpx:hr></gpxtpx:TrackPointExtension></extensions></trkpt>
  <trkpt lat="52.4814136" lon="13.3475952"><ele>30.4</ele><time>2025-09-21T09:12:50Z</time><extensions><gpxtpx:TrackPointExtension><gpxtpx:hr>145</gpxtpx:hr></gpxtpx:TrackPointExtension></extensions></trkpt>
  <trkpt lat="52.4813223" lon="13.3474563"><ele>30.5</ele><time>2025-09-21T09:12:55Z</time><extensions><gpxtpx:TrackPointExtension><gpxtpx:hr>145</gpxtpx:hr></gpxtpx:TrackPointExtension></extensions></trkpt>
  <trkpt lat="52.4812017" lon="13.3473300"><ele>30.5</ele><time>2025-09-21T09:13:00Z</time><extensions><gpxtpx:TrackPointExtension><gpxtpx:hr>144</gpxtpx:hr></gpxtpx:TrackPointExtension></extensions></trkpt>
  <trkpt lat="52.4810993" lon="13.3471784"><ele>30.5</ele><time>2025-09-21T09:13:05Z</time><extensions><gpxtpx:TrackPointExtension><gpxtpx:hr>145</gpxtpx:hr></gpxtpx:TrackPointExtension></extensions></trkpt>
  <trkpt lat="52.4809955" lon="13.3470328"><ele>30.5</ele><time>2025-09-21T09:13:10Z</time><extensions><gpxtpx:TrackPointExtension><gpxtpx:hr>145</gpxtpx:hr></gpxtpx:TrackPointExtension></extensions></trkpt>
  <trkpt lat="52.4808906" lon="13.3468911"><ele>30.5</ele><time>2025-09-21T09:13:15Z</time><extensions><gpxtpx:TrackPointExtension><gpxtpx:hr>146</gpxtpx:hr></gpxtpx:TrackPointExtension></extensions></trkpt>
  <trkpt lat="52.4807759" lon="13.3467659"><ele>30.5</ele><time>2025-09-21T09:13:20Z</time><extensions><gpxtpx:TrackPointExtension><gpxtpx:hr>146</gpxtpx:hr></gpxtpx:TrackPointExtension></extensions></trkpt>
  <trkpt lat="52.4806762" lon="13.3466173"><ele>30.5</ele><time>2025-09-21T09:13:25Z</time><extensions><gpxtpx:TrackPointExtension><gpxtpx:hr>146</gpxtpx:hr></gpxtpx:TrackPointExtension></extensions></trkpt>
  <trkpt lat="52.4805558" lon="13.3464819"><ele>30.5</ele><time>2025-09-21T09:13:30Z</time><extensions><gpxtpx:TrackPointExtension><gpxtpx:hr>147</gpxtpx:hr></gpxtpx:TrackPointExtension></extensions></trkpt>
  <trkpt lat="52.4804487" lon="13.3463315"><ele>30.5</ele><time>2025-09-21T09:13:35Z</time><extensions><gpxtpx:TrackPointExtension><gpxtpx:hr>146</gpxtpx:hr></gpxtpx:TrackPointExtension></extensions></trkpt>
  <trkpt lat="52.4803495" lon="13.3461881"><ele>30.5</ele><time>2025-09-21T09:13:40Z</time><extensions><gpxtpx:TrackPointExtension><gpxtpx:hr>146</gpxtpx:hr></gpxtpx:TrackPointExtension></extensions></trkpt>
  <trkpt lat="52.4802344" lon="13.3460563"><ele>30.5</ele><time>2025-09-21T09:13:45Z</time><extensions><gpxtpx:TrackPointExtension><gpxtpx:hr>147</gpxtpx:hr></gpxtpx:TrackPointExtension></extensions></trkpt>
  <trkpt lat="52.4801210" lon="13.3459089"><ele>30.6</ele><time>2025-09-21T09:13:50Z</time><extensions><gpxtpx:TrackPointExtension><gpxtpx:hr>146</gpxtpx:hr></gpxtpx:TrackPointExtension></extensions></trkpt>
  <trkpt lat="52.4800194" lon="13.3457576"><ele>30.6</ele><time>2025-09-21T09:13:55Z</time><extensions><gpxtpx:TrackPointExtension><gpxtpx:hr>147</gpxtpx:hr></gpxtpx:TrackPointExtension></extensions></trkpt>
  <trkpt lat="52.4799151" lon="13.3456329"><ele>30.6</ele><time>2025-09-21T09:14:00Z</time><extensions><gpxtpx:TrackPointExtension><gpxtpx:hr>147</gpxtpx:hr></gpxtpx:TrackPointExtension></extensions></trkpt>
  <trkpt lat="52.4798040" lon="13.3455010"><ele>30.6</ele><time>2025-09-21T09:14:05Z</time><extensions><gpxtpx:TrackPointExtension><gpxtpx:hr>147</gpxtpx:hr></gpxtpx:TrackPointExtension></extensions></trkpt>
  <trkpt lat="52.4797050" lon="13.3453459"><ele>30.6</ele><time>2025-09-21T09:14:10Z</time><extensions><gpxtpx:TrackPointExtension><gpxtpx:hr>146</gpxtpx:hr></gpxtpx:TrackPointExtension></extensions></trkpt>
  <trkpt lat="52.4796137" lon="13.3451742"><ele>30.6</ele><time>2025-09-21T09:14:15Z</time><extensions><gpxtpx:TrackPointExtension><gpxtpx:hr>147</gpxtpx:hr></gpxtpx:TrackPointExtension></extensions></trkpt>
  <trkpt lat="52.4795093" lon="13.3450318"><ele>30.6</ele><time>2025-09-21T09:14:20Z</time><extensions><gpxtpx:TrackPointExtension><gpxtpx:hr>147</gpxtpx:hr></gpxtpx:TrackPointExtension></extensions></trkpt>
  <trkpt lat="52.4794105" lon="13.3448826"><ele>30.6</ele><time>2025-09-21T09:14:25Z</time><extensions><gpxtpx:TrackPointExtension><gpxtpx:hr>148</gpxtpx:hr></gpxtpx:TrackPointExtension></extensions></trkpt>
  <trkpt lat="52.4793236" lon="13.3447380"><ele>30.6</ele><time>2025-09-21T09:14:30Z</time><extensions><gpxtpx:TrackPointExtension><gpxtpx:hr>147</gpxtpx:hr></gpxtpx:TrackPointExtension></extensions></trkpt>
  <trkpt lat="52.4792134" lon="13.3446522"><ele>30.7</ele><time>2025-09-21T09:14:35Z</time><extensions><gpxtpx:TrackPointExtension><gpxtpx:hr>148</gpxtpx:hr></gpxtpx:TrackPointExtension></extensions></trkpt>
  <trkpt lat="52.4791116" lon="13.3445092"><ele>30.7</ele><time>2025-09-21T09:14:40Z</time><extensions><gpxtpx:TrackPointExtension><gpxtpx:hr>147</gpxtpx:hr></gpxtpx:TrackPointExtension></extensions></trkpt>
  <trkpt lat="52.4790314" lon="13.3443247"><ele>30.7</ele><time>2025-09-21T09:14:45Z</time><extensions><gpxtpx:TrackPointExtension><gpxtpx:hr>146</gpxtpx:hr></gpxtpx:TrackPointExtension></extensions></trkpt>
  <trkpt lat="52.4789526" lon="13.3441564"><ele>30.7</ele><time>2025-09-21T09:14:50Z</time><extensions><gpxtpx:TrackPointExtension><gpxtpx:hr>145</gpxtpx:hr></gpxtpx:TrackPointExtension></extensions></trkpt>
  <trkpt lat="52.4788779" lon="13.3439897"><ele>30.7</ele><time>2025-09-21T09:14:55Z</time><extensions><gpxtpx:TrackPointExtension><gpxtpx:hr>146</gpxtpx:hr></gpxtpx:TrackPointExtension></extensions></trkpt>
  <trkpt lat="52.4787626" lon="13.3438651"><ele>30.7</ele><time>2025-09-21T09:15:00Z</time><extensions><gpxtpx:TrackPointExtension><gpxtpx:hr>147</gpxtpx:hr></gpxtpx:TrackPointExtension></extensions></trkpt>
  <trkpt lat="52.4786475" lon="13.3437735"><ele>30.7</ele><time>2025-09-21T09:15:05Z</time><extensions><gpxtpx:TrackPointExtension><gpxtpx:hr>146</gpxtpx:hr></gpxtpx:TrackPointExtension></extensions></trkpt>
  <trkpt lat="52.4786819" lon="13.3435505"><ele>30.7</ele><time>2025-09-21T09:15:10Z</time><extensions><gpxtpx:TrackPointExtension><gpxtpx:hr>146</gpxtpx:hr></gpxtpx:TrackPointExtension></extensions></trkpt>
  <trkpt lat="52.4785908" lon="13.3435822"><ele>30.7</ele><time>2025-09-21T09:15:15Z</time><extensions><gpxtpx:TrackPointExtension><gpxtpx:hr>146</gpxtpx:hr></gpxtpx:TrackPointExtension></extensions></trkpt>
  <trkpt lat="52.4784906" lon="13.3436397"><ele>30.8</ele><time>2025-09-21T09:15:20Z</time><extensions><gpxtpx:TrackPointExtension><gpxtpx:hr>145</gpxtpx:hr></gpxtpx:TrackPointExtension></extensions></trkpt>
  <trkpt lat="52.4783976" lon="13.3435023"><ele>30.8</ele><time>2025-09-21T09:15:25Z</time><extensions><gpxtpx:TrackPointExtension><gpxtpx:hr>145</gpxtpx:hr></gpxtpx:TrackPointExtension></extensions></trkpt>
  <trkpt lat="52.4783031" lon="13.3433350"><ele>30.8</ele><time>2025-09-21T09:15:30Z</time><extensions><gpxtpx:TrackPointExtension><gpxtpx:hr>145</gpxtpx:hr></gpxtpx:TrackPointExtension></extensions></trkpt>
  <trkpt lat="52.4782038" lon="13.3433151"><ele>30.8</ele><time>2025-09-21T09:15:35Z</time><extensions><gpxtpx:TrackPointExtension><gpxtpx:hr>145</gpxtpx:hr></gpxtpx:TrackPointExtension></extensions></trkpt>
  <trkpt lat="52.4781077" lon="13.3432504"><ele>30.8</ele><time>2025-09-21T09:15:40Z</time><extensions><gpxtpx:TrackPointExtension><gpxtpx:hr>144</gpxtpx:hr></gpxtpx:TrackPointExtension></extensions></trkpt>
  <trkpt lat="52.4779972" lon="13.3431213"><ele>30.8</ele><time>2025-09-21T09:15:45Z</time><extensions><gpxtpx:TrackPointExtension><gpxtpx:hr>144</gpxtpx:hr></gpxtpx:TrackPointExtension></extensions></trkpt>
  <trkpt lat="52.4778991" lon="13.3429603"><ele>30.8</ele><time>2025-09-21T09:15:50Z</time><extensions><gpxtpx:TrackPointExtension><gpxtpx:hr>145</gpxtpx:hr></gpxtpx:TrackPointExtension></extensions></trkpt>
  <trkpt lat="52.4777898" lon="13.3428256"><ele>30.9</ele><time>2025-09-21T09:15:55Z</time><extensions><gpxtpx:TrackPointExtension><gpxtpx:hr>146</gpxtpx:hr></gpxtpx:TrackPointExtension></extensions></trkpt>
  <trkpt lat="52.4776825" lon="13.3426723"><ele>30.9</ele><time>2025-09-21T09:16:00Z</time><extensions><gpxtpx:TrackPointExtension><gpxtpx:hr>146</gpxtpx:hr></gpxtpx:TrackPointExtension></extensions></trkpt>
  <trkpt lat="52.4775805" lon="13.3425351"><ele>30.9</ele><time>2025-09-21T09:16:05Z</time><extensions><gpxtpx:TrackPointExtension><gpxtpx:hr>146</gpxtpx:hr></gpxtpx:TrackPointExtension></extensions></trkpt>
  <trkpt lat="52.4774653" lon="13.3423993"><ele>30.9</ele><time>2025-09-21T09:16:10Z</time><extensions><gpxtpx:TrackPointExtension><gpxtpx:hr>145</gpxtpx:hr></gpxtpx:TrackPointExtension></extensions></trkpt>
  <trkpt lat="52.4773650" lon="13.3422509"><ele>30.9</ele><time>2025-09-21T09:16:15Z</time><extensions><gpxtpx:TrackPointExtension><gpxtpx:hr>146</gpxtpx:hr></gpxtpx:TrackPointExtension></extensions></trkpt>
  <trkpt lat="52.4772544" lon="13.3421196"><ele>30.9</ele><time>2025-09-21T09:16:20Z</time><extensions><gpxtpx:TrackPointExtension><gpxtpx:hr>147</gpxtpx:hr></gpxtpx:TrackPointExtension></extensions></trkpt>
  <trkpt lat="52.4771460" lon="13.3419703"><ele>30.9</ele><time>2025-09-21T09:16:25Z</time><extensions><gpxtpx:TrackPointExtension><gpxtpx:hr>147</gpxtpx:hr></gpxtpx:TrackPointExtension></extensions></trkpt>
  <trkpt lat="52.4770355" lon="13.3418360"><ele>31.0</ele><time>2025-09-21T09:16:30Z</time><extensions><gpxtpx:TrackPointExtension><gpxtpx:hr>146</gpxtpx:hr></gpxtpx:TrackPointExtension></extensions></trkpt>
  <trkpt lat="52.4769329" lon="13.3416970"><ele>31.0</ele><time>2025-09-21T09:16:35Z</time><extensions><gpxtpx:TrackPointExtension><gpxtpx:hr>147</gpxtpx:hr></gpxtpx:TrackPointExtension></extensions></trkpt>
  <trkpt lat="52.4768278" lon="13.3415463"><ele>31.0</ele><time>2025-09-21T09:16:40Z</time><extensions><gpxtpx:TrackPointExtension><gpxtpx:hr>147</gpxtpx:hr></gpxtpx:TrackPointExtension></extensions></trkpt>
  <trkpt lat="52.4767115" lon="13.3414164"><ele>31.0</ele><time>2025-09-21T09:16:45Z</time><extensions><gpxtpx:TrackPointExtension><gpxtpx:hr>147</gpxtpx:hr></gpxtpx:TrackPointExtension></extensions></trkpt>
  <trkpt lat="52.4766011" lon="13.3412673"><ele>31.0</ele><time>2025-09-21T09:16:50Z</time><extensions><gpxtpx:TrackPointExtension><gpxtpx:hr>148</gpxtpx:hr></gpxtpx:TrackPointExtension></extensions></trkpt>
  <trkpt lat="52.4764989" lon="13.3411446"><ele>31.0</ele><time>2025-09-21T09:16:55Z</time><extensions><gpxtpx:TrackPointExtension><gpxtpx:hr>146</gpxtpx:hr></gpxtpx:TrackPointExtension></extensions></trkpt>
  <trkpt lat="52.4763924" lon="13.3410080"><ele>31.0</ele><time>2025-09-21T09:17:00Z</time><extensions><gpxtpx:TrackPointExtension><gpxtpx:hr>146</gpxtpx:hr></gpxtpx:TrackPointExtension></extensions></trkpt>
  <trkpt lat="52.4762825" lon="13.3408554"><ele>31.1</ele><time>2025-09-21T09:17:05Z</time><extensions><gpxtpx:TrackPointExtension><gpxtpx:hr>145</gpxtpx:hr></gpxtpx:TrackPointExtension></extensions></trkpt>
  <trkpt lat="52.4761709" lon="13.3407180"><ele>31.1</ele><time>2025-09-21T09:17:10Z</time><extensions><gpxtpx:TrackPointExtension><gpxtpx:hr>145</gpxtpx:hr></gpxtpx:TrackPointExtension></extensions></trkpt>
  <trkpt lat="52.4760592" lon="13.3405785"><ele>31.1</ele><time>2025-09-21T09:17:15Z</time><extensions><gpxtpx:TrackPointExtension><gpxtpx:hr>146</gpxtpx:hr></gpxtpx:TrackPointExtension></extensions></trkpt>
  <trkpt lat="52.4759583" lon="13.3404420"><ele>31.1</ele><time>2025-09-21T09:17:20Z</time><extensions><gpxtpx:TrackPointExtension><gpxtpx:hr>146</gpxtpx:hr></gpxtpx:TrackPointExtension></extensions></trkpt>
  <trkpt lat="52.4758403" lon="13.3402980"><ele>31.1</ele><time>2025-09-21T09:17:25Z</time><extensions><gpxtpx:TrackPointExtension><gpxtpx:hr>146</gpxtpx:hr></gpxtpx:TrackPointExtension></extensions></trkpt>
  <trkpt lat="52.4757344" lon="13.3401627"><ele>31.1</ele><time>2025-09-21T09:17:30Z</time><extensions><gpxtpx:TrackPointExtension><gpxtpx:hr>145</gpxtpx:hr></gpxtpx:TrackPointExtension></extensions></trkpt>
  <trkpt lat="52.4756300" lon="13.3400261"><ele>31.2</ele><time>2025-09-21T09:17:35Z</time><extensions><gpxtpx:TrackPointExtension><gpxtpx:hr>146</gpxtpx:hr></gpxtpx:TrackPointExtension></extensions></trkpt>
  <trkpt lat="52.4755129" lon="13.3398899"><ele>31.2</ele><time>2025-09-21T09:17:40Z</time><extensions><gpxtpx:TrackPointExtension><gpxtpx:hr>146</gpxtpx:hr></gpxtpx:TrackPointExtension></extensions></trkpt>
  <trkpt lat="52.4754124" lon="13.3397670"><ele>31.2</ele><time>2025-09-21T09:17:45Z</time><extensions><gpxtpx:TrackPointExtension><gpxtpx:hr>145</gpxtpx:hr></gpxtpx:TrackPointExtension></extensions></trkpt>
  <trkpt lat="52.4752982" lon="13.3396084"><ele>31.2</ele><time>2025-09-21T09:17:50Z</time><extensions><gpxtpx:TrackPointExtension><gpxtpx:hr>146</gpxtpx:hr></gpxtpx:TrackPointExtension></extensions></trkpt>
  <trkpt lat="52.4751873" lon="13.3394832"><ele>31.2</ele><time>2025-09-21T09:17:55Z</time><extensions><gpxtpx:TrackPointExtension><gpxtpx:hr>146</gpxtpx:hr></gpxtpx:TrackPointExtension></extensions></trkpt>
  <trkpt lat="52.4750736" lon="13.3393430"><ele>31.2</ele><time>2025-09-21T09:18:00Z</time><extensions><gpxtpx:TrackPointExtension><gpxtpx:hr>147</gpxtpx:hr></gpxtpx:TrackPointExtension></extensions></trkpt>
  <trkpt lat="52.4749749" lon="13.3392028"><ele>31.3</ele><time>2025-09-21T09:18:05Z</time><extensions><gpxtpx:TrackPointExtension><gpxtpx:hr>147</gpxtpx:hr></gpxtpx:TrackPointExtension></extensions></trkpt>
  <trkpt lat="52.4748632" lon="13.3390591"><ele>31.3</ele><time>2025-09-21T09:18:10Z</time><extensions><gpxtpx:TrackPointExtension><gpxtpx:hr>147</gpxtpx:hr></gpxtpx:TrackPointExtension></extensions></trkpt>
  <trkpt lat="52.4747492" lon="13.3389322"><ele>31.3</ele><time>2025-09-21T09:18:15Z</time><extensions><gpxtpx:TrackPointExtension><gpxtpx:hr>147</gpxtpx:hr></gpxtpx:TrackPointExtension></extensions></trkpt>
  <trkpt lat="52.4746402" lon="13.3387913"><ele>31.3</ele><time>2025-09-21T09:18:20Z</time><extensions><gpxtpx:TrackPointExtension><gpxtpx:hr>147</gpxtpx:hr></gpxtpx:TrackPointExtension></extensions></trkpt>
  <trkpt lat="52.4745261" lon="13.3386531"><ele>31.3</ele><time>2025-09-21T09:18:25Z</time><extensions><gpxtpx:TrackPointExtension><gpxtpx:hr>147</gpxtpx:hr></gpxtpx:TrackPointExtension></extensions></trkpt>
  <trkpt lat="52.4744229" lon="13.3385197"><ele>31.3</ele><time>2025-09-21T09:18:30Z</time><extensions><gpxtpx:TrackPointExtension><gpxtpx:hr>147</gpxtpx:hr></gpxtpx:TrackPointExtension></extensions></trkpt>
  <trkpt lat="52.4743151" lon="13.3383932"><ele>31.4</ele><time>2025-09-21T09:18:35Z</time><extensions><gpxtpx:TrackPointExtension><gpxtpx:hr>147</gpxtpx:hr></gpxtpx:TrackPointExtension></extensions></trkpt>
  <trkpt lat="52.4742016" lon="13.3382459"><ele>31.4</ele><time>2025-09-21T09:18:40Z</time><extensions><gpxtpx:TrackPointExtension><gpxtpx:hr>146</gpxtpx:hr></gpxtpx:TrackPointExtension></extensions></trkpt>
  <trkpt lat="52.4740986" lon="13.3381076"><ele>31.4</ele><time>2025-09-21T09:18:45Z</time><extensions><gpxtpx:TrackPointExtension><gpxtpx:hr>146</gpxtpx:hr></gpxtpx:TrackPointExtension></extensions></trkpt>
  <trkpt lat="52.4739807" lon="13.3379687"><ele>31.4</ele><time>2025-09-21T09:18:50Z</time><extensions><gpxtpx:TrackPointExtension><gpxtpx:hr>146</gpxtpx:hr></gpxtpx:TrackPointExtension></extensions></trkpt>
  <trkpt lat="52.4738762" lon="13.3378400"><ele>31.4</ele><time>2025-09-21T09:18:55Z</time><extensions><gpxtpx:TrackPointExtension><gpxtpx:hr>145</gpxtpx:hr></gpxtpx:TrackPointExtension></extensions></trkpt>
  <trkpt lat="52.4737616" lon="13.3376910"><ele>31.5</ele><time>2025-09-21T09:19:00Z</time><extensions><gpxtpx:TrackPointExtension><gpxtpx:hr>145</gpxtpx:hr></gpxtpx:TrackPointExtension></extensions></trkpt>
  <trkpt lat="52.4736567" lon="13.3375630"><ele>31.5</ele><time>2025-09-21T09:19:05Z</time><extensions><gpxtpx:TrackPointExtension><gpxtpx:hr>144</gpxtpx:hr></gpxtpx:TrackPointExtension></extensions></trkpt>
  <trkpt lat="52.4735430" lon="13.3374290"><ele>31.5</ele><time>2025-09-21T09:19:10Z</time><extensions><gpxtpx:TrackPointExtension><gpxtpx:hr>143</gpxtpx:hr></gpxtpx:TrackPointExtension></extensions></trkpt>
  <trkpt lat="52.4734312" lon="13.3373043"><ele>31.5</ele><time>2025-09-21T09:19:15Z</time><extensions><gpxtpx:TrackPointExtension><gpxtpx:hr>143</gpxtpx:hr></gpxtpx:TrackPointExtension></extensions></trkpt>
  <trkpt lat="52.4733288" lon="13.3371508"><ele>31.5</ele><time>2025-09-21T09:19:20Z</time><extensions><gpxtpx:TrackPointExtension><gpxtpx:hr>143</gpxtpx:hr></gpxtpx:TrackPointExtension></extensions></trkpt>
  <trkpt lat="52.4732153" lon="13.3370050"><ele>31.6</ele><time>2025-09-21T09:19:25Z</time><extensions><gpxtpx:TrackPointExtension><gpxtpx:hr>144</gpxtpx:hr></gpxtpx:TrackPointExtension></extensions></trkpt>
  <trkpt lat="52.4731133" lon="13.3368778"><ele>31.6</ele><time>2025-09-21T09:19:30Z</time><extensions><gpxtpx:TrackPointExtension><gpxtpx:hr>144</gpxtpx:hr></gpxtpx:TrackPointExtension></extensions></trkpt>
  <trkpt lat="52.4729906" lon="13.3367334"><ele>31.6</ele><time>2025-09-21T09:19:35Z</time><extensions><gpxtpx:TrackPointExtension><gpxtpx:hr>145</gpxtpx:hr></gpxtpx:TrackPointExtension></extensions></trkpt>
  <trkpt lat="52.4728852" lon="13.3365977"><ele>31.6</ele><time>2025-09-21T09:19:40Z</time><extensions><gpxtpx:TrackPointExtension><gpxtpx:hr>145</gpxtpx:hr></gpxtpx:TrackPointExtension></extensions></trkpt>
  <trkpt lat="52.4727772" lon="13.3364697"><ele>31.6</ele><time>2025-09-21T09:19:45Z</time><extensions><gpxtpx:TrackPointExtension><gpxtpx:hr>145</gpxtpx:hr></gpxtpx:TrackPointExtension></extensions></trkpt>
  <trkpt lat="52.4726680" lon="13.3363322"><ele>31.7</ele><time>2025-09-21T09:19:50Z</time><extensions><gpxtpx:TrackPointExtension><gpxtpx:hr>144</gpxtpx:hr></gpxtpx:TrackPointExtension></extensions></trkpt>
  <trkpt lat="52.4725526" lon="13.3361922"><ele>31.7</ele><time>2025-09-21T09:19:55Z</time><extensions><gpxtpx:TrackPointExtension><gpxtpx:hr>145</gpxtpx:hr></gpxtpx:TrackPointExtension></extensions></trkpt>
  <trkpt lat="52.4724397" lon="13.3360490"><ele>31.7</ele><time>2025-09-21T09:20:00Z</time><extensions><gpxtpx:TrackPointExtension><gpxtpx:hr>144</gpxtpx:hr></gpxtpx:TrackPointExtension></extensions></trkpt>
  <trkpt lat="52.4723324" lon="13.3359229"><ele>31.7</ele><time>2025-09-21T09:20:05Z</time><extensions><gpxtpx:TrackPointExtension><gpxtpx:hr>144</gpxtpx:hr></gpxtpx:TrackPointExtension></extensions></trkpt>
  <trkpt lat="52.4722178" lon="13.3358158"><ele>31.7</ele><time>2025-09-21T09:20:10Z</time><extensions><gpxtpx:TrackPointExtension><gpxtpx:hr>144</gpxtpx:hr></gpxtpx:TrackPointExtension></extensions></trkpt>
  <trkpt lat="52.4721100" lon="13.3356676"><ele>31.8</ele><time>2025-09-21T09:20:15Z</time><extensions><gpxtpx:TrackPointExtension><gpxtpx:hr>145</gpxtpx:hr></gpxtpx:TrackPointExtension></extensions></trkpt>
  <trkpt lat="52.4719895" lon="13.3355468"><ele>31.8</ele><time>2025-09-21T09:20:20Z</time><extensions><gpxtpx:TrackPointExtension><gpxtpx:hr>145</gpxtpx:hr></gpxtpx:TrackPointExtension></extensions></trkpt>
  <trkpt lat="52.4718742" lon="13.3354205"><ele>31.8</ele><time>2025-09-21T09:20:25Z</time><extensions><gpxtpx:TrackPointExtension><gpxtpx:hr>145</gpxtpx:hr></gpxtpx:TrackPointExtension></extensions></trkpt>
  <trkpt lat="52.4717785" lon="13.3352807"><ele>31.8</ele><time>2025-09-21T09:20:30Z</time><extensions><gpxtpx:TrackPointExtension><gpxtpx:hr>145</gpxtpx:hr></gpxtpx:TrackPointExtension></extensions></trkpt>
  <trkpt lat="52.4716974" lon="13.3351337"><ele>31.9</ele><time>2025-09-21T09:20:35Z</time><extensions><gpxtpx:TrackPointExtension><gpxtpx:hr>145</gpxtpx:hr></gpxtpx:TrackPointExtension></extensions></trkpt>
  <trkpt lat="52.4715715" lon="13.3350571"><ele>31.9</ele><time>2025-09-21T09:20:40Z</time><extensions><gpxtpx:TrackPointExtension><gpxtpx:hr>145</gpxtpx:hr></gpxtpx:TrackPointExtension></extensions></trkpt>
  <trkpt lat="52.4714550" lon="13.3349296"><ele>31.9</ele><time>2025-09-21T09:20:45Z</time><extensions><gpxtpx:TrackPointExtension><gpxtpx:hr>145</gpxtpx:hr></gpxtpx:TrackPointExtension></extensions></trkpt>
  <trkpt lat="52.4713444" lon="13.3348535"><ele>31.9</ele><time>2025-09-21T09:20:50Z</time><extensions><gpxtpx:TrackPointExtension><gpxtpx:hr>145</gpxtpx:hr></gpxtpx:TrackPointExtension></extensions></trkpt>
  <trkpt lat="52.4712307" lon="13.3347272"><ele>31.9</ele><time>2025-09-21T09:20:55Z</time><extensions><gpxtpx:TrackPointExtension><gpxtpx:hr>145</gpxtpx:hr></gpxtpx:TrackPointExtension></extensions></trkpt>
  <trkpt lat="52.4711101" lon="13.3346090"><ele>32.0</ele><time>2025-09-21T09:21:00Z</time><extensions><gpxtpx:TrackPointExtension><gpxtpx:hr>144</gpxtpx:hr></gpxtpx:TrackPointExtension></extensions></trkpt>
  <trkpt lat="52.4709947" lon="13.3344783"><ele>32.0</ele><time>2025-09-21T09:21:05Z</time><extensions><gpxtpx:TrackPointExtension><gpxtpx:hr>145</gpxtpx:hr></gpxtpx:TrackPointExtension></extensions></trkpt>
  <trkpt lat="52.4708839" lon="13.3343618"><ele>32.0</ele><time>2025-09-21T09:21:10Z</time><extensions><gpxtpx:TrackPointExtension><gpxtpx:hr>146</gpxtpx:hr></gpxtpx:TrackPointExtension></extensions></trkpt>
  <trkpt lat="52.4707663" lon="13.3342351"><ele>32.0</ele><time>2025-09-21T09:21:15Z</time><extensions><gpxtpx:TrackPointExtension><gpxtpx:hr>147</gpxtpx:hr></gpxtpx:TrackPointExtension></extensions></trkpt>
  <trkpt lat="52.4706550" lon="13.3341081"><ele>32.1</ele><time>2025-09-21T09:21:20Z</time><extensions><gpxtpx:TrackPointExtension><gpxtpx:hr>146</gpxtpx:hr></gpxtpx:TrackPointExtension></extensions></trkpt>
  <trkpt lat="52.4705364" lon="13.3339913"><ele>32.1</ele><time>2025-09-21T09:21:25Z</time><extensions><gpxtpx:TrackPointExtension><gpxtpx:hr>147</gpxtpx:hr></gpxtpx:TrackPointExtension></extensions></trkpt>
  <trkpt lat="52.4704166" lon="13.3338713"><ele>32.1</ele><time>2025-09-21T09:21:30Z</time><extensions><gpxtpx:TrackPointExtension><gpxtpx:hr>147</gpxtpx:hr></gpxtpx:TrackPointExtension></extensions></trkpt>
  <trkpt lat="52.4702992" lon="13.3337470"><ele>32.1</ele><time>2025-09-21T09:21:35Z</time><extensions><gpxtpx:TrackPointExtension><gpxtpx:hr>146</gpxtpx:hr></gpxtpx:TrackPointExtension></extensions></trkpt>
  <trkpt lat="52.4701834" lon="13.3336246"><ele>32.2</ele><time>2025-09-21T09:21:40Z</time><extensions><gpxtpx:TrackPointExtension><gpxtpx:hr>145</gpxtpx:hr></gpxtpx:TrackPointExtension></extensions></trkpt>
  <trkpt lat="52.4700765" lon="13.3334993"><ele>32.2</ele><time>2025-09-21T09:21:45Z</time><extensions><gpxtpx:TrackPointExtension><gpxtpx:hr>145</gpxtpx:hr></gpxtpx:TrackPointExtension></extensions></trkpt>
  <trkpt lat="52.4699544" lon="13.3333793"><ele>32.2</ele><time>2025-09-21T09:21:50Z</time><extensions><gpxtpx:TrackPointExtension><gpxtpx:hr>145</gpxtpx:hr></gpxtpx:TrackPointExtension></extensions></trkpt>
  <trkpt lat="52.4698365" lon="13.3332446"><ele>32.2</ele><time>2025-09-21T09:21:55Z</time><extensions><gpxtpx:TrackPointExtension><gpxtpx:hr>144</gpxtpx:hr></gpxtpx:TrackPointExtension></extensions></trkpt>
  <trkpt lat="52.4697203" lon="13.3331306"><ele>32.3</ele><time>2025-09-21T09:22:00Z</time><extensions><gpxtpx:TrackPointExtension><gpxtpx:hr>145</gpxtpx:hr></gpxtpx:TrackPointExtension></extensions></trkpt>
  <trkpt lat="52.4696036" lon="13.3330154"><ele>32.3</ele><time>2025-09-21T09:22:05Z</time><extensions><gpxtpx:TrackPointExtension><gpxtpx:hr>145</gpxtpx:hr></gpxtpx:TrackPointExtension></extensions></trkpt>
  <trkpt lat="52.4694913" lon="13.3328924"><ele>32.3</ele><time>2025-09-21T09:22:10Z</time><extensions><gpxtpx:TrackPointExtension><gpxtpx:hr>144</gpxtpx:hr></gpxtpx:TrackPointExtension></extensions></trkpt>
  <trkpt lat="52.4693742" lon="13.3327684"><ele>32.3</ele><time>2025-09-21T09:22:15Z</time><extensions><gpxtpx:TrackPointExtension><gpxtpx:hr>144</gpxtpx:hr></gpxtpx:TrackPointExtension></extensions></trkpt>
  <trkpt lat="52.4692655" lon="13.3326318"><ele>32.4</ele><time>2025-09-21T09:22:20Z</time><extensions><gpxtpx:TrackPointExtension><gpxtpx:hr>144</gpxtpx:hr></gpxtpx:TrackPointExtension></extensions></trkpt>
  <trkpt lat="52.4691479" lon="13.3324976"><ele>32.4</ele><time>2025-09-21T09:22:25Z</time><extensions><gpxtpx:TrackPointExtension><gpxtpx:hr>144</gpxtpx:hr></gpxtpx:TrackPointExtension></extensions></trkpt>
  <trkpt lat="52.4690318" lon="13.3323806"><ele>32.4</ele><time>2025-09-21T09:22:30Z</time><extensions><gpxtpx:TrackPointExtension><gpxtpx:hr>144</gpxtpx:hr></gpxtpx:TrackPointExtension></extensions></trkpt>
  <trkpt lat="52.4689343" lon="13.3322904"><ele>32.4</ele><time>2025-09-21T09:22:35Z</time><extensions><gpxtpx:TrackPointExtension><gpxtpx:hr>143</gpxtpx:hr></gpxtpx:TrackPointExtension></extensions></trkpt>
  <trkpt lat="52.4688051" lon="13.3321925"><ele>32.5</ele><time>2025-09-21T09:22:40Z</time><extensions><gpxtpx:TrackPointExtension><gpxtpx:hr>142</gpxtpx:hr></gpxtpx:TrackPointExtension></extensions></trkpt>
  <trkpt lat="52.4686975" lon="13.3320699"><ele>32.5</ele><time>2025-09-21T09:22:45Z</time><extensions><gpxtpx:TrackPointExtension><gpxtpx:hr>144</gpxtpx:hr></gpxtpx:TrackPointExtension></extensions></trkpt>
  <trkpt lat="52.4685794" lon="13.3319393"><ele>32.5</ele><time>2025-09-21T09:22:50Z</time><extensions><gpxtpx:TrackPointExtension><gpxtpx:hr>143</gpxtpx:hr></gpxtpx:TrackPointExtension></extensions></trkpt>
  <trkpt lat="52.4684589" lon="13.3318203"><ele>32.5</ele><time>2025-09-21T09:22:55Z</time><extensions><gpxtpx:TrackPointExtension><gpxtpx:hr>144</gpxtpx:hr></gpxtpx:TrackPointExtension></extensions></trkpt>
  <trkpt lat="52.4683398" lon="13.3317025"><ele>32.6</ele><time>2025-09-21T09:23:00Z</time><extensions><gpxtpx:TrackPointExtension><gpxtpx:hr>144</gpxtpx:hr></gpxtpx:TrackPointExtension></extensions></trkpt>
  <trkpt lat="52.4682286" lon="13.3315845"><ele>32.6</ele><time>2025-09-21T09:23:05Z</time><extensions><gpxtpx:TrackPointExtension><gpxtpx:hr>144</gpxtpx:hr></gpxtpx:TrackPointExtension></extensions></trkpt>
  <trkpt lat="52.4681115" lon="13.3314471"><ele>32.6</ele><time>2025-09-21T09:23:10Z</time><extensions><gpxtpx:TrackPointExtension><gpxtpx:hr>145</gpxtpx:hr></gpxtpx:TrackPointExtension></extensions></trkpt>
  <trkpt lat="52.4680025" lon="13.3313396"><ele>32.7</ele><time>2025-09-21T09:23:15Z</time><extensions><gpxtpx:TrackPointExtension><gpxtpx:hr>145</gpxtpx:hr></gpxtpx:TrackPointExtension></extensions></trkpt>
  <trkpt lat="52.4678805" lon="13.3312179"><ele>32.7</ele><time>2025-09-21T09:23:20Z</time><extensions><gpxtpx:TrackPointExtension><gpxtpx:hr>146</gpxtpx:hr></gpxtpx:TrackPointExtension></extensions></trkpt>
  <trkpt lat="52.4677632" lon="13.3310872"><ele>32.7</ele><time>2025-09-21T09:23:25Z</time><extensions><gpxtpx:TrackPointExtension><gpxtpx:hr>145</gpxtpx:hr></gpxtpx:TrackPointExtension></extensions></trkpt>
  <trkpt lat="52.4676537" lon="13.3309729"><ele>32.7</ele><time>2025-09-21T09:23:30Z</time><extensions><gpxtpx:TrackPointExtension><gpxtpx:hr>146</gpxtpx:hr></gpxtpx:TrackPointExtension></extensions></trkpt>
  <trkpt lat="52.4675317" lon="13.3308468"><ele>32.8</ele><time>2025-09-21T09:23:35Z</time><extensions><gpxtpx:TrackPointExtension><gpxtpx:hr>146</gpxtpx:hr></gpxtpx:TrackPointExtension></extensions></trkpt>
  <trkpt lat="52.4674186" lon="13.3307252"><ele>32.8</ele><time>2025-09-21T09:23:40Z</time><extensions><gpxtpx:TrackPointExtension><gpxtpx:hr>146</gpxtpx:hr></gpxtpx:TrackPointExtension></extensions></trkpt>
  <trkpt lat="52.4673017" lon="13.3306054"><ele>32.8</ele><time>2025-09-21T09:23:45Z</time><extensions><gpxtpx:TrackPointExtension><gpxtpx:hr>145</gpxtpx:hr></gpxtpx:TrackPointExtension></extensions></trkpt>
  <trkpt lat="52.4671866" lon="13.3304870"><ele>32.9</ele><time>2025-09-21T09:23:50Z</time><extensions><gpxtpx:TrackPointExtension><gpxtpx:hr>145</gpxtpx:hr></gpxtpx:TrackPointExtension></extensions></trkpt>
  <trkpt lat="52.4670604" lon="13.3303619"><ele>32.9</ele><time>2025-09-21T09:23:55Z</time><extensions><gpxtpx:TrackPointExtension><gpxtpx:hr>145</gpxtpx:hr></gpxtpx:TrackPointExtension></extensions></trkpt>
  <trkpt lat="52.4669496" lon="13.3302431"><ele>32.9</ele><time>2025-09-21T09:24:00Z</time><extensions><gpxtpx:TrackPointExtension><gpxtpx:hr>144</gpxtpx:hr></gpxtpx:TrackPointExtension></extensions></trkpt>
  <trkpt lat="52.4668381" lon="13.3301285"><ele>32.9</ele><time>2025-09-21T09:24:05Z</time><extensions><gpxtpx:TrackPointExtension><gpxtpx:hr>144</gpxtpx:hr></gpxtpx:TrackPointExtension></extensions></trkpt>
  <trkpt lat="52.4667183" lon="13.3300075"><ele>33.0</ele><time>2025-09-21T09:24:10Z</time><extensions><gpxtpx:TrackPointExtension><gpxtpx:hr>144</gpxtpx:hr></gpxtpx:TrackPointExtension></extensions></trkpt>
  <trkpt lat="52.4665882" lon="13.3298790"><ele>33.0</ele><time>2025-09-21T09:24:15Z</time><extensions><gpxtpx:TrackPointExtension><gpxtpx:hr>145</gpxtpx:hr></gpxtpx:TrackPointExtension></extensions></trkpt>
  <trkpt lat="52.4664835" lon="13.3297732"><ele>33.0</ele><time>2025-09-21T09:24:20Z</time><extensions><gpxtpx:TrackPointExtension><gpxtpx:hr>145</gpxtpx:hr></gpxtpx:TrackPointExtension></extensions></trkpt>
  <trkpt lat="52.4663676" lon="13.3296435"><ele>33.1</ele><time>2025-09-21T09:24:25Z</time><extensions><gpxtpx:TrackPointExtension><gpxtpx:hr>145</gpxtpx:hr></gpxtpx:TrackPointExtension></extensions></trkpt>
  <trkpt lat="52.4662434" lon="13.3295220"><ele>33.1</ele><time>2025-09-21T09:24:30Z</time><extensions><gpxtpx:TrackPointExtension><gpxtpx:hr>144</gpxtpx:hr></gpxtpx:TrackPointExtension></extensions></trkpt>
  <trkpt lat="52.4661356" lon="13.3293948"><ele>33.1</ele><time>2025-09-21T09:24:35Z</time><extensions><gpxtpx:TrackPointExtension><gpxtpx:hr>143</gpxtpx:hr></gpxtpx:TrackPointExtension></extensions></trkpt>
  <trkpt lat="52.4660092" lon="13.3292816"><ele>33.2</ele><time>2025-09-21T09:24:40Z</time><extensions><gpxtpx:TrackPointExtension><gpxtpx:hr>143</gpxtpx:hr></gpxtpx:TrackPointExtension></extensions></trkpt>
  <trkpt lat="52.4659011" lon="13.3291647"><ele>33.2</ele><time>2025-09-21T09:24:45Z</time><extensions><gpxtpx:TrackPointExtension><gpxtpx:hr>143</gpxtpx:hr></gpxtpx:TrackPointExtension></extensions></trkpt>
  <trkpt lat="52.4657809" lon="13.3290419"><ele>33.2</ele><time>2025-09-21T09:24:50Z</time><extensions><gpxtpx:TrackPointExtension><gpxtpx:hr>143</gpxtpx:hr></gpxtpx:TrackPointExtension></extensions></trkpt>
  <trkpt lat="52.4656699" lon="13.3289352"><ele>33.2</ele><time>2025-09-21T09:24:55Z</time><extensions><gpxtpx:TrackPointExtension><gpxtpx:hr>144</gpxtpx:hr></gpxtpx:TrackPointExtension></extensions></trkpt>
  <trkpt lat="52.4655500" lon="13.3288010"><ele>33.3</ele><time>2025-09-21T09:25:00Z</time><extensions><gpxtpx:TrackPointExtension><gpxtpx:hr>145</gpxtpx:hr></gpxtpx:TrackPointExtension></extensions></trkpt>
  <trkpt lat="52.4654232" lon="13.3286992"><ele>33.3</ele><time>2025-09-21T09:25:05Z</time><extensions><gpxtpx:TrackPointExtension><gpxtpx:hr>144</gpxtpx:hr></gpxtpx:TrackPointExtension></extensions></trkpt>
  <trkpt lat="52.4653119" lon="13.3285844"><ele>33.3</ele><time>2025-09-21T09:25:10Z</time><extensions><gpxtpx:TrackPointExtension><gpxtpx:hr>144</gpxtpx:hr></gpxtpx:TrackPointExtension></extensions></trkpt>
  <trkpt lat="52.4652596" lon="13.3284583"><ele>33.4</ele><time>2025-09-21T09:25:15Z</time><extensions><gpxtpx:TrackPointExtension><gpxtpx:hr>144</gpxtpx:hr></gpxtpx:TrackPointExtension></extensions></trkpt>
  <trkpt lat="52.4651399" lon="13.3283486"><ele>33.4</ele><time>2025-09-21T09:25:20Z</time><extensions><gpxtpx:TrackPointExtension><gpxtpx:hr>145</gpxtpx:hr></gpxtpx:TrackPointExtension></extensions></trkpt>
  <trkpt lat="52.4650258" lon="13.3282362"><ele>33.4</ele><time>2025-09-21T09:25:25Z</time><extensions><gpxtpx:TrackPointExtension><gpxtpx:hr>145</gpxtpx:hr></gpxtpx:TrackPointExtension></extensions></trkpt>
  <trkpt lat="52.4649828" lon="13.3280790"><ele>33.5</ele><time>2025-09-21T09:25:30Z</time><extensions><gpxtpx:TrackPointExtension><gpxtpx:hr>145</gpxtpx:hr></gpxtpx:TrackPointExtension></extensions></trkpt>
  <trkpt lat="52.4648522" lon="13.3280686"><ele>33.5</ele><time>2025-09-21T09:25:35Z</time><extensions><gpxtpx:TrackPointExtension><gpxtpx:hr>145</gpxtpx:hr></gpxtpx:TrackPointExtension></extensions></trkpt>
  <trkpt lat="52.4647342" lon="13.3279462"><ele>33.5</ele><time>2025-09-21T09:25:40Z</time><extensions><gpxtpx:TrackPointExtension><gpxtpx:hr>144</gpxtpx:hr></gpxtpx:TrackPointExtension></extensions></trkpt>
  <trkpt lat="52.4646115" lon="13.3278221"><ele>33.6</ele><time>2025-09-21T09:25:45Z</time><extensions><gpxtpx:TrackPointExtension><gpxtpx:hr>144</gpxtpx:hr></gpxtpx:TrackPointExtension></extensions></trkpt>
  <trkpt lat="52.4644929" lon="13.3277153"><ele>33.6</ele><time>2025-09-21T09:25:50Z</time><extensions><gpxtpx:TrackPointExtension><gpxtpx:hr>143</gpxtpx:hr></gpxtpx:TrackPointExtension></extensions></trkpt>
  <trkpt lat="52.4643691" lon="13.3276105"><ele>33.6</ele><time>2025-09-21T09:25:55Z</time><extensions><gpxtpx:TrackPointExtension><gpxtpx:hr>143</gpxtpx:hr></gpxtpx:TrackPointExtension></extensions></trkpt>
  <trkpt lat="52.4642468" lon="13.3275127"><ele>33.7</ele><time>2025-09-21T09:26:00Z</time><extensions><gpxtpx:TrackPointExtension><gpxtpx:hr>143</gpxtpx:hr></gpxtpx:TrackPointExtension></extensions></trkpt>
  <trkpt lat="52.4641232" lon="13.3274278"><ele>33.7</ele><time>2025-09-21T09:26:05Z</time><extensions><gpxtpx:TrackPointExtension><gpxtpx:hr>144</gpxtpx:hr></gpxtpx:TrackPointExtension></extensions></trkpt>
  <trkpt lat="52.4639943" lon="13.3273162"><ele>33.7</ele><time>2025-09-21T09:26:10Z</time><extensions><gpxtpx:TrackPointExtension><gpxtpx:hr>145</gpxtpx:hr></gpxtpx:TrackPointExtension></extensions></trkpt>
  <trkpt lat="52.4638796" lon="13.3271889"><ele>33.8</ele><time>2025-09-21T09:26:15Z</time><extensions><gpxtpx:TrackPointExtension><gpxtpx:hr>144</gpxtpx:hr></gpxtpx:TrackPointExtension></extensions></trkpt>
  <trkpt lat="52.4637636" lon="13.3270732"><ele>33.8</ele><time>2025-09-21T09:26:20Z</time><extensions><gpxtpx:TrackPointExtension><gpxtpx:hr>145</gpxtpx:hr></gpxtpx:TrackPointExtension></extensions></trkpt>
  <trkpt lat="52.4636490" lon="13.3269669"><ele>33.8</ele><time>2025-09-21T09:26:25Z</time><extensions><gpxtpx:TrackPointExtension><gpxtpx:hr>144</gpxtpx:hr></gpxtpx:TrackPointExtension></extensions></trkpt>
  <trkpt lat="52.4635319" lon="13.3268458"><ele>33.9</ele><time>2025-09-21T09:26:30Z</time><extensions><gpxtpx:TrackPointExtension><gpxtpx:hr>144</gpxtpx:hr></gpxtpx:TrackPointExtension></extensions></trkpt>
  <trkpt lat="52.4633994" lon="13.3267554"><ele>33.9</ele><time>2025-09-21T09:26:35Z</time><extensions><gpxtpx:TrackPointExtension><gpxtpx:hr>143</gpxtpx:hr></gpxtpx:TrackPointExtension></extensions></trkpt>
  <trkpt lat="52.4632813" lon="13.3266372"><ele>33.9</ele><time>2025-09-21T09:26:40Z</time><extensions><gpxtpx:TrackPointExtension><gpxtpx:hr>144</gpxtpx:hr></gpxtpx:TrackPointExtension></extensions></trkpt>
  <trkpt lat="52.4631496" lon="13.3265456"><ele>34.0</ele><time>2025-09-21T09:26:45Z</time><extensions><gpxtpx:TrackPointExtension><gpxtpx:hr>143</gpxtpx:hr></gpxtpx:TrackPointExtension></extensions></trkpt>
  <trkpt lat="52.4630434" lon="13.3264336"><ele>34.0</ele><time>2025-09-21T09:26:50Z</time><extensions><gpxtpx:TrackPointExtension><gpxtpx:hr>144</gpxtpx:hr></gpxtpx:TrackPointExtension></extensions></trkpt>
  <trkpt lat="52.4629229" lon="13.3263282"><ele>34.0</ele><time>2025-09-21T09:26:55Z</time><extensions><gpxtpx:TrackPointExtension><gpxtpx:hr>145</gpxtpx:hr></gpxtpx:TrackPointExtension></extensions></trkpt>
  <trkpt lat="52.4627983" lon="13.3261922"><ele>34.1</ele><time>2025-09-21T09:27:00Z</time><extensions><gpxtpx:TrackPointExtension><gpxtpx:hr>145</gpxtpx:hr></gpxtpx:TrackPointExtension></extensions></trkpt>
  <trkpt lat="52.4626790" lon="13.3260815"><ele>34.1</ele><time>2025-09-21T09:27:05Z</time><extensions><gpxtpx:TrackPointExtension><gpxtpx:hr>145</gpxtpx:hr></gpxtpx:TrackPointExtension></extensions></trkpt>
  <trkpt lat="52.4625614" lon="13.3259566"><ele>34.1</ele><time>2025-09-21T09:27:10Z</time><extensions><gpxtpx:TrackPointExtension><gpxtpx:hr>145</gpxtpx:hr></gpxtpx:TrackPointExtension></extensions></trkpt>
  <trkpt lat="52.4624529" lon="13.3258394"><ele>34.2</ele><time>2025-09-21T09:27:15Z</time><extensions><gpxtpx:TrackPointExtension><gpxtpx:hr>146</gpxtpx:hr></gpxtpx:TrackPointExtension></extensions></trkpt>
  <trkpt lat="52.4623391" lon="13.3257186"><ele>34.2</ele><time>2025-09-21T09:27:20Z</time><extensions><gpxtpx:TrackPointExtension><gpxtpx:hr>147</gpxtpx:hr></gpxtpx:TrackPointExtension></extensions></trkpt>
  <trkpt lat="52.4622176" lon="13.3255988"><ele>34.2</ele><time>2025-09-21T09:27:25Z</time><extensions><gpxtpx:TrackPointExtension><gpxtpx:hr>147</gpxtpx:hr></gpxtpx:TrackPointExtension></extensions></trkpt>
  <trkpt lat="52.4620998" lon="13.3254826"><ele>34.3</ele><time>2025-09-21T09:27:30Z</time><extensions><gpxtpx:TrackPointExtension><gpxtpx:hr>148</gpxtpx:hr></gpxtpx:TrackPointExtension></extensions></trkpt>
  <trkpt lat="52.4619805" lon="13.3253779"><ele>34.3</ele><time>2025-09-21T09:27:35Z</time><extensions><gpxtpx:TrackPointExtension><gpxtpx:hr>148</gpxtpx:hr></gpxtpx:TrackPointExtension></extensions></trkpt>
  <trkpt lat="52.4618627" lon="13.3252578"><ele>34.3</ele><time>2025-09-21T09:27:40Z</time><extensions><gpxtpx:TrackPointExtension><gpxtpx:hr>148</gpxtpx:hr></gpxtpx:TrackPointExtension></extensions></trkpt>
  <trkpt lat="52.4617463" lon="13.3251470"><ele>34.4</ele><time>2025-09-21T09:27:45Z</time><extensions><gpxtpx:TrackPointExtension><gpxtpx:hr>147</gpxtpx:hr></gpxtpx:TrackPointExtension></extensions></trkpt>
  <trkpt lat="52.4616305" lon="13.3250208"><ele>34.4</ele><time>2025-09-21T09:27:50Z</time><extensions><gpxtpx:TrackPointExtension><gpxtpx:hr>147</gpxtpx:hr></gpxtpx:TrackPointExtension></extensions></trkpt>
  <trkpt lat="52.4615021" lon="13.3249116"><ele>34.5</ele><time>2025-09-21T09:27:55Z</time><extensions><gpxtpx:TrackPointExtension><gpxtpx:hr>146</gpxtpx:hr></gpxtpx:TrackPointExtension></extensions></trkpt>
  <trkpt lat="52.4613829" lon="13.3248196"><ele>34.5</ele><time>2025-09-21T09:28:00Z</time><extensions><gpxtpx:TrackPointExtension><gpxtpx:hr>147</gpxtpx:hr></gpxtpx:TrackPointExtension></extensions></trkpt>
  <trkpt lat="52.4612647" lon="13.3247051"><ele>34.5</ele><time>2025-09-21T09:28:05Z</time><extensions><gpxtpx:TrackPointExtension><gpxtpx:hr>147</gpxtpx:hr></gpxtpx:TrackPointExtension></extensions></trkpt>
  <trkpt lat="52.4611407" lon="13.3245879"><ele>34.6</ele><time>2025-09-21T09:28:10Z</time><extensions><gpxtpx:TrackPointExtension><gpxtpx:hr>146</gpxtpx:hr></gpxtpx:TrackPointExtension></extensions></trkpt>
  <trkpt lat="52.4610320" lon="13.3244797"><ele>34.6</ele><time>2025-09-21T09:28:15Z</time><extensions><gpxtpx:TrackPointExtension><gpxtpx:hr>146</gpxtpx:hr></gpxtpx:TrackPointExtension></extensions></trkpt>
  <trkpt lat="52.4609004" lon="13.3243535"><ele>34.6</ele><time>2025-09-21T09:28:20Z</time><extensions><gpxtpx:TrackPointExtension><gpxtpx:hr>147</gpxtpx:hr></gpxtpx:TrackPointExtension></extensions></trkpt>
  <trkpt lat="52.4607878" lon="13.3242451"><ele>34.7</ele><time>2025-09-21T09:28:25Z</time><extensions><gpxtpx:TrackPointExtension><gpxtpx:hr>147</gpxtpx:hr></gpxtpx:TrackPointExtension></extensions></trkpt>
  <trkpt lat="52.4606647" lon="13.3241395"><ele>34.7</ele><time>2025-09-21T09:28:30Z</time><extensions><gpxtpx:TrackPointExtension><gpxtpx:hr>146</gpxtpx:hr></gpxtpx:TrackPointExtension></extensions></trkpt>
  <trkpt lat="52.4605587" lon="13.3240235"><ele>34.7</ele><time>2025-09-21T09:28:35Z</time><extensions><gpxtpx:TrackPointExtension><gpxtpx:hr>146</gpxtpx:hr></gpxtpx:TrackPointExtension></extensions></trkpt>
  <trkpt lat="52.4604534" lon="13.3240874"><ele>34.8</ele><time>2025-09-21T09:28:40Z</time><extensions><gpxtpx:TrackPointExtension><gpxtpx:hr>147</gpxtpx:hr></gpxtpx:TrackPointExtension></extensions></trkpt>
  <trkpt lat="52.4603822" lon="13.3242761"><ele>34.8</ele><time>2025-09-21T09:28:45Z</time><extensions><gpxtpx:TrackPointExtension><gpxtpx:hr>147</gpxtpx:hr></gpxtpx:TrackPointExtension></extensions></trkpt>
  <trkpt lat="52.4602691" lon="13.3241607"><ele>34.9</ele><time>2025-09-21T09:28:50Z</time><extensions><gpxtpx:TrackPointExtension><gpxtpx:hr>146</gpxtpx:hr></gpxtpx:TrackPointExtension></extensions></trkpt>
  <trkpt lat="52.4601426" lon="13.3240467"><ele>34.9</ele><time>2025-09-21T09:28:55Z</time><extensions><gpxtpx:TrackPointExtension><gpxtpx:hr>146</gpxtpx:hr></gpxtpx:TrackPointExtension></extensions></trkpt>
  <trkpt lat="52.4600225" lon="13.3239414"><ele>34.9</ele><time>2025-09-21T09:29:00Z</time><extensions><gpxtpx:TrackPointExtension><gpxtpx:hr>145</gpxtpx:hr></gpxtpx:TrackPointExtension></extensions></trkpt>
  <trkpt lat="52.4599053" lon="13.3238152"><ele>35.0</ele><time>2025-09-21T09:29:05Z</time><extensions><gpxtpx:TrackPointExtension><gpxtpx:hr>145</gpxtpx:hr></gpxtpx:TrackPointExtension></extensions></trkpt>
  <trkpt lat="52.4597888" lon="13.3237035"><ele>35.0</ele><time>2025-09-21T09:29:10Z</time><extensions><gpxtpx:TrackPointExtension><gpxtpx:hr>145</gpxtpx:hr></gpxtpx:TrackPointExtension></extensions></trkpt>
  <trkpt lat="52.4596762" lon="13.3235839"><ele>35.0</ele><time>2025-09-21T09:29:15Z</time><extensions><gpxtpx:TrackPointExtension><gpxtpx:hr>146</gpxtpx:hr></gpxtpx:TrackPointExtension></extensions></trkpt>
  <trkpt lat="52.4595460" lon="13.3234730"><ele>35.1</ele><time>2025-09-21T09:29:20Z</time><extensions><gpxtpx:TrackPointExtension><gpxtpx:hr>146</gpxtpx:hr></gpxtpx:TrackPointExtension></extensions></trkpt>
  <trkpt lat="52.4594280" lon="13.3233540"><ele>35.1</ele><time>2025-09-21T09:29:25Z</time><extensions><gpxtpx:TrackPointExtension><gpxtpx:hr>145</gpxtpx:hr></gpxtpx:TrackPointExtension></extensions></trkpt>
  <trkpt lat="52.4593155" lon="13.3232498"><ele>35.2</ele><time>2025-09-21T09:29:30Z</time><extensions><gpxtpx:TrackPointExtension><gpxtpx:hr>146</gpxtpx:hr></gpxtpx:TrackPointExtension></extensions></trkpt>
  <trkpt lat="52.4591997" lon="13.3231304"><ele>35.2</ele><time>2025-09-21T09:29:35Z</time><extensions><gpxtpx:TrackPointExtension><gpxtpx:hr>145</gpxtpx:hr></gpxtpx:TrackPointExtension></extensions></trkpt>
  <trkpt lat="52.4590663" lon="13.3230131"><ele>35.2</ele><time>2025-09-21T09:29:40Z</time><extensions><gpxtpx:TrackPointExtension><gpxtpx:hr>145</gpxtpx:hr></gpxtpx:TrackPointExtension></extensions></trkpt>
  <trkpt lat="52.4589481" lon="13.3229063"><ele>35.3</ele><time>2025-09-21T09:29:45Z</time><extensions><gpxtpx:TrackPointExtension><gpxtpx:hr>145</gpxtpx:hr></gpxtpx:TrackPointExtension></extensions></trkpt>
  <trkpt lat="52.4588338" lon="13.3227912"><ele>35.3</ele><time>2025-09-21T09:29:50Z</time><extensions><gpxtpx:TrackPointExtension><gpxtpx:hr>145</gpxtpx:hr></gpxtpx:TrackPointExtension></extensions></trkpt>
  <trkpt lat="52.4587138" lon="13.3226729"><ele>35.3</ele><time>2025-09-21T09:29:55Z</time><extensions><gpxtpx:TrackPointExtension><gpxtpx:hr>146</gpxtpx:hr></gpxtpx:TrackPointExtension></extensions></trkpt>
  <trkpt lat="52.4586006" lon="13.3225658"><ele>35.4</ele><time>2025-09-21T09:30:00Z</time><extensions><gpxtpx:TrackPointExtension><gpxtpx:hr>145</gpxtpx:hr></gpxtpx:TrackPointExtension></extensions></trkpt>
  <trkpt lat="52.4584747" lon="13.3224433"><ele>35.4</ele><time>2025-09-21T09:30:05Z</time><extensions><gpxtpx:TrackPointExtension><gpxtpx:hr>146</gpxtpx:hr></gpxtpx:TrackPointExtension></extensions></trkpt>
  <trkpt lat="52.4583623" lon="13.3223369"><ele>35.5</ele><time>2025-09-21T09:30:10Z</time><extensions><gpxtpx:TrackPointExtension><gpxtpx:hr>147</gpxtpx:hr></gpxtpx:TrackPointExtension></extensions></trkpt>
  <trkpt lat="52.4582426" lon="13.3222128"><ele>35.5</ele><time>2025-09-21T09:30:15Z</time><extensions><gpxtpx:TrackPointExtension><gpxtpx:hr>147</gpxtpx:hr></gpxtpx:TrackPointExtension></extensions></trkpt>
  <trkpt lat="52.4581298" lon="13.3221038"><ele>35.5</ele><time>2025-09-21T09:30:20Z</time><extensions><gpxtpx:TrackPointExtension><gpxtpx:hr>147</gpxtpx:hr></gpxtpx:TrackPointExtension></extensions></trkpt>
  <trkpt lat="52.4580010" lon="13.3219813"><ele>35.6</ele><time>2025-09-21T09:30:25Z</time><extensions><gpxtpx:TrackPointExtension><gpxtpx:hr>147</gpxtpx:hr></gpxtpx:TrackPointExtension></extensions></trkpt>
  <trkpt lat="52.4578929" lon="13.3218547"><ele>35.6</ele><time>2025-09-21T09:30:30Z</time><extensions><gpxtpx:TrackPointExtension><gpxtpx:hr>147</gpxtpx:hr></gpxtpx:TrackPointExtension></extensions></trkpt>
  <trkpt lat="52.4577687" lon="13.3217498"><ele>35.7</ele><time>2025-09-21T09:30:35Z</time><extensions><gpxtpx:TrackPointExtension><gpxtpx:hr>146</gpxtpx:hr></gpxtpx:TrackPointExtension></extensions></trkpt>
  <trkpt lat="52.4576441" lon="13.3216409"><ele>35.7</ele><time>2025-09-21T09:30:40Z</time><extensions><gpxtpx:TrackPointExtension><gpxtpx:hr>147</gpxtpx:hr></gpxtpx:TrackPointExtension></extensions></trkpt>
  <trkpt lat="52.4575264" lon="13.3215236"><ele>35.7</ele><time>2025-09-21T09:30:45Z</time><extensions><gpxtpx:TrackPointExtension><gpxtpx:hr>147</gpxtpx:hr></gpxtpx:TrackPointExtension></extensions></trkpt>
  <trkpt lat="52.4574079" lon="13.3214088"><ele>35.8</ele><time>2025-09-21T09:30:50Z</time><extensions><gpxtpx:TrackPointExtension><gpxtpx:hr>147</gpxtpx:hr></gpxtpx:TrackPointExtension></extensions></trkpt>
  <trkpt lat="52.4572895" lon="13.3212951"><ele>35.8</ele><time>2025-09-21T09:30:55Z</time><extensions><gpxtpx:TrackPointExtension><gpxtpx:hr>148</gpxtpx:hr></gpxtpx:TrackPointExtension></extensions></trkpt>
  <trkpt lat="52.4571704" lon="13.3211970"><ele>35.9</ele><time>2025-09-21T09:31:00Z</time><extensions><gpxtpx:TrackPointExtension><gpxtpx:hr>147</gpxtpx:hr></gpxtpx:TrackPointExtension></extensions></trkpt>
  <trkpt lat="52.4570528" lon="13.3210845"><ele>35.9</ele><time>2025-09-21T09:31:05Z</time><extensions><gpxtpx:TrackPointExtension><gpxtpx:hr>148</gpxtpx:hr></gpxtpx:TrackPointExtension></extensions></trkpt>
  <trkpt lat="52.4569381" lon="13.3210309"><ele>35.9</ele><time>2025-09-21T09:31:10Z</time><extensions><gpxtpx:TrackPointExtension><gpxtpx:hr>149</gpxtpx:hr></gpxtpx:TrackPointExtension></extensions></trkpt>
  <trkpt lat="52.4568174" lon="13.3209232"><ele>36.0</ele><time>2025-09-21T09:31:15Z</time><extensions><gpxtpx:TrackPointExtension><gpxtpx:hr>148</gpxtpx:hr></gpxtpx:TrackPointExtension></extensions></trkpt>
  <trkpt lat="52.4566865" lon="13.3208401"><ele>36.0</ele><time>2025-09-21T09:31:20Z</time><extensions><gpxtpx:TrackPointExtension><gpxtpx:hr>147</gpxtpx:hr></gpxtpx:TrackPointExtension></extensions></trkpt>
  <trkpt lat="52.4565963" lon="13.3207115"><ele>36.1</ele><time>2025-09-21T09:31:25Z</time><extensions><gpxtpx:TrackPointExtension><gpxtpx:hr>148</gpxtpx:hr></gpxtpx:TrackPointExtension></extensions></trkpt>
  <trkpt lat="52.4565102" lon="13.3205828"><ele>36.1</ele><time>2025-09-21T09:31:30Z</time><extensions><gpxtpx:TrackPointExtension><gpxtpx:hr>148</gpxtpx:hr></gpxtpx:TrackPointExtension></extensions></trkpt>
  <trkpt lat="52.4563855" lon="13.3204702"><ele>36.1</ele><time>2025-09-21T09:31:35Z</time><extensions><gpxtpx:TrackPointExtension><gpxtpx:hr>148</gpxtpx:hr></gpxtpx:TrackPointExtension></extensions></trkpt>
  <trkpt lat="52.4562627" lon="13.3203597"><ele>36.2</ele><time>2025-09-21T09:31:40Z</time><extensions><gpxtpx:TrackPointExtension><gpxtpx:hr>147</gpxtpx:hr></gpxtpx:TrackPointExtension></extensions></trkpt>
  <trkpt lat="52.4561509" lon="13.3202457"><ele>36.2</ele><time>2025-09-21T09:31:45Z</time><extensions><gpxtpx:TrackPointExtension><gpxtpx:hr>147</gpxtpx:hr></gpxtpx:TrackPointExtension></extensions></trkpt>
  <trkpt lat="52.4560370" lon="13.3201359"><ele>36.2</ele><time>2025-09-21T09:31:50Z</time><extensions><gpxtpx:TrackPointExtension><gpxtpx:hr>146</gpxtpx:hr></gpxtpx:TrackPointExtension></extensions></trkpt>
  <trkpt lat="52.4559114" lon="13.3200236"><ele>36.3</ele><time>2025-09-21T09:31:55Z</time><extensions><gpxtpx:TrackPointExtension><gpxtpx:hr>146</gpxtpx:hr></gpxtpx:TrackPointExtension></extensions></trkpt>
  <trkpt lat="52.4557887" lon="13.3199120"><ele>36.3</ele><time>2025-09-21T09:32:00Z</time><extensions><gpxtpx:TrackPointExtension><gpxtpx:hr>146</gpxtpx:hr></gpxtpx:TrackPointExtension></extensions></trkpt>
  <trkpt lat="52.4556730" lon="13.3198056"><ele>36.4</ele><time>2025-09-21T09:32:05Z</time><extensions><gpxtpx:TrackPointExtension><gpxtpx:hr>146</gpxtpx:hr></gpxtpx:TrackPointExtension></extensions></trkpt>
  <trkpt lat="52.4555418" lon="13.3197232"><ele>36.4</ele><time>2025-09-21T09:32:10Z</time><extensions><gpxtpx:TrackPointExtension><gpxtpx:hr>145</gpxtpx:hr></gpxtpx:TrackPointExtension></extensions></trkpt>
  <trkpt lat="52.4554119" lon="13.3196564"><ele>36.4</ele><time>2025-09-21T09:32:15Z</time><extensions><gpxtpx:TrackPointExtension><gpxtpx:hr>145</gpxtpx:hr></gpxtpx:TrackPointExtension></extensions></trkpt>
  <trkpt lat="52.4552878" lon="13.3195717"><ele>36.5</ele><time>2025-09-21T09:32:20Z</time><extensions><gpxtpx:TrackPointExtension><gpxtpx:hr>145</gpxtpx:hr></gpxtpx:TrackPointExtension></extensions></trkpt>
  <trkpt lat="52.4551483" lon="13.3194987"><ele>36.5</ele><time>2025-09-21T09:32:25Z</time><extensions><gpxtpx:TrackPointExtension><gpxtpx:hr>146</gpxtpx:hr></gpxtpx:TrackPointExtension></extensions></trkpt>
  <trkpt lat="52.4550231" lon="13.3194524"><ele>36.6</ele><time>2025-09-21T09:32:30Z</time><extensions><gpxtpx:TrackPointExtension><gpxtpx:hr>145</gpxtpx:hr></gpxtpx:TrackPointExtension></extensions></trkpt>
  <trkpt lat="52.4548918" lon="13.3193902"><ele>36.6</ele><time>2025-09-21T09:32:35Z</time><extensions><gpxtpx:TrackPointExtension><gpxtpx:hr>145</gpxtpx:hr></gpxtpx:TrackPointExtension></extensions></trkpt>
  <trkpt lat="52.4547750" lon="13.3194586"><ele>36.6</ele><time>2025-09-21T09:32:40Z</time><extensions><gpxtpx:TrackPointExtension><gpxtpx:hr>145</gpxtpx:hr></gpxtpx:TrackPointExtension></extensions></trkpt>
  <trkpt lat="52.4546692" lon="13.3193337"><ele>36.7</ele><time>2025-09-21T09:32:45Z</time><extensions><gpxtpx:TrackPointExtension><gpxtpx:hr>145</gpxtpx:hr></gpxtpx:TrackPointExtension></extensions></trkpt>
  <trkpt lat="52.4546015" lon="13.3191602"><ele>36.7</ele><time>2025-09-21T09:32:50Z</time><extensions><gpxtpx:TrackPointExtension><gpxtpx:hr>145</gpxtpx:hr></gpxtpx:TrackPointExtension></extensions></trkpt>
  <trkpt lat="52.4545512" lon="13.3189509"><ele>36.8</ele><time>2025-09-21T09:32:55Z</time><extensions><gpxtpx:TrackPointExtension><gpxtpx:hr>144</gpxtpx:hr></gpxtpx:TrackPointExtension></extensions></trkpt>
  <trkpt lat="52.4544974" lon="13.3187415"><ele>36.8</ele><time>2025-09-21T09:33:00Z</time><extensions><gpxtpx:TrackPointExtension><gpxtpx:hr>144</gpxtpx:hr></gpxtpx:TrackPointExtension></extensions></trkpt>
  <trkpt lat="52.4544634" lon="13.3185345"><ele>36.8</ele><time>2025-09-21T09:33:05Z</time><extensions><gpxtpx:TrackPointExtension><gpxtpx:hr>145</gpxtpx:hr></gpxtpx:TrackPointExtension></extensions></trkpt>
  <trkpt lat="52.4543685" lon="13.3184451"><ele>36.9</ele><time>2025-09-21T09:33:10Z</time><extensions><gpxtpx:TrackPointExtension><gpxtpx:hr>145</gpxtpx:hr></gpxtpx:TrackPointExtension></extensions></trkpt>
  <trkpt lat="52.4542222" lon="13.3184488"><ele>36.9</ele><time>2025-09-21T09:33:15Z</time><extensions><gpxtpx:TrackPointExtension><gpxtpx:hr>146</gpxtpx:hr></gpxtpx:TrackPointExtension></extensions></trkpt>
  <trkpt lat="52.4540859" lon="13.3184351"><ele>37.0</ele><time>2025-09-21T09:33:20Z</time><extensions><gpxtpx:TrackPointExtension><gpxtpx:hr>146</gpxtpx:hr></gpxtpx:TrackPointExtension></extensions></trkpt>
  <trkpt lat="52.4541022" lon="13.3182102"><ele>37.0</ele><time>2025-09-21T09:33:25Z</time><extensions><gpxtpx:TrackPointExtension><gpxtpx:hr>147</gpxtpx:hr></gpxtpx:TrackPointExtension></extensions></trkpt>
  <trkpt lat="52.4540838" lon="13.3179883"><ele>37.0</ele><time>2025-09-21T09:33:30Z</time><extensions><gpxtpx:TrackPointExtension><gpxtpx:hr>146</gpxtpx:hr></gpxtpx:TrackPointExtension></extensions></trkpt>
  <trkpt lat="52.4540296" lon="13.3177833"><ele>37.1</ele><time>2025-09-21T09:33:35Z</time><extensions><gpxtpx:TrackPointExtension><gpxtpx:hr>146</gpxtpx:hr></gpxtpx:TrackPointExtension></extensions></trkpt>
  <trkpt lat="52.4539777" lon="13.3175696"><ele>37.1</ele><time>2025-09-21T09:33:40Z</time><extensions><gpxtpx:TrackPointExtension><gpxtpx:hr>147</gpxtpx:hr></gpxtpx:TrackPointExtension></extensions></trkpt>
  <trkpt lat="52.4539081" lon="13.3173923"><ele>37.2</ele><time>2025-09-21T09:33:45Z</time><extensions><gpxtpx:TrackPointExtension><gpxtpx:hr>147</gpxtpx:hr></gpxtpx:TrackPointExtension></extensions></trkpt>
  <trkpt lat="52.4538509" lon="13.3171726"><ele>37.2</ele><time>2025-09-21T09:33:50Z</time><extensions><gpxtpx:TrackPointExtension><gpxtpx:hr>147</gpxtpx:hr></gpxtpx:TrackPointExtension></extensions></trkpt>
  <trkpt lat="52.4537854" lon="13.3169765"><ele>37.2</ele><time>2025-09-21T09:33:55Z</time><extensions><gpxtpx:TrackPointExtension><gpxtpx:hr>148</gpxtpx:hr></gpxtpx:TrackPointExtension></extensions></trkpt>
  <trkpt lat="52.4537262" lon="13.3167688"><ele>37.3</ele><time>2025-09-21T09:34:00Z</time><extensions><gpxtpx:TrackPointExtension><gpxtpx:hr>148</gpxtpx:hr></gpxtpx:TrackPointExtension></extensions></trkpt>
  <trkpt lat="52.4536573" lon="13.3165923"><ele>37.3</ele><time>2025-09-21T09:34:05Z</time><extensions><gpxtpx:TrackPointExtension><gpxtpx:hr>149</gpxtpx:hr></gpxtpx:TrackPointExtension></extensions></trkpt>
  <trkpt lat="52.4535858" lon="13.3163892"><ele>37.4</ele><time>2025-09-21T09:34:10Z</time><extensions><gpxtpx:TrackPointExtension><gpxtpx:hr>149</gpxtpx:hr></gpxtpx:TrackPointExtension></extensions></trkpt>
  <trkpt lat="52.4535209" lon="13.3161898"><ele>37.4</ele><time>2025-09-21T09:34:15Z</time><extensions><gpxtpx:TrackPointExtension><gpxtpx:hr>149</gpxtpx:hr></gpxtpx:TrackPointExtension></extensions></trkpt>
  <trkpt lat="52.4534604" lon="13.3159824"><ele>37.4</ele><time>2025-09-21T09:34:20Z</time><extensions><gpxtpx:TrackPointExtension><gpxtpx:hr>149</gpxtpx:hr></gpxtpx:TrackPointExtension></extensions></trkpt>
  <trkpt lat="52.4535220" lon="13.3158455"><ele>37.5</ele><time>2025-09-21T09:34:25Z</time><extensions><gpxtpx:TrackPointExtension><gpxtpx:hr>149</gpxtpx:hr></gpxtpx:TrackPointExtension></extensions></trkpt>
  <trkpt lat="52.4536399" lon="13.3157460"><ele>37.5</ele><time>2025-09-21T09:34:30Z</time><extensions><gpxtpx:TrackPointExtension><gpxtpx:hr>149</gpxtpx:hr></gpxtpx:TrackPointExtension></extensions></trkpt>
  <trkpt lat="52.4536216" lon="13.3155743"><ele>37.6</ele><time>2025-09-21T09:34:35Z</time><extensions><gpxtpx:TrackPointExtension><gpxtpx:hr>148</gpxtpx:hr></gpxtpx:TrackPointExtension></extensions></trkpt>
  <trkpt lat="52.4536428" lon="13.3154037"><ele>37.6</ele><time>2025-09-21T09:34:40Z</time><extensions><gpxtpx:TrackPointExtension><gpxtpx:hr>148</gpxtpx:hr></gpxtpx:TrackPointExtension></extensions></trkpt>
  <trkpt lat="52.4537551" lon="13.3152746"><ele>37.6</ele><time>2025-09-21T09:34:45Z</time><extensions><gpxtpx:TrackPointExtension><gpxtpx:hr>147</gpxtpx:hr></gpxtpx:TrackPointExtension></extensions></trkpt>
  <trkpt lat="52.4538752" lon="13.3151598"><ele>37.7</ele><time>2025-09-21T09:34:50Z</time><extensions><gpxtpx:TrackPointExtension><gpxtpx:hr>146</gpxtpx:hr></gpxtpx:TrackPointExtension></extensions></trkpt>
  <trkpt lat="52.4539946" lon="13.3150455"><ele>37.7</ele><time>2025-09-21T09:34:55Z</time><extensions><gpxtpx:TrackPointExtension><gpxtpx:hr>146</gpxtpx:hr></gpxtpx:TrackPointExtension></extensions></trkpt>
  <trkpt lat="52.4541152" lon="13.3149382"><ele>37.8</ele><time>2025-09-21T09:35:00Z</time><extensions><gpxtpx:TrackPointExtension><gpxtpx:hr>146</gpxtpx:hr></gpxtpx:TrackPointExtension></extensions></trkpt>
  <trkpt lat="52.4542381" lon="13.3148137"><ele>37.8</ele><time>2025-09-21T09:35:05Z</time><extensions><gpxtpx:TrackPointExtension><gpxtpx:hr>147</gpxtpx:hr></gpxtpx:TrackPointExtension></extensions></trkpt>
  <trkpt lat="52.4543489" lon="13.3147033"><ele>37.8</ele><time>2025-09-21T09:35:10Z</time><extensions><gpxtpx:TrackPointExtension><gpxtpx:hr>146</gpxtpx:hr></gpxtpx:TrackPointExtension></extensions></trkpt>
  <trkpt lat="52.4544729" lon="13.3145915"><ele>37.9</ele><time>2025-09-21T09:35:15Z</time><extensions><gpxtpx:TrackPointExtension><gpxtpx:hr>146</gpxtpx:hr></gpxtpx:TrackPointExtension></extensions></trkpt>
  <trkpt lat="52.4545804" lon="13.3144797"><ele>37.9</ele><time>2025-09-21T09:35:20Z</time><extensions><gpxtpx:TrackPointExtension><gpxtpx:hr>145</gpxtpx:hr></gpxtpx:TrackPointExtension></extensions></trkpt>
  <trkpt lat="52.4547107" lon="13.3144292"><ele>38.0</ele><time>2025-09-21T09:35:25Z</time><extensions><gpxtpx:TrackPointExtension><gpxtpx:hr>146</gpxtpx:hr></gpxtpx:TrackPointExtension></extensions></trkpt>
  <trkpt lat="52.4547919" lon="13.3142852"><ele>38.0</ele><time>2025-09-21T09:35:30Z</time><extensions><gpxtpx:TrackPointExtension><gpxtpx:hr>146</gpxtpx:hr></gpxtpx:TrackPointExtension></extensions></trkpt>
  <trkpt lat="52.4548958" lon="13.3143661"><ele>38.0</ele><time>2025-09-21T09:35:35Z</time><extensions><gpxtpx:TrackPointExtension><gpxtpx:hr>147</gpxtpx:hr></gpxtpx:TrackPointExtension></extensions></trkpt>
  <trkpt lat="52.4550150" lon="13.3144935"><ele>38.1</ele><time>2025-09-21T09:35:40Z</time><extensions><gpxtpx:TrackPointExtension><gpxtpx:hr>146</gpxtpx:hr></gpxtpx:TrackPointExtension></extensions></trkpt>
  <trkpt lat="52.4551200" lon="13.3146258"><ele>38.1</ele><time>2025-09-21T09:35:45Z</time><extensions><gpxtpx:TrackPointExtension><gpxtpx:hr>146</gpxtpx:hr></gpxtpx:TrackPointExtension></extensions></trkpt>
  <trkpt lat="52.4552360" lon="13.3147419"><ele>38.1</ele><time>2025-09-21T09:35:50Z</time><extensions><gpxtpx:TrackPointExtension><gpxtpx:hr>146</gpxtpx:hr></gpxtpx:TrackPointExtension></extensions></trkpt>
  <trkpt lat="52.4553593" lon="13.3148582"><ele>38.2</ele><time>2025-09-21T09:35:55Z</time><extensions><gpxtpx:TrackPointExtension><gpxtpx:hr>146</gpxtpx:hr></gpxtpx:TrackPointExtension></extensions></trkpt>
  <trkpt lat="52.4554701" lon="13.3149892"><ele>38.2</ele><time>2025-09-21T09:36:00Z</time><extensions><gpxtpx:TrackPointExtension><gpxtpx:hr>145</gpxtpx:hr></gpxtpx:TrackPointExtension></extensions></trkpt>
  <trkpt lat="52.4555846" lon="13.3151118"><ele>38.3</ele><time>2025-09-21T09:36:05Z</time><extensions><gpxtpx:TrackPointExtension><gpxtpx:hr>146</gpxtpx:hr></gpxtpx:TrackPointExtension></extensions></trkpt>
  <trkpt lat="52.4557025" lon="13.3152467"><ele>38.3</ele><time>2025-09-21T09:36:10Z</time><extensions><gpxtpx:TrackPointExtension><gpxtpx:hr>147</gpxtpx:hr></gpxtpx:TrackPointExtension></extensions></trkpt>
  <trkpt lat="52.4558182" lon="13.3153692"><ele>38.3</ele><time>2025-09-21T09:36:15Z</time><extensions><gpxtpx:TrackPointExtension><gpxtpx:hr>146</gpxtpx:hr></gpxtpx:TrackPointExtension></extensions></trkpt>
  <trkpt lat="52.4559333" lon="13.3154909"><ele>38.4</ele><time>2025-09-21T09:36:20Z</time><extensions><gpxtpx:TrackPointExtension><gpxtpx:hr>145</gpxtpx:hr></gpxtpx:TrackPointExtension></extensions></trkpt>
  <trkpt lat="52.4560456" lon="13.3156224"><ele>38.4</ele><time>2025-09-21T09:36:25Z</time><extensions><gpxtpx:TrackPointExtension><gpxtpx:hr>146</gpxtpx:hr></gpxtpx:TrackPointExtension></extensions></trkpt>
  <trkpt lat="52.4561597" lon="13.3157400"><ele>38.4</ele><time>2025-09-21T09:36:30Z</time><extensions><gpxtpx:TrackPointExtension><gpxtpx:hr>145</gpxtpx:hr></gpxtpx:TrackPointExtension></extensions></trkpt>
  <trkpt lat="52.4562780" lon="13.3158790"><ele>38.5</ele><time>2025-09-21T09:36:35Z</time><extensions><gpxtpx:TrackPointExtension><gpxtpx:hr>145</gpxtpx:hr></gpxtpx:TrackPointExtension></extensions></trkpt>
  <trkpt lat="52.4563858" lon="13.3159859"><ele>38.5</ele><time>2025-09-21T09:36:40Z</time><extensions><gpxtpx:TrackPointExtension><gpxtpx:hr>145</gpxtpx:hr></gpxtpx:TrackPointExtension></extensions></trkpt>
  <trkpt lat="52.4564798" lon="13.3159852"><ele>38.6</ele><time>2025-09-21T09:36:45Z</time><extensions><gpxtpx:TrackPointExtension><gpxtpx:hr>146</gpxtpx:hr></gpxtpx:TrackPointExtension></extensions></trkpt>
  <trkpt lat="52.4565674" lon="13.3157974"><ele>38.6</ele><time>2025-09-21T09:36:50Z</time><extensions><gpxtpx:TrackPointExtension><gpxtpx:hr>146</gpxtpx:hr></gpxtpx:TrackPointExtension></extensions></trkpt>
  <trkpt lat="52.4566362" lon="13.3156077"><ele>38.6</ele><time>2025-09-21T09:36:55Z</time><extensions><gpxtpx:TrackPointExtension><gpxtpx:hr>147</gpxtpx:hr></gpxtpx:TrackPointExtension></extensions></trkpt>
  <trkpt lat="52.4567157" lon="13.3154220"><ele>38.7</ele><time>2025-09-21T09:37:00Z</time><extensions><gpxtpx:TrackPointExtension><gpxtpx:hr>147</gpxtpx:hr></gpxtpx:TrackPointExtension></extensions></trkpt>
  <trkpt lat="52.4567853" lon="13.3152369"><ele>38.7</ele><time>2025-09-21T09:37:05Z</time><extensions><gpxtpx:TrackPointExtension><gpxtpx:hr>148</gpxtpx:hr></gpxtpx:TrackPointExtension></extensions></trkpt>
  <trkpt lat="52.4568569" lon="13.3150416"><ele>38.7</ele><time>2025-09-21T09:37:10Z</time><extensions><gpxtpx:TrackPointExtension><gpxtpx:hr>147</gpxtpx:hr></gpxtpx:TrackPointExtension></extensions></trkpt>
  <trkpt lat="52.4569452" lon="13.3148591"><ele>38.8</ele><time>2025-09-21T09:37:15Z</time><extensions><gpxtpx:TrackPointExtension><gpxtpx:hr>147</gpxtpx:hr></gpxtpx:TrackPointExtension></extensions></trkpt>
  <trkpt lat="52.4570236" lon="13.3146606"><ele>38.8</ele><time>2025-09-21T09:37:20Z</time><extensions><gpxtpx:TrackPointExtension><gpxtpx:hr>148</gpxtpx:hr></gpxtpx:TrackPointExtension></extensions></trkpt>
  <trkpt lat="52.4570944" lon="13.3144759"><ele>38.9</ele><time>2025-09-21T09:37:25Z</time><extensions><gpxtpx:TrackPointExtension><gpxtpx:hr>148</gpxtpx:hr></gpxtpx:TrackPointExtension></extensions></trkpt>
  <trkpt lat="52.4571717" lon="13.3142963"><ele>38.9</ele><time>2025-09-21T09:37:30Z</time><extensions><gpxtpx:TrackPointExtension><gpxtpx:hr>149</gpxtpx:hr></gpxtpx:TrackPointExtension></extensions></trkpt>
  <trkpt lat="52.4572468" lon="13.3140975"><ele>38.9</ele><time>2025-09-21T09:37:35Z</time><extensions><gpxtpx:TrackPointExtension><gpxtpx:hr>149</gpxtpx:hr></gpxtpx:TrackPointExtension></extensions></trkpt>
  <trkpt lat="52.4573239" lon="13.3139318"><ele>39.0</ele><time>2025-09-21T09:37:40Z</time><extensions><gpxtpx:TrackPointExtension><gpxtpx:hr>149</gpxtpx:hr></gpxtpx:TrackPointExtension></extensions></trkpt>
  <trkpt lat="52.4574015" lon="13.3137391"><ele>39.0</ele><time>2025-09-21T09:37:45Z</time><extensions><gpxtpx:TrackPointExtension><gpxtpx:hr>148</gpxtpx:hr></gpxtpx:TrackPointExtension></extensions></trkpt>
  <trkpt lat="52.4574885" lon="13.3135487"><ele>39.0</ele><time>2025-09-21T09:37:50Z</time><extensions><gpxtpx:TrackPointExtension><gpxtpx:hr>149</gpxtpx:hr></gpxtpx:TrackPointExtension></extensions></trkpt>
  <trkpt lat="52.4575601" lon="13.3133621"><ele>39.1</ele><time>2025-09-21T09:37:55Z</time><extensions><gpxtpx:TrackPointExtension><gpxtpx:hr>149</gpxtpx:hr></gpxtpx:TrackPointExtension></extensions></trkpt>
  <trkpt lat="52.4576253" lon="13.3131663"><ele>39.1</ele><time>2025-09-21T09:38:00Z</time><extensions><gpxtpx:TrackPointExtension><gpxtpx:hr>149</gpxtpx:hr></gpxtpx:TrackPointExtension></extensions></trkpt>
  <trkpt lat="52.4577068" lon="13.3129856"><ele>39.1</ele><time>2025-09-21T09:38:05Z</time><extensions><gpxtpx:TrackPointExtension><gpxtpx:hr>148</gpxtpx:hr></gpxtpx:TrackPointExtension></extensions></trkpt>
  <trkpt lat="52.4577790" lon="13.3127944"><ele>39.2</ele><time>2025-09-21T09:38:10Z</time><extensions><gpxtpx:TrackPointExtension><gpxtpx:hr>147</gpxtpx:hr></gpxtpx:TrackPointExtension></extensions></trkpt>
  <trkpt lat="52.4578597" lon="13.3126066"><ele>39.2</ele><time>2025-09-21T09:38:15Z</time><extensions><gpxtpx:TrackPointExtension><gpxtpx:hr>148</gpxtpx:hr></gpxtpx:TrackPointExtension></extensions></trkpt>
  <trkpt lat="52.4579400" lon="13.3124236"><ele>39.2</ele><time>2025-09-21T09:38:20Z</time><extensions><gpxtpx:TrackPointExtension><gpxtpx:hr>148</gpxtpx:hr></gpxtpx:TrackPointExtension></extensions></trkpt>
  <trkpt lat="52.4580099" lon="13.3122323"><ele>39.3</ele><time>2025-09-21T09:38:25Z</time><extensions><gpxtpx:TrackPointExtension><gpxtpx:hr>148</gpxtpx:hr></gpxtpx:TrackPointExtension></extensions></trkpt>
  <trkpt lat="52.4580939" lon="13.3120408"><ele>39.3</ele><time>2025-09-21T09:38:30Z</time><extensions><gpxtpx:TrackPointExtension><gpxtpx:hr>147</gpxtpx:hr></gpxtpx:TrackPointExtension></extensions></trkpt>
  <trkpt lat="52.4581672" lon="13.3118531"><ele>39.3</ele><time>2025-09-21T09:38:35Z</time><extensions><gpxtpx:TrackPointExtension><gpxtpx:hr>148</gpxtpx:hr></gpxtpx:TrackPointExtension></extensions></trkpt>
  <trkpt lat="52.4582420" lon="13.3116596"><ele>39.4</ele><time>2025-09-21T09:38:40Z</time><extensions><gpxtpx:TrackPointExtension><gpxtpx:hr>147</gpxtpx:hr></gpxtpx:TrackPointExtension></extensions></trkpt>
  <trkpt lat="52.4583114" lon="13.3114772"><ele>39.4</ele><time>2025-09-21T09:38:45Z</time><extensions><gpxtpx:TrackPointExtension><gpxtpx:hr>148</gpxtpx:hr></gpxtpx:TrackPointExtension></extensions></trkpt>
  <trkpt lat="52.4583923" lon="13.3112939"><ele>39.4</ele><time>2025-09-21T09:38:50Z</time><extensions><gpxtpx:TrackPointExtension><gpxtpx:hr>148</gpxtpx:hr></gpxtpx:TrackPointExtension></extensions></trkpt>
  <trkpt lat="52.4584665" lon="13.3111142"><ele>39.5</ele><time>2025-09-21T09:38:55Z</time><extensions><gpxtpx:TrackPointExtension><gpxtpx:hr>147</gpxtpx:hr></gpxtpx:TrackPointExtension></extensions></trkpt>
  <trkpt lat="52.4585339" lon="13.3109105"><ele>39.5</ele><time>2025-09-21T09:39:00Z</time><extensions><gpxtpx:TrackPointExtension><gpxtpx:hr>147</gpxtpx:hr></gpxtpx:TrackPointExtension></extensions></trkpt>
  <trkpt lat="52.4586189" lon="13.3107287"><ele>39.5</ele><time>2025-09-21T09:39:05Z</time><extensions><gpxtpx:TrackPointExtension><gpxtpx:hr>146</gpxtpx:hr></gpxtpx:TrackPointExtension></extensions></trkpt>
  <trkpt lat="52.4586913" lon="13.3105344"><ele>39.6</ele><time>2025-09-21T09:39:10Z</time><extensions><gpxtpx:TrackPointExtension><gpxtpx:hr>147</gpxtpx:hr></gpxtpx:TrackPointExtension></extensions></trkpt>
  <trkpt lat="52.4587671" lon="13.3103425"><ele>39.6</ele><time>2025-09-21T09:39:15Z</time><extensions><gpxtpx:TrackPointExtension><gpxtpx:hr>147</gpxtpx:hr></gpxtpx:TrackPointExtension></extensions></trkpt>
  <trkpt lat="52.4588417" lon="13.3101596"><ele>39.6</ele><time>2025-09-21T09:39:20Z</time><extensions><gpxtpx:TrackPointExtension><gpxtpx:hr>146</gpxtpx:hr></gpxtpx:TrackPointExtension></extensions></trkpt>
  <trkpt lat="52.4589278" lon="13.3099786"><ele>39.7</ele><time>2025-09-21T09:39:25Z</time><extensions><gpxtpx:TrackPointExtension><gpxtpx:hr>145</gpxtpx:hr></gpxtpx:TrackPointExtension></extensions></trkpt>
  <trkpt lat="52.4589969" lon="13.3097884"><ele>39.7</ele><time>2025-09-21T09:39:30Z</time><extensions><gpxtpx:TrackPointExtension><gpxtpx:hr>145</gpxtpx:hr></gpxtpx:TrackPointExtension></extensions></trkpt>
  <trkpt lat="52.4590751" lon="13.3095949"><ele>39.7</ele><time>2025-09-21T09:39:35Z</time><extensions><gpxtpx:TrackPointExtension><gpxtpx:hr>144</gpxtpx:hr></gpxtpx:TrackPointExtension></extensions></trkpt>
  <trkpt lat="52.4591415" lon="13.3094078"><ele>39.8</ele><time>2025-09-21T09:39:40Z</time><extensions><gpxtpx:TrackPointExtension><gpxtpx:hr>145</gpxtpx:hr></gpxtpx:TrackPointExtension></extensions></trkpt>
  <trkpt lat="52.4592254" lon="13.3092270"><ele>39.8</ele><time>2025-09-21T09:39:45Z</time><extensions><gpxtpx:TrackPointExtension><gpxtpx:hr>145</gpxtpx:hr></gpxtpx:TrackPointExtension></extensions></trkpt>
  <trkpt lat="52.4592998" lon="13.3090398"><ele>39.8</ele><time>2025-09-21T09:39:50Z</time><extensions><gpxtpx:TrackPointExtension><gpxtpx:hr>145</gpxtpx:hr></gpxtpx:TrackPointExtension></extensions></trkpt>
  <trkpt lat="52.4593739" lon="13.3088453"><ele>39.9</ele><time>2025-09-21T09:39:55Z</time><extensions><gpxtpx:TrackPointExtension><gpxtpx:hr>144</gpxtpx:hr></gpxtpx:TrackPointExtension></extensions></trkpt>
  <trkpt lat="52.4594527" lon="13.3086527"><ele>39.9</ele><time>2025-09-21T09:40:00Z</time><extensions><gpxtpx:TrackPointExtension><gpxtpx:hr>145</gpxtpx:hr></gpxtpx:TrackPointExtension></extensions></trkpt>
  <trkpt lat="52.4595252" lon="13.3084709"><ele>39.9</ele><time>2025-09-21T09:40:05Z</time><extensions><gpxtpx:TrackPointExtension><gpxtpx:hr>145</gpxtpx:hr></gpxtpx:TrackPointExtension></extensions></trkpt>
  <trkpt lat="52.4596015" lon="13.3082712"><ele>39.9</ele><time>2025-09-21T09:40:10Z</time><extensions><gpxtpx:TrackPointExtension><gpxtpx:hr>145</gpxtpx:hr></gpxtpx:TrackPointExtension></extensions></trkpt>
  <trkpt lat="52.4596577" lon="13.3081072"><ele>40.0</ele><time>2025-09-21T09:40:15Z</time><extensions><gpxtpx:TrackPointExtension><gpxtpx:hr>146</gpxtpx:hr></gpxtpx:TrackPointExtension></extensions></trkpt>
  <trkpt lat="52.4597777" lon="13.3080901"><ele>40.0</ele><time>2025-09-21T09:40:20Z</time><extensions><gpxtpx:TrackPointExtension><gpxtpx:hr>146</gpxtpx:hr></gpxtpx:TrackPointExtension></extensions></trkpt>
  <trkpt lat="52.4599076" lon="13.3081017"><ele>40.0</ele><time>2025-09-21T09:40:25Z</time><extensions><gpxtpx:TrackPointExtension><gpxtpx:hr>147</gpxtpx:hr></gpxtpx:TrackPointExtension></extensions></trkpt>
  <trkpt lat="52.4600509" lon="13.3081184"><ele>40.1</ele><time>2025-09-21T09:40:30Z</time><extensions><gpxtpx:TrackPointExtension><gpxtpx:hr>148</gpxtpx:hr></gpxtpx:TrackPointExtension></extensions></trkpt>
  <trkpt lat="52.4601842" lon="13.3081510"><ele>40.1</ele><time>2025-09-21T09:40:35Z</time><extensions><gpxtpx:TrackPointExtension><gpxtpx:hr>147</gpxtpx:hr></gpxtpx:TrackPointExtension></extensions></trkpt>
  <trkpt lat="52.4603298" lon="13.3081611"><ele>40.1</ele><time>2025-09-21T09:40:40Z</time><extensions><gpxtpx:TrackPointExtension><gpxtpx:hr>148</gpxtpx:hr></gpxtpx:TrackPointExtension></extensions></trkpt>
  <trkpt lat="52.4604636" lon="13.3081899"><ele>40.2</ele><time>2025-09-21T09:40:45Z</time><extensions><gpxtpx:TrackPointExtension><gpxtpx:hr>148</gpxtpx:hr></gpxtpx:TrackPointExtension></extensions></trkpt>
  <trkpt lat="52.4606030" lon="13.3082037"><ele>40.2</ele><time>2025-09-21T09:40:50Z</time><extensions><gpxtpx:TrackPointExtension><gpxtpx:hr>147</gpxtpx:hr></gpxtpx:TrackPointExtension></extensions></trkpt>
  <trkpt lat="52.4607328" lon="13.3082282"><ele>40.2</ele><time>2025-09-21T09:40:55Z</time><extensions><gpxtpx:TrackPointExtension><gpxtpx:hr>147</gpxtpx:hr></gpxtpx:TrackPointExtension></extensions></trkpt>
  <trkpt lat="52.4608779" lon="13.3082477"><ele>40.2</ele><time>2025-09-21T09:41:00Z</time><extensions><gpxtpx:TrackPointExtension><gpxtpx:hr>146</gpxtpx:hr></gpxtpx:TrackPointExtension></extensions></trkpt>
  <trkpt lat="52.4610107" lon="13.3082682"><ele>40.3</ele><time>2025-09-21T09:41:05Z</time><extensions><gpxtpx:TrackPointExtension><gpxtpx:hr>147</gpxtpx:hr></gpxtpx:TrackPointExtension></extensions></trkpt>
  <trkpt lat="52.4611452" lon="13.3082951"><ele>40.3</ele><time>2025-09-21T09:41:10Z</time><extensions><gpxtpx:TrackPointExtension><gpxtpx:hr>147</gpxtpx:hr></gpxtpx:TrackPointExtension></extensions></trkpt>
  <trkpt lat="52.4612884" lon="13.3083104"><ele>40.3</ele><time>2025-09-21T09:41:15Z</time><extensions><gpxtpx:TrackPointExtension><gpxtpx:hr>148</gpxtpx:hr></gpxtpx:TrackPointExtension></extensions></trkpt>
  <trkpt lat="52.4614178" lon="13.3083452"><ele>40.3</ele><time>2025-09-21T09:41:20Z</time><extensions><gpxtpx:TrackPointExtension><gpxtpx:hr>148</gpxtpx:hr></gpxtpx:TrackPointExtension></extensions></trkpt>
  <trkpt lat="52.4615643" lon="13.3083720"><ele>40.4</ele><time>2025-09-21T09:41:25Z</time><extensions><gpxtpx:TrackPointExtension><gpxtpx:hr>147</gpxtpx:hr></gpxtpx:TrackPointExtension></extensions></trkpt>
  <trkpt lat="52.4616008" lon="13.3081912"><ele>40.4</ele><time>2025-09-21T09:41:30Z</time><extensions><gpxtpx:TrackPointExtension><gpxtpx:hr>146</gpxtpx:hr></gpxtpx:TrackPointExtension></extensions></trkpt>
  <trkpt lat="52.4616330" lon="13.3080070"><ele>40.4</ele><time>2025-09-21T09:41:35Z</time><extensions><gpxtpx:TrackPointExtension><gpxtpx:hr>147</gpxtpx:hr></gpxtpx:TrackPointExtension></extensions></trkpt>
  <trkpt lat="52.4616575" lon="13.3077874"><ele>40.5</ele><time>2025-09-21T09:41:40Z</time><extensions><gpxtpx:TrackPointExtension><gpxtpx:hr>148</gpxtpx:hr></gpxtpx:TrackPointExtension></extensions></trkpt>
  <trkpt lat="52.4617090" lon="13.3076244"><ele>40.5</ele><time>2025-09-21T09:41:45Z</time><extensions><gpxtpx:TrackPointExtension><gpxtpx:hr>147</gpxtpx:hr></gpxtpx:TrackPointExtension></extensions></trkpt>
  <trkpt lat="52.4617401" lon="13.3074183"><ele>40.5</ele><time>2025-09-21T09:41:50Z</time><extensions><gpxtpx:TrackPointExtension><gpxtpx:hr>147</gpxtpx:hr></gpxtpx:TrackPointExtension></extensions></trkpt>
  <trkpt lat="52.4617734" lon="13.3072307"><ele>40.5</ele><time>2025-09-21T09:41:55Z</time><extensions><gpxtpx:TrackPointExtension><gpxtpx:hr>148</gpxtpx:hr></gpxtpx:TrackPointExtension></extensions></trkpt>
  <trkpt lat="52.4617889" lon="13.3070096"><ele>40.6</ele><time>2025-09-21T09:42:00Z</time><extensions><gpxtpx:TrackPointExtension><gpxtpx:hr>147</gpxtpx:hr></gpxtpx:TrackPointExtension></extensions></trkpt>
  <trkpt lat="52.4617983" lon="13.3067710"><ele>40.6</ele><time>2025-09-21T09:42:05Z</time><extensions><gpxtpx:TrackPointExtension><gpxtpx:hr>146</gpxtpx:hr></gpxtpx:TrackPointExtension></extensions></trkpt>
  <trkpt lat="52.4618169" lon="13.3065449"><ele>40.6</ele><time>2025-09-21T09:42:10Z</time><extensions><gpxtpx:TrackPointExtension><gpxtpx:hr>147</gpxtpx:hr></gpxtpx:TrackPointExtension></extensions></trkpt>
  <trkpt lat="52.4618278" lon="13.3063318"><ele>40.6</ele><time>2025-09-21T09:42:15Z</time><extensions><gpxtpx:TrackPointExtension><gpxtpx:hr>147</gpxtpx:hr></gpxtpx:TrackPointExtension></extensions></trkpt>
  <trkpt lat="52.4618435" lon="13.3061039"><ele>40.7</ele><time>2025-09-21T09:42:20Z</time><extensions><gpxtpx:TrackPointExtension><gpxtpx:hr>148</gpxtpx:hr></gpxtpx:TrackPointExtension></extensions></trkpt>
  <trkpt lat="52.4618483" lon="13.3058825"><ele>40.7</ele><time>2025-09-21T09:42:25Z</time><extensions><gpxtpx:TrackPointExtension><gpxtpx:hr>147</gpxtpx:hr></gpxtpx:TrackPointExtension></extensions></trkpt>
  <trkpt lat="52.4618500" lon="13.3056479"><ele>40.7</ele><time>2025-09-21T09:42:30Z</time><extensions><gpxtpx:TrackPointExtension><gpxtpx:hr>148</gpxtpx:hr></gpxtpx:TrackPointExtension></extensions></trkpt>
  <trkpt lat="52.4618523" lon="13.3054299"><ele>40.7</ele><time>2025-09-21T09:42:35Z</time><extensions><gpxtpx:TrackPointExtension><gpxtpx:hr>147</gpxtpx:hr></gpxtpx:TrackPointExtension></extensions></trkpt>
  <trkpt lat="52.4618368" lon="13.3052011"><ele>40.8</ele><time>2025-09-21T09:42:40Z</time><extensions><gpxtpx:TrackPointExtension><gpxtpx:hr>147</gpxtpx:hr></gpxtpx:TrackPointExtension></extensions></trkpt>
  <trkpt lat="52.4618255" lon="13.3049792"><ele>40.8</ele><time>2025-09-21T09:42:45Z</time><extensions><gpxtpx:TrackPointExtension><gpxtpx:hr>146</gpxtpx:hr></gpxtpx:TrackPointExtension></extensions></trkpt>
  <trkpt lat="52.4618104" lon="13.3047497"><ele>40.8</ele><time>2025-09-21T09:42:50Z</time><extensions><gpxtpx:TrackPointExtension><gpxtpx:hr>146</gpxtpx:hr></gpxtpx:TrackPointExtension></extensions></trkpt>
  <trkpt lat="52.4618619" lon="13.3046087"><ele>40.8</ele><time>2025-09-21T09:42:55Z</time><extensions><gpxtpx:TrackPointExtension><gpxtpx:hr>145</gpxtpx:hr></gpxtpx:TrackPointExtension></extensions></trkpt>
  <trkpt lat="52.4618721" lon="13.3044014"><ele>40.8</ele><time>2025-09-21T09:43:00Z</time><extensions><gpxtpx:TrackPointExtension><gpxtpx:hr>146</gpxtpx:hr></gpxtpx:TrackPointExtension></extensions></trkpt>
  <trkpt lat="52.4618357" lon="13.3042525"><ele>40.9</ele><time>2025-09-21T09:43:05Z</time><extensions><gpxtpx:TrackPointExtension><gpxtpx:hr>145</gpxtpx:hr></gpxtpx:TrackPointExtension></extensions></trkpt>
  <trkpt lat="52.4619334" lon="13.3041169"><ele>40.9</ele><time>2025-09-21T09:43:10Z</time><extensions><gpxtpx:TrackPointExtension><gpxtpx:hr>146</gpxtpx:hr></gpxtpx:TrackPointExtension></extensions></trkpt>
  <trkpt lat="52.4620391" lon="13.3039931"><ele>40.9</ele><time>2025-09-21T09:43:15Z</time><extensions><gpxtpx:TrackPointExtension><gpxtpx:hr>145</gpxtpx:hr></gpxtpx:TrackPointExtension></extensions></trkpt>
  <trkpt lat="52.4621619" lon="13.3038481"><ele>40.9</ele><time>2025-09-21T09:43:20Z</time><extensions><gpxtpx:TrackPointExtension><gpxtpx:hr>146</gpxtpx:hr></gpxtpx:TrackPointExtension></extensions></trkpt>
  <trkpt lat="52.4622700" lon="13.3037130"><ele>41.0</ele><time>2025-09-21T09:43:25Z</time><extensions><gpxtpx:TrackPointExtension><gpxtpx:hr>146</gpxtpx:hr></gpxtpx:TrackPointExtension></extensions></trkpt>
  <trkpt lat="52.4623834" lon="13.3035737"><ele>41.0</ele><time>2025-09-21T09:43:30Z</time><extensions><gpxtpx:TrackPointExtension><gpxtpx:hr>146</gpxtpx:hr></gpxtpx:TrackPointExtension></extensions></trkpt>
  <trkpt lat="52.4624923" lon="13.3034475"><ele>41.0</ele><time>2025-09-21T09:43:35Z</time><extensions><gpxtpx:TrackPointExtension><gpxtpx:hr>146</gpxtpx:hr></gpxtpx:TrackPointExtension></extensions></trkpt>
  <trkpt lat="52.4626026" lon="13.3033036"><ele>41.0</ele><time>2025-09-21T09:43:40Z</time><extensions><gpxtpx:TrackPointExtension><gpxtpx:hr>147</gpxtpx:hr></gpxtpx:TrackPointExtension></extensions></trkpt>
  <trkpt lat="52.4627165" lon="13.3031864"><ele>41.0</ele><time>2025-09-21T09:43:45Z</time><extensions><gpxtpx:TrackPointExtension><gpxtpx:hr>146</gpxtpx:hr></gpxtpx:TrackPointExtension></extensions></trkpt>
  <trkpt lat="52.4628253" lon="13.3030441"><ele>41.1</ele><time>2025-09-21T09:43:50Z</time><extensions><gpxtpx:TrackPointExtension><gpxtpx:hr>145</gpxtpx:hr></gpxtpx:TrackPointExtension></extensions></trkpt>
  <trkpt lat="52.4629356" lon="13.3029031"><ele>41.1</ele><time>2025-09-21T09:43:55Z</time><extensions><gpxtpx:TrackPointExtension><gpxtpx:hr>145</gpxtpx:hr></gpxtpx:TrackPointExtension></extensions></trkpt>
  <trkpt lat="52.4630490" lon="13.3027747"><ele>41.1</ele><time>2025-09-21T09:44:00Z</time><extensions><gpxtpx:TrackPointExtension><gpxtpx:hr>146</gpxtpx:hr></gpxtpx:TrackPointExtension></extensions></trkpt>
  <trkpt lat="52.4631630" lon="13.3026432"><ele>41.1</ele><time>2025-09-21T09:44:05Z</time><extensions><gpxtpx:TrackPointExtension><gpxtpx:hr>146</gpxtpx:hr></gpxtpx:TrackPointExtension></extensions></trkpt>
  <trkpt lat="52.4632761" lon="13.3025078"><ele>41.1</ele><time>2025-09-21T09:44:10Z</time><extensions><gpxtpx:TrackPointExtension><gpxtpx:hr>146</gpxtpx:hr></gpxtpx:TrackPointExtension></extensions></trkpt>
  <trkpt lat="52.4633859" lon="13.3023598"><ele>41.2</ele><time>2025-09-21T09:44:15Z</time><extensions><gpxtpx:TrackPointExtension><gpxtpx:hr>145</gpxtpx:hr></gpxtpx:TrackPointExtension></extensions></trkpt>
  <trkpt lat="52.4634985" lon="13.3022349"><ele>41.2</ele><time>2025-09-21T09:44:20Z</time><extensions><gpxtpx:TrackPointExtension><gpxtpx:hr>146</gpxtpx:hr></gpxtpx:TrackPointExtension></extensions></trkpt>
  <trkpt lat="52.4636095" lon="13.3021017"><ele>41.2</ele><time>2025-09-21T09:44:25Z</time><extensions><gpxtpx:TrackPointExtension><gpxtpx:hr>147</gpxtpx:hr></gpxtpx:TrackPointExtension></extensions></trkpt>
  <trkpt lat="52.4637114" lon="13.3019643"><ele>41.2</ele><time>2025-09-21T09:44:30Z</time><extensions><gpxtpx:TrackPointExtension><gpxtpx:hr>147</gpxtpx:hr></gpxtpx:TrackPointExtension></extensions></trkpt>
  <trkpt lat="52.4638224" lon="13.3018401"><ele>41.2</ele><time>2025-09-21T09:44:35Z</time><extensions><gpxtpx:TrackPointExtension><gpxtpx:hr>146</gpxtpx:hr></gpxtpx:TrackPointExtension></extensions></trkpt>
  <trkpt lat="52.4639308" lon="13.3017006"><ele>41.2</ele><time>2025-09-21T09:44:40Z</time><extensions><gpxtpx:TrackPointExtension><gpxtpx:hr>145</gpxtpx:hr></gpxtpx:TrackPointExtension></extensions></trkpt>
  <trkpt lat="52.4640200" lon="13.3018341"><ele>41.3</ele><time>2025-09-21T09:44:45Z</time><extensions><gpxtpx:TrackPointExtension><gpxtpx:hr>144</gpxtpx:hr></gpxtpx:TrackPointExtension></extensions></trkpt>
  <trkpt lat="52.4640720" lon="13.3020358"><ele>41.3</ele><time>2025-09-21T09:44:50Z</time><extensions><gpxtpx:TrackPointExtension><gpxtpx:hr>144</gpxtpx:hr></gpxtpx:TrackPointExtension></extensions></trkpt>
  <trkpt lat="52.4641009" lon="13.3022599"><ele>41.3</ele><time>2025-09-21T09:44:55Z</time><extensions><gpxtpx:TrackPointExtension><gpxtpx:hr>145</gpxtpx:hr></gpxtpx:TrackPointExtension></extensions></trkpt>
  <trkpt lat="52.4641393" lon="13.3024733"><ele>41.3</ele><time>2025-09-21T09:45:00Z</time><extensions><gpxtpx:TrackPointExtension><gpxtpx:hr>146</gpxtpx:hr></gpxtpx:TrackPointExtension></extensions></trkpt>
  <trkpt lat="52.4642248" lon="13.3026565"><ele>41.3</ele><time>2025-09-21T09:45:05Z</time><extensions><gpxtpx:TrackPointExtension><gpxtpx:hr>147</gpxtpx:hr></gpxtpx:TrackPointExtension></extensions></trkpt>
  <trkpt lat="52.4642863" lon="13.3028506"><ele>41.3</ele><time>2025-09-21T09:45:10Z</time><extensions><gpxtpx:TrackPointExtension><gpxtpx:hr>147</gpxtpx:hr></gpxtpx:TrackPointExtension></extensions></trkpt>
  <trkpt lat="52.4643995" lon="13.3029904"><ele>41.4</ele><time>2025-09-21T09:45:15Z</time><extensions><gpxtpx:TrackPointExtension><gpxtpx:hr>147</gpxtpx:hr></gpxtpx:TrackPointExtension></extensions></trkpt>
  <trkpt lat="52.4644431" lon="13.3031993"><ele>41.4</ele><time>2025-09-21T09:45:20Z</time><extensions><gpxtpx:TrackPointExtension><gpxtpx:hr>147</gpxtpx:hr></gpxtpx:TrackPointExtension></extensions></trkpt>
  <trkpt lat="52.4644458" lon="13.3034191"><ele>41.4</ele><time>2025-09-21T09:45:25Z</time><extensions><gpxtpx:TrackPointExtension><gpxtpx:hr>147</gpxtpx:hr></gpxtpx:TrackPointExtension></extensions></trkpt>
  <trkpt lat="52.4644300" lon="13.3036316"><ele>41.4</ele><time>2025-09-21T09:45:30Z</time><extensions><gpxtpx:TrackPointExtension><gpxtpx:hr>147</gpxtpx:hr></gpxtpx:TrackPointExtension></extensions></trkpt>
  <trkpt lat="52.4644176" lon="13.3038566"><ele>41.4</ele><time>2025-09-21T09:45:35Z</time><extensions><gpxtpx:TrackPointExtension><gpxtpx:hr>148</gpxtpx:hr></gpxtpx:TrackPointExtension></extensions></trkpt>
  <trkpt lat="52.4644165" lon="13.3040886"><ele>41.4</ele><time>2025-09-21T09:45:40Z</time><extensions><gpxtpx:TrackPointExtension><gpxtpx:hr>148</gpxtpx:hr></gpxtpx:TrackPointExtension></extensions></trkpt>
  <trkpt lat="52.4644112" lon="13.3043150"><ele>41.4</ele><time>2025-09-21T09:45:45Z</time><extensions><gpxtpx:TrackPointExtension><gpxtpx:hr>149</gpxtpx:hr></gpxtpx:TrackPointExtension></extensions></trkpt>
  <trkpt lat="52.4644147" lon="13.3045376"><ele>41.5</ele><time>2025-09-21T09:45:50Z</time><extensions><gpxtpx:TrackPointExtension><gpxtpx:hr>148</gpxtpx:hr></gpxtpx:TrackPointExtension></extensions></trkpt>
  <trkpt lat="52.4644377" lon="13.3047573"><ele>41.5</ele><time>2025-09-21T09:45:55Z</time><extensions><gpxtpx:TrackPointExtension><gpxtpx:hr>147</gpxtpx:hr></gpxtpx:TrackPointExtension></extensions></trkpt>
  <trkpt lat="52.4645168" lon="13.3049424"><ele>41.5</ele><time>2025-09-21T09:46:00Z</time><extensions><gpxtpx:TrackPointExtension><gpxtpx:hr>147</gpxtpx:hr></gpxtpx:TrackPointExtension></extensions></trkpt>
  <trkpt lat="52.4645514" lon="13.3051255"><ele>41.5</ele><time>2025-09-21T09:46:05Z</time><extensions><gpxtpx:TrackPointExtension><gpxtpx:hr>146</gpxtpx:hr></gpxtpx:TrackPointExtension></extensions></trkpt>
  <trkpt lat="52.4646833" lon="13.3051968"><ele>41.5</ele><time>2025-09-21T09:46:10Z</time><extensions><gpxtpx:TrackPointExtension><gpxtpx:hr>146</gpxtpx:hr></gpxtpx:TrackPointExtension></extensions></trkpt>
  <trkpt lat="52.4648103" lon="13.3052631"><ele>41.5</ele><time>2025-09-21T09:46:15Z</time><extensions><gpxtpx:TrackPointExtension><gpxtpx:hr>147</gpxtpx:hr></gpxtpx:TrackPointExtension></extensions></trkpt>
  <trkpt lat="52.4649388" lon="13.3053291"><ele>41.5</ele><time>2025-09-21T09:46:20Z</time><extensions><gpxtpx:TrackPointExtension><gpxtpx:hr>147</gpxtpx:hr></gpxtpx:TrackPointExtension></extensions></trkpt>
  <trkpt lat="52.4650730" lon="13.3053988"><ele>41.6</ele><time>2025-09-21T09:46:25Z</time><extensions><gpxtpx:TrackPointExtension><gpxtpx:hr>148</gpxtpx:hr></gpxtpx:TrackPointExtension></extensions></trkpt>
  <trkpt lat="52.4652078" lon="13.3054559"><ele>41.6</ele><time>2025-09-21T09:46:30Z</time><extensions><gpxtpx:TrackPointExtension><gpxtpx:hr>148</gpxtpx:hr></gpxtpx:TrackPointExtension></extensions></trkpt>
  <trkpt lat="52.4653313" lon="13.3055332"><ele>41.6</ele><time>2025-09-21T09:46:35Z</time><extensions><gpxtpx:TrackPointExtension><gpxtpx:hr>149</gpxtpx:hr></gpxtpx:TrackPointExtension></extensions></trkpt>
  <trkpt lat="52.4654731" lon="13.3055922"><ele>41.6</ele><time>2025-09-21T09:46:40Z</time><extensions><gpxtpx:TrackPointExtension><gpxtpx:hr>148</gpxtpx:hr></gpxtpx:TrackPointExtension></extensions></trkpt>
  <trkpt lat="52.4655987" lon="13.3056558"><ele>41.6</ele><time>2025-09-21T09:46:45Z</time><extensions><gpxtpx:TrackPointExtension><gpxtpx:hr>148</gpxtpx:hr></gpxtpx:TrackPointExtension></extensions></trkpt>
  <trkpt lat="52.4657356" lon="13.3056560"><ele>41.6</ele><time>2025-09-21T09:46:50Z</time><extensions><gpxtpx:TrackPointExtension><gpxtpx:hr>148</gpxtpx:hr></gpxtpx:TrackPointExtension></extensions></trkpt>
  <trkpt lat="52.4658699" lon="13.3056893"><ele>41.6</ele><time>2025-09-21T09:46:55Z</time><extensions><gpxtpx:TrackPointExtension><gpxtpx:hr>149</gpxtpx:hr></gpxtpx:TrackPointExtension></extensions></trkpt>
  <trkpt lat="52.4659052" lon="13.3058882"><ele>41.6</ele><time>2025-09-21T09:47:00Z</time><extensions><gpxtpx:TrackPointExtension><gpxtpx:hr>148</gpxtpx:hr></gpxtpx:TrackPointExtension></extensions></trkpt>
  <trkpt lat="52.4660388" lon="13.3058536"><ele>41.6</ele><time>2025-09-21T09:47:05Z</time><extensions><gpxtpx:TrackPointExtension><gpxtpx:hr>148</gpxtpx:hr></gpxtpx:TrackPointExtension></extensions></trkpt>
  <trkpt lat="52.4661815" lon="13.3058373"><ele>41.7</ele><time>2025-09-21T09:47:10Z</time><extensions><gpxtpx:TrackPointExtension><gpxtpx:hr>147</gpxtpx:hr></gpxtpx:TrackPointExtension></extensions></trkpt>
  <trkpt lat="52.4663193" lon="13.3057984"><ele>41.7</ele><time>2025-09-21T09:47:15Z</time><extensions><gpxtpx:TrackPointExtension><gpxtpx:hr>147</gpxtpx:hr></gpxtpx:TrackPointExtension></extensions></trkpt>
  <trkpt lat="52.4664532" lon="13.3058016"><ele>41.7</ele><time>2025-09-21T09:47:20Z</time><extensions><gpxtpx:TrackPointExtension><gpxtpx:hr>147</gpxtpx:hr></gpxtpx:TrackPointExtension></extensions></trkpt>
  <trkpt lat="52.4665895" lon="13.3058127"><ele>41.7</ele><time>2025-09-21T09:47:25Z</time><extensions><gpxtpx:TrackPointExtension><gpxtpx:hr>146</gpxtpx:hr></gpxtpx:TrackPointExtension></extensions></trkpt>
  <trkpt lat="52.4667267" lon="13.3058754"><ele>41.7</ele><time>2025-09-21T09:47:30Z</time><extensions><gpxtpx:TrackPointExtension><gpxtpx:hr>146</gpxtpx:hr></gpxtpx:TrackPointExtension></extensions></trkpt>
  <trkpt lat="52.4668637" lon="13.3059273"><ele>41.7</ele><time>2025-09-21T09:47:35Z</time><extensions><gpxtpx:TrackPointExtension><gpxtpx:hr>145</gpxtpx:hr></gpxtpx:TrackPointExtension></extensions></trkpt>
  <trkpt lat="52.4669959" lon="13.3059925"><ele>41.7</ele><time>2025-09-21T09:47:40Z</time><extensions><gpxtpx:TrackPointExtension><gpxtpx:hr>146</gpxtpx:hr></gpxtpx:TrackPointExtension></extensions></trkpt>
  <trkpt lat="52.4671382" lon="13.3060363"><ele>41.7</ele><time>2025-09-21T09:47:45Z</time><extensions><gpxtpx:TrackPointExtension><gpxtpx:hr>146</gpxtpx:hr></gpxtpx:TrackPointExtension></extensions></trkpt>
  <trkpt lat="52.4672630" lon="13.3061015"><ele>41.7</ele><time>2025-09-21T09:47:50Z</time><extensions><gpxtpx:TrackPointExtension><gpxtpx:hr>147</gpxtpx:hr></gpxtpx:TrackPointExtension></extensions></trkpt>
  <trkpt lat="52.4673978" lon="13.3061621"><ele>41.7</ele><time>2025-09-21T09:47:55Z</time><extensions><gpxtpx:TrackPointExtension><gpxtpx:hr>146</gpxtpx:hr></gpxtpx:TrackPointExtension></extensions></trkpt>
  <trkpt lat="52.4675305" lon="13.3062084"><ele>41.7</ele><time>2025-09-21T09:48:00Z</time><extensions><gpxtpx:TrackPointExtension><gpxtpx:hr>146</gpxtpx:hr></gpxtpx:TrackPointExtension></extensions></trkpt>
  <trkpt lat="52.4676295" lon="13.3061849"><ele>41.8</ele><time>2025-09-21T09:48:05Z</time><extensions><gpxtpx:TrackPointExtension><gpxtpx:hr>145</gpxtpx:hr></gpxtpx:TrackPointExtension></extensions></trkpt>
  <trkpt lat="52.4677455" lon="13.3062584"><ele>41.8</ele><time>2025-09-21T09:48:10Z</time><extensions><gpxtpx:TrackPointExtension><gpxtpx:hr>146</gpxtpx:hr></gpxtpx:TrackPointExtension></extensions></trkpt>
  <trkpt lat="52.4677453" lon="13.3064870"><ele>41.8</ele><time>2025-09-21T09:48:15Z</time><extensions><gpxtpx:TrackPointExtension><gpxtpx:hr>146</gpxtpx:hr></gpxtpx:TrackPointExtension></extensions></trkpt>
  <trkpt lat="52.4678135" lon="13.3066880"><ele>41.8</ele><time>2025-09-21T09:48:20Z</time><extensions><gpxtpx:TrackPointExtension><gpxtpx:hr>146</gpxtpx:hr></gpxtpx:TrackPointExtension></extensions></trkpt>
  <trkpt lat="52.4678929" lon="13.3068685"><ele>41.8</ele><time>2025-09-21T09:48:25Z</time><extensions><gpxtpx:TrackPointExtension><gpxtpx:hr>145</gpxtpx:hr></gpxtpx:TrackPointExtension></extensions></trkpt>
  <trkpt lat="52.4679743" lon="13.3070514"><ele>41.8</ele><time>2025-09-21T09:48:30Z</time><extensions><gpxtpx:TrackPointExtension><gpxtpx:hr>145</gpxtpx:hr></gpxtpx:TrackPointExtension></extensions></trkpt>
  <trkpt lat="52.4680517" lon="13.3072388"><ele>41.8</ele><time>2025-09-21T09:48:35Z</time><extensions><gpxtpx:TrackPointExtension><gpxtpx:hr>145</gpxtpx:hr></gpxtpx:TrackPointExtension></extensions></trkpt>
  <trkpt lat="52.4681333" lon="13.3074171"><ele>41.8</ele><time>2025-09-21T09:48:40Z</time><extensions><gpxtpx:TrackPointExtension><gpxtpx:hr>145</gpxtpx:hr></gpxtpx:TrackPointExtension></extensions></trkpt>
  <trkpt lat="52.4682145" lon="13.3076057"><ele>41.8</ele><time>2025-09-21T09:48:45Z</time><extensions><gpxtpx:TrackPointExtension><gpxtpx:hr>146</gpxtpx:hr></gpxtpx:TrackPointExtension></extensions></trkpt>
  <trkpt lat="52.4683014" lon="13.3077847"><ele>41.8</ele><time>2025-09-21T09:48:50Z</time><extensions><gpxtpx:TrackPointExtension><gpxtpx:hr>145</gpxtpx:hr></gpxtpx:TrackPointExtension></extensions></trkpt>
  <trkpt lat="52.4683894" lon="13.3079475"><ele>41.8</ele><time>2025-09-21T09:48:55Z</time><extensions><gpxtpx:TrackPointExtension><gpxtpx:hr>146</gpxtpx:hr></gpxtpx:TrackPointExtension></extensions></trkpt>
  <trkpt lat="52.4684850" lon="13.3081003"><ele>41.8</ele><time>2025-09-21T09:49:00Z</time><extensions><gpxtpx:TrackPointExtension><gpxtpx:hr>146</gpxtpx:hr></gpxtpx:TrackPointExtension></extensions></trkpt>
  <trkpt lat="52.4685897" lon="13.3082443"><ele>41.8</ele><time>2025-09-21T09:49:05Z</time><extensions><gpxtpx:TrackPointExtension><gpxtpx:hr>146</gpxtpx:hr></gpxtpx:TrackPointExtension></extensions></trkpt>
  <trkpt lat="52.4687377" lon="13.3082208"><ele>41.8</ele><time>2025-09-21T09:49:10Z</time><extensions><gpxtpx:TrackPointExtension><gpxtpx:hr>146</gpxtpx:hr></gpxtpx:TrackPointExtension></extensions></trkpt>
  <trkpt lat="52.4688674" lon="13.3081899"><ele>41.8</ele><time>2025-09-21T09:49:15Z</time><extensions><gpxtpx:TrackPointExtension><gpxtpx:hr>147</gpxtpx:hr></gpxtpx:TrackPointExtension></extensions></trkpt>
  <trkpt lat="52.4689945" lon="13.3081283"><ele>41.8</ele><time>2025-09-21T09:49:20Z</time><extensions><gpxtpx:TrackPointExtension><gpxtpx:hr>147</gpxtpx:hr></gpxtpx:TrackPointExtension></extensions></trkpt>
  <trkpt lat="52.4691275" lon="13.3080810"><ele>41.9</ele><time>2025-09-21T09:49:25Z</time><extensions><gpxtpx:TrackPointExtension><gpxtpx:hr>146</gpxtpx:hr></gpxtpx:TrackPointExtension></extensions></trkpt>
  <trkpt lat="52.4692691" lon="13.3080437"><ele>41.9</ele><time>2025-09-21T09:49:30Z</time><extensions><gpxtpx:TrackPointExtension><gpxtpx:hr>146</gpxtpx:hr></gpxtpx:TrackPointExtension></extensions></trkpt>
  <trkpt lat="52.4694103" lon="13.3080005"><ele>41.9</ele><time>2025-09-21T09:49:35Z</time><extensions><gpxtpx:TrackPointExtension><gpxtpx:hr>145</gpxtpx:hr></gpxtpx:TrackPointExtension></extensions></trkpt>
  <trkpt lat="52.4695435" lon="13.3079778"><ele>41.9</ele><time>2025-09-21T09:49:40Z</time><extensions><gpxtpx:TrackPointExtension><gpxtpx:hr>145</gpxtpx:hr></gpxtpx:TrackPointExtension></extensions></trkpt>
  <trkpt lat="52.4696775" lon="13.3079390"><ele>41.9</ele><time>2025-09-21T09:49:45Z</time><extensions><gpxtpx:TrackPointExtension><gpxtpx:hr>144</gpxtpx:hr></gpxtpx:TrackPointExtension></extensions></trkpt>
  <trkpt lat="52.4698142" lon="13.3079188"><ele>41.9</ele><time>2025-09-21T09:49:50Z</time><extensions><gpxtpx:TrackPointExtension><gpxtpx:hr>144</gpxtpx:hr></gpxtpx:TrackPointExtension></extensions></trkpt>
  <trkpt lat="52.4699570" lon="13.3079128"><ele>41.9</ele><time>2025-09-21T09:49:55Z</time><extensions><gpxtpx:TrackPointExtension><gpxtpx:hr>145</gpxtpx:hr></gpxtpx:TrackPointExtension></extensions></trkpt>
  <trkpt lat="52.4700897" lon="13.3078807"><ele>41.9</ele><time>2025-09-21T09:50:00Z</time><extensions><gpxtpx:TrackPointExtension><gpxtpx:hr>145</gpxtpx:hr></gpxtpx:TrackPointExtension></extensions></trkpt>
  <trkpt lat="52.4702282" lon="13.3078761"><ele>41.9</ele><time>2025-09-21T09:50:05Z</time><extensions><gpxtpx:TrackPointExtension><gpxtpx:hr>145</gpxtpx:hr></gpxtpx:TrackPointExtension></extensions></trkpt>
  <trkpt lat="52.4703719" lon="13.3078683"><ele>41.9</ele><time>2025-09-21T09:50:10Z</time><extensions><gpxtpx:TrackPointExtension><gpxtpx:hr>146</gpxtpx:hr></gpxtpx:TrackPointExtension></extensions></trkpt>
  <trkpt lat="52.4705028" lon="13.3078644"><ele>41.9</ele><time>2025-09-21T09:50:15Z</time><extensions><gpxtpx:TrackPointExtension><gpxtpx:hr>147</gpxtpx:hr></gpxtpx:TrackPointExtension></extensions></trkpt>
  <trkpt lat="52.4706502" lon="13.3078551"><ele>41.9</ele><time>2025-09-21T09:50:20Z</time><extensions><gpxtpx:TrackPointExtension><gpxtpx:hr>146</gpxtpx:hr></gpxtpx:TrackPointExtension></extensions></trkpt>
  <trkpt lat="52.4707839" lon="13.3078701"><ele>41.9</ele><time>2025-09-21T09:50:25Z</time><extensions><gpxtpx:TrackPointExtension><gpxtpx:hr>147</gpxtpx:hr></gpxtpx:TrackPointExtension></extensions></trkpt>
  <trkpt lat="52.4709255" lon="13.3078626"><ele>41.9</ele><time>2025-09-21T09:50:30Z</time><extensions><gpxtpx:TrackPointExtension><gpxtpx:hr>147</gpxtpx:hr></gpxtpx:TrackPointExtension></extensions></trkpt>
  <trkpt lat="52.4710601" lon="13.3078594"><ele>41.9</ele><time>2025-09-21T09:50:35Z</time><extensions><gpxtpx:TrackPointExtension><gpxtpx:hr>147</gpxtpx:hr></gpxtpx:TrackPointExtension></extensions></trkpt>
  <trkpt lat="52.4711983" lon="13.3078675"><ele>41.9</ele><time>2025-09-21T09:50:40Z</time><extensions><gpxtpx:TrackPointExtension><gpxtpx:hr>147</gpxtpx:hr></gpxtpx:TrackPointExtension></extensions></trkpt>
  <trkpt lat="52.4713378" lon="13.3078787"><ele>41.9</ele><time>2025-09-21T09:50:45Z</time><extensions><gpxtpx:TrackPointExtension><gpxtpx:hr>147</gpxtpx:hr></gpxtpx:TrackPointExtension></extensions></trkpt>
  <trkpt lat="52.4714708" lon="13.3078773"><ele>41.9</ele><time>2025-09-21T09:50:50Z</time><extensions><gpxtpx:TrackPointExtension><gpxtpx:hr>148</gpxtpx:hr></gpxtpx:TrackPointExtension></extensions></trkpt>
  <trkpt lat="52.4716066" lon="13.3078837"><ele>41.9</ele><time>2025-09-21T09:50:55Z</time><extensions><gpxtpx:TrackPointExtension><gpxtpx:hr>147</gpxtpx:hr></gpxtpx:TrackPointExtension></extensions></trkpt>
  <trkpt lat="52.4717453" lon="13.3078910"><ele>41.9</ele><time>2025-09-21T09:51:00Z</time><extensions><gpxtpx:TrackPointExtension><gpxtpx:hr>147</gpxtpx:hr></gpxtpx:TrackPointExtension></extensions></trkpt>
  <trkpt lat="52.4718841" lon="13.3078986"><ele>41.9</ele><time>2025-09-21T09:51:05Z</time><extensions><gpxtpx:TrackPointExtension><gpxtpx:hr>146</gpxtpx:hr></gpxtpx:TrackPointExtension></extensions></trkpt>
  <trkpt lat="52.4720198" lon="13.3079005"><ele>41.9</ele><time>2025-09-21T09:51:10Z</time><extensions><gpxtpx:TrackPointExtension><gpxtpx:hr>147</gpxtpx:hr></gpxtpx:TrackPointExtension></extensions></trkpt>
  <trkpt lat="52.4721686" lon="13.3078939"><ele>41.9</ele><time>2025-09-21T09:51:15Z</time><extensions><gpxtpx:TrackPointExtension><gpxtpx:hr>147</gpxtpx:hr></gpxtpx:TrackPointExtension></extensions></trkpt>
  <trkpt lat="52.4722962" lon="13.3079112"><ele>41.9</ele><time>2025-09-21T09:51:20Z</time><extensions><gpxtpx:TrackPointExtension><gpxtpx:hr>146</gpxtpx:hr></gpxtpx:TrackPointExtension></extensions></trkpt>
  <trkpt lat="52.4724195" lon="13.3078697"><ele>41.9</ele><time>2025-09-21T09:51:25Z</time><extensions><gpxtpx:TrackPointExtension><gpxtpx:hr>146</gpxtpx:hr></gpxtpx:TrackPointExtension></extensions></trkpt>
  <trkpt lat="52.4725511" lon="13.3078729"><ele>41.9</ele><time>2025-09-21T09:51:30Z</time><extensions><gpxtpx:TrackPointExtension><gpxtpx:hr>147</gpxtpx:hr></gpxtpx:TrackPointExtension></extensions></trkpt>
  <trkpt lat="52.4726896" lon="13.3079199"><ele>41.9</ele><time>2025-09-21T09:51:35Z</time><extensions><gpxtpx:TrackPointExtension><gpxtpx:hr>147</gpxtpx:hr></gpxtpx:TrackPointExtension></extensions></trkpt>
  <trkpt lat="52.4728249" lon="13.3079488"><ele>41.9</ele><time>2025-09-21T09:51:40Z</time><extensions><gpxtpx:TrackPointExtension><gpxtpx:hr>147</gpxtpx:hr></gpxtpx:TrackPointExtension></extensions></trkpt>
  <trkpt lat="52.4729636" lon="13.3079658"><ele>41.9</ele><time>2025-09-21T09:51:45Z</time><extensions><gpxtpx:TrackPointExtension><gpxtpx:hr>146</gpxtpx:hr></gpxtpx:TrackPointExtension></extensions></trkpt>
  <trkpt lat="52.4730953" lon="13.3079659"><ele>41.9</ele><time>2025-09-21T09:51:50Z</time><extensions><gpxtpx:TrackPointExtension><gpxtpx:hr>146</gpxtpx:hr></gpxtpx:TrackPointExtension></extensions></trkpt>
  <trkpt lat="52.4732388" lon="13.3079731"><ele>41.9</ele><time>2025-09-21T09:51:55Z</time><extensions><gpxtpx:TrackPointExtension><gpxtpx:hr>145</gpxtpx:hr></gpxtpx:TrackPointExtension></extensions></trkpt>
  <trkpt lat="52.4733814" lon="13.3079898"><ele>41.9</ele><time>2025-09-21T09:52:00Z</time><extensions><gpxtpx:TrackPointExtension><gpxtpx:hr>146</gpxtpx:hr></gpxtpx:TrackPointExtension></extensions></trkpt>
  <trkpt lat="52.4735108" lon="13.3079897"><ele>41.9</ele><time>2025-09-21T09:52:05Z</time><extensions><gpxtpx:TrackPointExtension><gpxtpx:hr>146</gpxtpx:hr></gpxtpx:TrackPointExtension></extensions></trkpt>
  <trkpt lat="52.4736535" lon="13.3079833"><ele>41.9</ele><time>2025-09-21T09:52:10Z</time><extensions><gpxtpx:TrackPointExtension><gpxtpx:hr>147</gpxtpx:hr></gpxtpx:TrackPointExtension></extensions></trkpt>
  <trkpt lat="52.4737941" lon="13.3079882"><ele>41.9</ele><time>2025-09-21T09:52:15Z</time><extensions><gpxtpx:TrackPointExtension><gpxtpx:hr>147</gpxtpx:hr></gpxtpx:TrackPointExtension></extensions></trkpt>
  <trkpt lat="52.4739224" lon="13.3080004"><ele>41.9</ele><time>2025-09-21T09:52:20Z</time><extensions><gpxtpx:TrackPointExtension><gpxtpx:hr>147</gpxtpx:hr></gpxtpx:TrackPointExtension></extensions></trkpt>
  <trkpt lat="52.4740644" lon="13.3080033"><ele>41.9</ele><time>2025-09-21T09:52:25Z</time><extensions><gpxtpx:TrackPointExtension><gpxtpx:hr>147</gpxtpx:hr></gpxtpx:TrackPointExtension></extensions></trkpt>
  <trkpt lat="52.4742079" lon="13.3080100"><ele>41.9</ele><time>2025-09-21T09:52:30Z</time><extensions><gpxtpx:TrackPointExtension><gpxtpx:hr>148</gpxtpx:hr></gpxtpx:TrackPointExtension></extensions></trkpt>
  <trkpt lat="52.4743442" lon="13.3080134"><ele>41.9</ele><time>2025-09-21T09:52:35Z</time><extensions><gpxtpx:TrackPointExtension><gpxtpx:hr>148</gpxtpx:hr></gpxtpx:TrackPointExtension></extensions></trkpt>
  <trkpt lat="52.4744798" lon="13.3080094"><ele>41.9</ele><time>2025-09-21T09:52:40Z</time><extensions><gpxtpx:TrackPointExtension><gpxtpx:hr>149</gpxtpx:hr></gpxtpx:TrackPointExtension></extensions></trkpt>
  <trkpt lat="52.4746199" lon="13.3080236"><ele>41.9</ele><time>2025-09-21T09:52:45Z</time><extensions><gpxtpx:TrackPointExtension><gpxtpx:hr>148</gpxtpx:hr></gpxtpx:TrackPointExtension></extensions></trkpt>
  <trkpt lat="52.4747609" lon="13.3080316"><ele>41.9</ele><time>2025-09-21T09:52:50Z</time><extensions><gpxtpx:TrackPointExtension><gpxtpx:hr>147</gpxtpx:hr></gpxtpx:TrackPointExtension></extensions></trkpt>
  <trkpt lat="52.4748991" lon="13.3080183"><ele>41.9</ele><time>2025-09-21T09:52:55Z</time><extensions><gpxtpx:TrackPointExtension><gpxtpx:hr>148</gpxtpx:hr></gpxtpx:TrackPointExtension></extensions></trkpt>
  <trkpt lat="52.4750409" lon="13.3080328"><ele>41.9</ele><time>2025-09-21T09:53:00Z</time><extensions><gpxtpx:TrackPointExtension><gpxtpx:hr>149</gpxtpx:hr></gpxtpx:TrackPointExtension></extensions></trkpt>
  <trkpt lat="52.4751641" lon="13.3080399"><ele>41.9</ele><time>2025-09-21T09:53:05Z</time><extensions><gpxtpx:TrackPointExtension><gpxtpx:hr>149</gpxtpx:hr></gpxtpx:TrackPointExtension></extensions></trkpt>
  <trkpt lat="52.4753137" lon="13.3080332"><ele>41.9</ele><time>2025-09-21T09:53:10Z</time><extensions><gpxtpx:TrackPointExtension><gpxtpx:hr>149</gpxtpx:hr></gpxtpx:TrackPointExtension></extensions></trkpt>
  <trkpt lat="52.4754482" lon="13.3080518"><ele>41.9</ele><time>2025-09-21T09:53:15Z</time><extensions><gpxtpx:TrackPointExtension><gpxtpx:hr>149</gpxtpx:hr></gpxtpx:TrackPointExtension></extensions></trkpt>
  <trkpt lat="52.4755827" lon="13.3080410"><ele>41.9</ele><time>2025-09-21T09:53:20Z</time><extensions><gpxtpx:TrackPointExtension><gpxtpx:hr>148</gpxtpx:hr></gpxtpx:TrackPointExtension></extensions></trkpt>
  <trkpt lat="52.4757220" lon="13.3080521"><ele>41.9</ele><time>2025-09-21T09:53:25Z</time><extensions><gpxtpx:TrackPointExtension><gpxtpx:hr>148</gpxtpx:hr></gpxtpx:TrackPointExtension></extensions></trkpt>
  <trkpt lat="52.4758641" lon="13.3080578"><ele>41.9</ele><time>2025-09-21T09:53:30Z</time><extensions><gpxtpx:TrackPointExtension><gpxtpx:hr>148</gpxtpx:hr></gpxtpx:TrackPointExtension></extensions></trkpt>
  <trkpt lat="52.4760008" lon="13.3080731"><ele>41.9</ele><time>2025-09-21T09:53:35Z</time><extensions><gpxtpx:TrackPointExtension><gpxtpx:hr>148</gpxtpx:hr></gpxtpx:TrackPointExtension></extensions></trkpt>
  <trkpt lat="52.4761344" lon="13.3080616"><ele>41.9</ele><time>2025-09-21T09:53:40Z</time><extensions><gpxtpx:TrackPointExtension><gpxtpx:hr>148</gpxtpx:hr></gpxtpx:TrackPointExtension></extensions></trkpt>
  <trkpt lat="52.4761770" lon="13.3082148"><ele>41.9</ele><time>2025-09-21T09:53:45Z</time><extensions><gpxtpx:TrackPointExtension><gpxtpx:hr>148</gpxtpx:hr></gpxtpx:TrackPointExtension></extensions></trkpt>
  <trkpt lat="52.4763192" lon="13.3082557"><ele>41.9</ele><time>2025-09-21T09:53:50Z</time><extensions><gpxtpx:TrackPointExtension><gpxtpx:hr>147</gpxtpx:hr></gpxtpx:TrackPointExtension></extensions></trkpt>
  <trkpt lat="52.4764479" lon="13.3083006"><ele>41.9</ele><time>2025-09-21T09:53:55Z</time><extensions><gpxtpx:TrackPointExtension><gpxtpx:hr>147</gpxtpx:hr></gpxtpx:TrackPointExtension></extensions></trkpt>
  <trkpt lat="52.4765436" lon="13.3083543"><ele>41.9</ele><time>2025-09-21T09:54:00Z</time><extensions><gpxtpx:TrackPointExtension><gpxtpx:hr>147</gpxtpx:hr></gpxtpx:TrackPointExtension></extensions></trkpt>
  <trkpt lat="52.4766804" lon="13.3083414"><ele>41.9</ele><time>2025-09-21T09:54:05Z</time><extensions><gpxtpx:TrackPointExtension><gpxtpx:hr>148</gpxtpx:hr></gpxtpx:TrackPointExtension></extensions></trkpt>
  <trkpt lat="52.4768189" lon="13.3083547"><ele>41.9</ele><time>2025-09-21T09:54:10Z</time><extensions><gpxtpx:TrackPointExtension><gpxtpx:hr>148</gpxtpx:hr></gpxtpx:TrackPointExtension></extensions></trkpt>
  <trkpt lat="52.4769638" lon="13.3083671"><ele>41.9</ele><time>2025-09-21T09:54:15Z</time><extensions><gpxtpx:TrackPointExtension><gpxtpx:hr>148</gpxtpx:hr></gpxtpx:TrackPointExtension></extensions></trkpt>
  <trkpt lat="52.4771112" lon="13.3083711"><ele>41.9</ele><time>2025-09-21T09:54:20Z</time><extensions><gpxtpx:TrackPointExtension><gpxtpx:hr>148</gpxtpx:hr></gpxtpx:TrackPointExtension></extensions></trkpt>
  <trkpt lat="52.4772348" lon="13.3083583"><ele>41.9</ele><time>2025-09-21T09:54:25Z</time><extensions><gpxtpx:TrackPointExtension><gpxtpx:hr>148</gpxtpx:hr></gpxtpx:TrackPointExtension></extensions></trkpt>
  <trkpt lat="52.4773778" lon="13.3083664"><ele>41.9</ele><time>2025-09-21T09:54:30Z</time><extensions><gpxtpx:TrackPointExtension><gpxtpx:hr>149</gpxtpx:hr></gpxtpx:TrackPointExtension></extensions></trkpt>
  <trkpt lat="52.4775076" lon="13.3083746"><ele>41.9</ele><time>2025-09-21T09:54:35Z</time><extensions><gpxtpx:TrackPointExtension><gpxtpx:hr>148</gpxtpx:hr></gpxtpx:TrackPointExtension></extensions></trkpt>
  <trkpt lat="52.4776544" lon="13.3083790"><ele>41.9</ele><time>2025-09-21T09:54:40Z</time><extensions><gpxtpx:TrackPointExtension><gpxtpx:hr>149</gpxtpx:hr></gpxtpx:TrackPointExtension></extensions></trkpt>
  <trkpt lat="52.4777872" lon="13.3083851"><ele>41.9</ele><time>2025-09-21T09:54:45Z</time><extensions><gpxtpx:TrackPointExtension><gpxtpx:hr>149</gpxtpx:hr></gpxtpx:TrackPointExtension></extensions></trkpt>
  <trkpt lat="52.4777319" lon="13.3082216"><ele>41.9</ele><time>2025-09-21T09:54:50Z</time><extensions><gpxtpx:TrackPointExtension><gpxtpx:hr>148</gpxtpx:hr></gpxtpx:TrackPointExtension></extensions></trkpt>
  <trkpt lat="52.4777215" lon="13.3080863"><ele>41.9</ele><time>2025-09-21T09:54:55Z</time><extensions><gpxtpx:TrackPointExtension><gpxtpx:hr>147</gpxtpx:hr></gpxtpx:TrackPointExtension></extensions></trkpt>
  <trkpt lat="52.4778430" lon="13.3080003"><ele>41.9</ele><time>2025-09-21T09:55:00Z</time><extensions><gpxtpx:TrackPointExtension><gpxtpx:hr>148</gpxtpx:hr></gpxtpx:TrackPointExtension></extensions></trkpt>
  <trkpt lat="52.4779686" lon="13.3079866"><ele>41.9</ele><time>2025-09-21T09:55:05Z</time><extensions><gpxtpx:TrackPointExtension><gpxtpx:hr>147</gpxtpx:hr></gpxtpx:TrackPointExtension></extensions></trkpt>
  <trkpt lat="52.4780662" lon="13.3081584"><ele>41.9</ele><time>2025-09-21T09:55:10Z</time><extensions><gpxtpx:TrackPointExtension><gpxtpx:hr>147</gpxtpx:hr></gpxtpx:TrackPointExtension></extensions></trkpt>
  <trkpt lat="52.4781540" lon="13.3083240"><ele>41.9</ele><time>2025-09-21T09:55:15Z</time><extensions><gpxtpx:TrackPointExtension><gpxtpx:hr>147</gpxtpx:hr></gpxtpx:TrackPointExtension></extensions></trkpt>
  <trkpt lat="52.4782392" lon="13.3084915"><ele>41.9</ele><time>2025-09-21T09:55:20Z</time><extensions><gpxtpx:TrackPointExtension><gpxtpx:hr>147</gpxtpx:hr></gpxtpx:TrackPointExtension></extensions></trkpt>
  <trkpt lat="52.4783389" lon="13.3086647"><ele>41.8</ele><time>2025-09-21T09:55:25Z</time><extensions><gpxtpx:TrackPointExtension><gpxtpx:hr>147</gpxtpx:hr></gpxtpx:TrackPointExtension></extensions></trkpt>
  <trkpt lat="52.4784225" lon="13.3088246"><ele>41.8</ele><time>2025-09-21T09:55:30Z</time><extensions><gpxtpx:TrackPointExtension><gpxtpx:hr>147</gpxtpx:hr></gpxtpx:TrackPointExtension></extensions></trkpt>
  <trkpt lat="52.4785247" lon="13.3089914"><ele>41.8</ele><time>2025-09-21T09:55:35Z</time><extensions><gpxtpx:TrackPointExtension><gpxtpx:hr>148</gpxtpx:hr></gpxtpx:TrackPointExtension></extensions></trkpt>
  <trkpt lat="52.4786092" lon="13.3091543"><ele>41.8</ele><time>2025-09-21T09:55:40Z</time><extensions><gpxtpx:TrackPointExtension><gpxtpx:hr>148</gpxtpx:hr></gpxtpx:TrackPointExtension></extensions></trkpt>
  <trkpt lat="52.4787113" lon="13.3093280"><ele>41.8</ele><time>2025-09-21T09:55:45Z</time><extensions><gpxtpx:TrackPointExtension><gpxtpx:hr>149</gpxtpx:hr></gpxtpx:TrackPointExtension></extensions></trkpt>
  <trkpt lat="52.4787971" lon="13.3095015"><ele>41.8</ele><time>2025-09-21T09:55:50Z</time><extensions><gpxtpx:TrackPointExtension><gpxtpx:hr>149</gpxtpx:hr></gpxtpx:TrackPointExtension></extensions></trkpt>
  <trkpt lat="52.4788931" lon="13.3096692"><ele>41.8</ele><time>2025-09-21T09:55:55Z</time><extensions><gpxtpx:TrackPointExtension><gpxtpx:hr>150</gpxtpx:hr></gpxtpx:TrackPointExtension></extensions></trkpt>
  <trkpt lat="52.4789867" lon="13.3098204"><ele>41.8</ele><time>2025-09-21T09:56:00Z</time><extensions><gpxtpx:TrackPointExtension><gpxtpx:hr>149</gpxtpx:hr></gpxtpx:TrackPointExtension></extensions></trkpt>
  <trkpt lat="52.4790826" lon="13.3099926"><ele>41.8</ele><time>2025-09-21T09:56:05Z</time><extensions><gpxtpx:TrackPointExtension><gpxtpx:hr>148</gpxtpx:hr></gpxtpx:TrackPointExtension></extensions></trkpt>
  <trkpt lat="52.4791890" lon="13.3101386"><ele>41.8</ele><time>2025-09-21T09:56:10Z</time><extensions><gpxtpx:TrackPointExtension><gpxtpx:hr>147</gpxtpx:hr></gpxtpx:TrackPointExtension></extensions></trkpt>
  <trkpt lat="52.4792424" lon="13.3103316"><ele>41.8</ele><time>2025-09-21T09:56:15Z</time><extensions><gpxtpx:TrackPointExtension><gpxtpx:hr>148</gpxtpx:hr></gpxtpx:TrackPointExtension></extensions></trkpt>
  <trkpt lat="52.4793352" lon="13.3105008"><ele>41.8</ele><time>2025-09-21T09:56:20Z</time><extensions><gpxtpx:TrackPointExtension><gpxtpx:hr>147</gpxtpx:hr></gpxtpx:TrackPointExtension></extensions></trkpt>
  <trkpt lat="52.4794302" lon="13.3106750"><ele>41.8</ele><time>2025-09-21T09:56:25Z</time><extensions><gpxtpx:TrackPointExtension><gpxtpx:hr>146</gpxtpx:hr></gpxtpx:TrackPointExtension></extensions></trkpt>
  <trkpt lat="52.4795144" lon="13.3108476"><ele>41.8</ele><time>2025-09-21T09:56:30Z</time><extensions><gpxtpx:TrackPointExtension><gpxtpx:hr>147</gpxtpx:hr></gpxtpx:TrackPointExtension></extensions></trkpt>
  <trkpt lat="52.4796036" lon="13.3110151"><ele>41.8</ele><time>2025-09-21T09:56:35Z</time><extensions><gpxtpx:TrackPointExtension><gpxtpx:hr>147</gpxtpx:hr></gpxtpx:TrackPointExtension></extensions></trkpt>
  <trkpt lat="52.4796918" lon="13.3111836"><ele>41.8</ele><time>2025-09-21T09:56:40Z</time><extensions><gpxtpx:TrackPointExtension><gpxtpx:hr>148</gpxtpx:hr></gpxtpx:TrackPointExtension></extensions></trkpt>
  <trkpt lat="52.4797863" lon="13.3113547"><ele>41.8</ele><time>2025-09-21T09:56:45Z</time><extensions><gpxtpx:TrackPointExtension><gpxtpx:hr>149</gpxtpx:hr></gpxtpx:TrackPointExtension></extensions></trkpt>
  <trkpt lat="52.4798416" lon="13.3115064"><ele>41.8</ele><time>2025-09-21T09:56:50Z</time><extensions><gpxtpx:TrackPointExtension><gpxtpx:hr>148</gpxtpx:hr></gpxtpx:TrackPointExtension></extensions></trkpt>
  <trkpt lat="52.4799375" lon="13.3116592"><ele>41.8</ele><time>2025-09-21T09:56:55Z</time><extensions><gpxtpx:TrackPointExtension><gpxtpx:hr>149</gpxtpx:hr></gpxtpx:TrackPointExtension></extensions></trkpt>
  <trkpt lat="52.4800246" lon="13.3118374"><ele>41.8</ele><time>2025-09-21T09:57:00Z</time><extensions><gpxtpx:TrackPointExtension><gpxtpx:hr>147</gpxtpx:hr></gpxtpx:TrackPointExtension></extensions></trkpt>
  <trkpt lat="52.4801179" lon="13.3120058"><ele>41.8</ele><time>2025-09-21T09:57:05Z</time><extensions><gpxtpx:TrackPointExtension><gpxtpx:hr>148</gpxtpx:hr></gpxtpx:TrackPointExtension></extensions></trkpt>
  <trkpt lat="52.4802109" lon="13.3121661"><ele>41.8</ele><time>2025-09-21T09:57:10Z</time><extensions><gpxtpx:TrackPointExtension><gpxtpx:hr>149</gpxtpx:hr></gpxtpx:TrackPointExtension></extensions></trkpt>
  <trkpt lat="52.4803126" lon="13.3123491"><ele>41.8</ele><time>2025-09-21T09:57:15Z</time><extensions><gpxtpx:TrackPointExtension><gpxtpx:hr>148</gpxtpx:hr></gpxtpx:TrackPointExtension></extensions></trkpt>
  <trkpt lat="52.4804062" lon="13.3125010"><ele>41.8</ele><time>2025-09-21T09:57:20Z</time><extensions><gpxtpx:TrackPointExtension><gpxtpx:hr>148</gpxtpx:hr></gpxtpx:TrackPointExtension></extensions></trkpt>
  <trkpt lat="52.4804934" lon="13.3126137"><ele>41.8</ele><time>2025-09-21T09:57:25Z</time><extensions><gpxtpx:TrackPointExtension><gpxtpx:hr>147</gpxtpx:hr></gpxtpx:TrackPointExtension></extensions></trkpt>
  <trkpt lat="52.4805879" lon="13.3127625"><ele>41.8</ele><time>2025-09-21T09:57:30Z</time><extensions><gpxtpx:TrackPointExtension><gpxtpx:hr>148</gpxtpx:hr></gpxtpx:TrackPointExtension></extensions></trkpt>
  <trkpt lat="52.4806904" lon="13.3129225"><ele>41.8</ele><time>2025-09-21T09:57:35Z</time><extensions><gpxtpx:TrackPointExtension><gpxtpx:hr>148</gpxtpx:hr></gpxtpx:TrackPointExtension></extensions></trkpt>
  <trkpt lat="52.4807541" lon="13.3131082"><ele>41.8</ele><time>2025-09-21T09:57:40Z</time><extensions><gpxtpx:TrackPointExtension><gpxtpx:hr>148</gpxtpx:hr></gpxtpx:TrackPointExtension></extensions></trkpt>
  <trkpt lat="52.4808468" lon="13.3132804"><ele>41.8</ele><time>2025-09-21T09:57:45Z</time><extensions><gpxtpx:TrackPointExtension><gpxtpx:hr>149</gpxtpx:hr></gpxtpx:TrackPointExtension></extensions></trkpt>
  <trkpt lat="52.4809462" lon="13.3133019"><ele>41.8</ele><time>2025-09-21T09:57:50Z</time><extensions><gpxtpx:TrackPointExtension><gpxtpx:hr>148</gpxtpx:hr></gpxtpx:TrackPointExtension></extensions></trkpt>
  <trkpt lat="52.4810964" lon="13.3133105"><ele>41.8</ele><time>2025-09-21T09:57:55Z</time><extensions><gpxtpx:TrackPointExtension><gpxtpx:hr>148</gpxtpx:hr></gpxtpx:TrackPointExtension></extensions></trkpt>
  <trkpt lat="52.4812199" lon="13.3133194"><ele>41.8</ele><time>2025-09-21T09:58:00Z</time><extensions><gpxtpx:TrackPointExtension><gpxtpx:hr>147</gpxtpx:hr></gpxtpx:TrackPointExtension></extensions></trkpt>
  <trkpt lat="52.4813691" lon="13.3133184"><ele>41.7</ele><time>2025-09-21T09:58:05Z</time><extensions><gpxtpx:TrackPointExtension><gpxtpx:hr>148</gpxtpx:hr></gpxtpx:TrackPointExtension></extensions></trkpt>
  <trkpt lat="52.4815041" lon="13.3133389"><ele>41.7</ele><time>2025-09-21T09:58:10Z</time><extensions><gpxtpx:TrackPointExtension><gpxtpx:hr>148</gpxtpx:hr></gpxtpx:TrackPointExtension></extensions></trkpt>
  <trkpt lat="52.4816349" lon="13.3133470"><ele>41.7</ele><time>2025-09-21T09:58:15Z</time><extensions><gpxtpx:TrackPointExtension><gpxtpx:hr>147</gpxtpx:hr></gpxtpx:TrackPointExtension></extensions></trkpt>
  <trkpt lat="52.4817700" lon="13.3133559"><ele>41.7</ele><time>2025-09-21T09:58:20Z</time><extensions><gpxtpx:TrackPointExtension><gpxtpx:hr>147</gpxtpx:hr></gpxtpx:TrackPointExtension></extensions></trkpt>
  <trkpt lat="52.4819135" lon="13.3133658"><ele>41.7</ele><time>2025-09-21T09:58:25Z</time><extensions><gpxtpx:TrackPointExtension><gpxtpx:hr>148</gpxtpx:hr></gpxtpx:TrackPointExtension></extensions></trkpt>
  <trkpt lat="52.4820471" lon="13.3133725"><ele>41.7</ele><time>2025-09-21T09:58:30Z</time><extensions><gpxtpx:TrackPointExtension><gpxtpx:hr>149</gpxtpx:hr></gpxtpx:TrackPointExtension></extensions></trkpt>
  <trkpt lat="52.4821950" lon="13.3133770"><ele>41.7</ele><time>2025-09-21T09:58:35Z</time><extensions><gpxtpx:TrackPointExtension><gpxtpx:hr>148</gpxtpx:hr></gpxtpx:TrackPointExtension></extensions></trkpt>
  <trkpt lat="52.4823270" lon="13.3133938"><ele>41.7</ele><time>2025-09-21T09:58:40Z</time><extensions><gpxtpx:TrackPointExtension><gpxtpx:hr>148</gpxtpx:hr></gpxtpx:TrackPointExtension></extensions></trkpt>
  <trkpt lat="52.4824633" lon="13.3133972"><ele>41.7</ele><time>2025-09-21T09:58:45Z</time><extensions><gpxtpx:TrackPointExtension><gpxtpx:hr>148</gpxtpx:hr></gpxtpx:TrackPointExtension></extensions></trkpt>
  <trkpt lat="52.4826085" lon="13.3134206"><ele>41.7</ele><time>2025-09-21T09:58:50Z</time><extensions><gpxtpx:TrackPointExtension><gpxtpx:hr>148</gpxtpx:hr></gpxtpx:TrackPointExtension></extensions></trkpt>
  <trkpt lat="52.4827420" lon="13.3134187"><ele>41.7</ele><time>2025-09-21T09:58:55Z</time><extensions><gpxtpx:TrackPointExtension><gpxtpx:hr>149</gpxtpx:hr></gpxtpx:TrackPointExtension></extensions></trkpt>
  <trkpt lat="52.4828765" lon="13.3134390"><ele>41.7</ele><time>2025-09-21T09:59:00Z</time><extensions><gpxtpx:TrackPointExtension><gpxtpx:hr>149</gpxtpx:hr></gpxtpx:TrackPointExtension></extensions></trkpt>
  <trkpt lat="52.4830194" lon="13.3134467"><ele>41.7</ele><time>2025-09-21T09:59:05Z</time><extensions><gpxtpx:TrackPointExtension><gpxtpx:hr>148</gpxtpx:hr></gpxtpx:TrackPointExtension></extensions></trkpt>
  <trkpt lat="52.4831577" lon="13.3134596"><ele>41.7</ele><time>2025-09-21T09:59:10Z</time><extensions><gpxtpx:TrackPointExtension><gpxtpx:hr>149</gpxtpx:hr></gpxtpx:TrackPointExtension></extensions></trkpt>
  <trkpt lat="52.4832884" lon="13.3134809"><ele>41.7</ele><time>2025-09-21T09:59:15Z</time><extensions><gpxtpx:TrackPointExtension><gpxtpx:hr>149</gpxtpx:hr></gpxtpx:TrackPointExtension></extensions></trkpt>
  <trkpt lat="52.4834258" lon="13.3134849"><ele>41.7</ele><time>2025-09-21T09:59:20Z</time><extensions><gpxtpx:TrackPointExtension><gpxtpx:hr>149</gpxtpx:hr></gpxtpx:TrackPointExtension></extensions></trkpt>
  <trkpt lat="52.4835666" lon="13.3135100"><ele>41.7</ele><time>2025-09-21T09:59:25Z</time><extensions><gpxtpx:TrackPointExtension><gpxtpx:hr>148</gpxtpx:hr></gpxtpx:TrackPointExtension></extensions></trkpt>
  <trkpt lat="52.4837134" lon="13.3135192"><ele>41.7</ele><time>2025-09-21T09:59:30Z</time><extensions><gpxtpx:TrackPointExtension><gpxtpx:hr>149</gpxtpx:hr></gpxtpx:TrackPointExtension></extensions></trkpt>
  <trkpt lat="52.4838400" lon="13.3135245"><ele>41.7</ele><time>2025-09-21T09:59:35Z</time><extensions><gpxtpx:TrackPointExtension><gpxtpx:hr>148</gpxtpx:hr></gpxtpx:TrackPointExtension></extensions></trkpt>
  <trkpt lat="52.4839800" lon="13.3135233"><ele>41.7</ele><time>2025-09-21T09:59:40Z</time><extensions><gpxtpx:TrackPointExtension><gpxtpx:hr>149</gpxtpx:hr></gpxtpx:TrackPointExtension></extensions></trkpt>
  <trkpt lat="52.4841232" lon="13.3135230"><ele>41.7</ele><time>2025-09-21T09:59:45Z</time><extensions><gpxtpx:TrackPointExtension><gpxtpx:hr>148</gpxtpx:hr></gpxtpx:TrackPointExtension></extensions></trkpt>
  <trkpt lat="52.4842625" lon="13.3135284"><ele>41.7</ele><time>2025-09-21T09:59:50Z</time><extensions><gpxtpx:TrackPointExtension><gpxtpx:hr>149</gpxtpx:hr></gpxtpx:TrackPointExtension></extensions></trkpt>
  <trkpt lat="52.4843969" lon="13.3135413"><ele>41.7</ele><time>2025-09-21T09:59:55Z</time><extensions><gpxtpx:TrackPointExtension><gpxtpx:hr>148</gpxtpx:hr></gpxtpx:TrackPointExtension></extensions></trkpt>
  <trkpt lat="52.4845351" lon="13.3135561"><ele>41.7</ele><time>2025-09-21T10:00:00Z</time><extensions><gpxtpx:TrackPointExtension><gpxtpx:hr>149</gpxtpx:hr></gpxtpx:TrackPointExtension></extensions></trkpt>
  <trkpt lat="52.4846734" lon="13.3135682"><ele>41.7</ele><time>2025-09-21T10:00:05Z</time><extensions><gpxtpx:TrackPointExtension><gpxtpx:hr>148</gpxtpx:hr></gpxtpx:TrackPointExtension></extensions></trkpt>
  <trkpt lat="52.4848112" lon="13.3135788"><ele>41.7</ele><time>2025-09-21T10:00:10Z</time><extensions><gpxtpx:TrackPointExtension><gpxtpx:hr>147</gpxtpx:hr></gpxtpx:TrackPointExtension></extensions></trkpt>
  <trkpt lat="52.4849506" lon="13.3135913"><ele>41.7</ele><time>2025-09-21T10:00:15Z</time><extensions><gpxtpx:TrackPointExtension><gpxtpx:hr>148</gpxtpx:hr></gpxtpx:TrackPointExtension></extensions></trkpt>
  <trkpt lat="52.4850861" lon="13.3135934"><ele>41.7</ele><time>2025-09-21T10:00:20Z</time><extensions><gpxtpx:TrackPointExtension><gpxtpx:hr>148</gpxtpx:hr></gpxtpx:TrackPointExtension></extensions></trkpt>
  <trkpt lat="52.4852210" lon="13.3136072"><ele>41.7</ele><time>2025-09-21T10:00:25Z</time><extensions><gpxtpx:TrackPointExtension><gpxtpx:hr>148</gpxtpx:hr></gpxtpx:TrackPointExtension></extensions></trkpt>
  <trkpt lat="52.4853591" lon="13.3136100"><ele>41.7</ele><time>2025-09-21T10:00:30Z</time><extensions><gpxtpx:TrackPointExtension><gpxtpx:hr>148</gpxtpx:hr></gpxtpx:TrackPointExtension></extensions></trkpt>
  <trkpt lat="52.4855021" lon="13.3136166"><ele>41.7</ele><time>2025-09-21T10:00:35Z</time><extensions><gpxtpx:TrackPointExtension><gpxtpx:hr>148</gpxtpx:hr></gpxtpx:TrackPointExtension></extensions></trkpt>
  <trkpt lat="52.4856380" lon="13.3136282"><ele>41.7</ele><time>2025-09-21T10:00:40Z</time><extensions><gpxtpx:TrackPointExtension><gpxtpx:hr>149</gpxtpx:hr></gpxtpx:TrackPointExtension></extensions></trkpt>
  <trkpt lat="52.4857759" lon="13.3136445"><ele>41.7</ele><time>2025-09-21T10:00:45Z</time><extensions><gpxtpx:TrackPointExtension><gpxtpx:hr>150</gpxtpx:hr></gpxtpx:TrackPointExtension></extensions></trkpt>
  <trkpt lat="52.4859142" lon="13.3136497"><ele>41.7</ele><time>2025-09-21T10:00:50Z</time><extensions><gpxtpx:TrackPointExtension><gpxtpx:hr>149</gpxtpx:hr></gpxtpx:TrackPointExtension></extensions></trkpt>
  <trkpt lat="52.4860517" lon="13.3136482"><ele>41.7</ele><time>2025-09-21T10:00:55Z</time><extensions><gpxtpx:TrackPointExtension><gpxtpx:hr>149</gpxtpx:hr></gpxtpx:TrackPointExtension></extensions></trkpt>
  <trkpt lat="52.4861870" lon="13.3136646"><ele>41.7</ele><time>2025-09-21T10:01:00Z</time><extensions><gpxtpx:TrackPointExtension><gpxtpx:hr>150</gpxtpx:hr></gpxtpx:TrackPointExtension></extensions></trkpt>
  <trkpt lat="52.4863313" lon="13.3136806"><ele>41.7</ele><time>2025-09-21T10:01:05Z</time><extensions><gpxtpx:TrackPointExtension><gpxtpx:hr>150</gpxtpx:hr></gpxtpx:TrackPointExtension></extensions></trkpt>
  <trkpt lat="52.4864645" lon="13.3136909"><ele>41.7</ele><time>2025-09-21T10:01:10Z</time><extensions><gpxtpx:TrackPointExtension><gpxtpx:hr>150</gpxtpx:hr></gpxtpx:TrackPointExtension></extensions></trkpt>
  <trkpt lat="52.4866029" lon="13.3136763"><ele>41.7</ele><time>2025-09-21T10:01:15Z</time><extensions><gpxtpx:TrackPointExtension><gpxtpx:hr>150</gpxtpx:hr></gpxtpx:TrackPointExtension></extensions></trkpt>
  <trkpt lat="52.4867400" lon="13.3136946"><ele>41.6</ele><time>2025-09-21T10:01:20Z</time><extensions><gpxtpx:TrackPointExtension><gpxtpx:hr>150</gpxtpx:hr></gpxtpx:TrackPointExtension></extensions></trkpt>
  <trkpt lat="52.4868685" lon="13.3136777"><ele>41.6</ele><time>2025-09-21T10:01:25Z</time><extensions><gpxtpx:TrackPointExtension><gpxtpx:hr>150</gpxtpx:hr></gpxtpx:TrackPointExtension></extensions></trkpt>
  <trkpt lat="52.4870174" lon="13.3137002"><ele>41.6</ele><time>2025-09-21T10:01:30Z</time><extensions><gpxtpx:TrackPointExtension><gpxtpx:hr>151</gpxtpx:hr></gpxtpx:TrackPointExtension></extensions></trkpt>
  <trkpt lat="52.4871436" lon="13.3137096"><ele>41.6</ele><time>2025-09-21T10:01:35Z</time><extensions><gpxtpx:TrackPointExtension><gpxtpx:hr>150</gpxtpx:hr></gpxtpx:TrackPointExtension></extensions></trkpt>
  <trkpt lat="52.4872887" lon="13.3137097"><ele>41.6</ele><time>2025-09-21T10:01:40Z</time><extensions><gpxtpx:TrackPointExtension><gpxtpx:hr>150</gpxtpx:hr></gpxtpx:TrackPointExtension></extensions></trkpt>
  <trkpt lat="52.4874209" lon="13.3137317"><ele>41.6</ele><time>2025-09-21T10:01:45Z</time><extensions><gpxtpx:TrackPointExtension><gpxtpx:hr>149</gpxtpx:hr></gpxtpx:TrackPointExtension></extensions></trkpt>
  <trkpt lat="52.4875601" lon="13.3137444"><ele>41.6</ele><time>2025-09-21T10:01:50Z</time><extensions><gpxtpx:TrackPointExtension><gpxtpx:hr>150</gpxtpx:hr></gpxtpx:TrackPointExtension></extensions></trkpt>
  <trkpt lat="52.4876961" lon="13.3137554"><ele>41.6</ele><time>2025-09-21T10:01:55Z</time><extensions><gpxtpx:TrackPointExtension><gpxtpx:hr>150</gpxtpx:hr></gpxtpx:TrackPointExtension></extensions></trkpt>
  <trkpt lat="52.4878338" lon="13.3137652"><ele>41.6</ele><time>2025-09-21T10:02:00Z</time><extensions><gpxtpx:TrackPointExtension><gpxtpx:hr>149</gpxtpx:hr></gpxtpx:TrackPointExtension></extensions></trkpt>
  <trkpt lat="52.4879708" lon="13.3137872"><ele>41.6</ele><time>2025-09-21T10:02:05Z</time><extensions><gpxtpx:TrackPointExtension><gpxtpx:hr>150</gpxtpx:hr></gpxtpx:TrackPointExtension></extensions></trkpt>
  <trkpt lat="52.4881142" lon="13.3137886"><ele>41.6</ele><time>2025-09-21T10:02:10Z</time><extensions><gpxtpx:TrackPointExtension><gpxtpx:hr>150</gpxtpx:hr></gpxtpx:TrackPointExtension></extensions></trkpt>
  <trkpt lat="52.4882492" lon="13.3138033"><ele>41.6</ele><time>2025-09-21T10:02:15Z</time><extensions><gpxtpx:TrackPointExtension><gpxtpx:hr>149</gpxtpx:hr></gpxtpx:TrackPointExtension></extensions></trkpt>
  <trkpt lat="52.4883690" lon="13.3137812"><ele>41.6</ele><time>2025-09-21T10:02:20Z</time><extensions><gpxtpx:TrackPointExtension><gpxtpx:hr>149</gpxtpx:hr></gpxtpx:TrackPointExtension></extensions></trkpt>
  <trkpt lat="52.4885074" lon="13.3137880"><ele>41.6</ele><time>2025-09-21T10:02:25Z</time><extensions><gpxtpx:TrackPointExtension><gpxtpx:hr>149</gpxtpx:hr></gpxtpx:TrackPointExtension></extensions></trkpt>
  <trkpt lat="52.4886427" lon="13.3137914"><ele>41.6</ele><time>2025-09-21T10:02:30Z</time><extensions><gpxtpx:TrackPointExtension><gpxtpx:hr>149</gpxtpx:hr></gpxtpx:TrackPointExtension></extensions></trkpt>
  <trkpt lat="52.4887756" lon="13.3138060"><ele>41.6</ele><time>2025-09-21T10:02:35Z</time><extensions><gpxtpx:TrackPointExtension><gpxtpx:hr>149</gpxtpx:hr></gpxtpx:TrackPointExtension></extensions></trkpt>
  <trkpt lat="52.4889174" lon="13.3138186"><ele>41.6</ele><time>2025-09-21T10:02:40Z</time><extensions><gpxtpx:TrackPointExtension><gpxtpx:hr>148</gpxtpx:hr></gpxtpx:TrackPointExtension></extensions></trkpt>
  <trkpt lat="52.4890614" lon="13.3138402"><ele>41.6</ele><time>2025-09-21T10:02:45Z</time><extensions><gpxtpx:TrackPointExtension><gpxtpx:hr>149</gpxtpx:hr></gpxtpx:TrackPointExtension></extensions></trkpt>
  <trkpt lat="52.4891993" lon="13.3138695"><ele>41.6</ele><time>2025-09-21T10:02:50Z</time><extensions><gpxtpx:TrackPointExtension><gpxtpx:hr>148</gpxtpx:hr></gpxtpx:TrackPointExtension></extensions></trkpt>
  <trkpt lat="52.4893251" lon="13.3138905"><ele>41.6</ele><time>2025-09-21T10:02:55Z</time><extensions><gpxtpx:TrackPointExtension><gpxtpx:hr>148</gpxtpx:hr></gpxtpx:TrackPointExtension></extensions></trkpt>
  <trkpt lat="52.4894650" lon="13.3139368"><ele>41.6</ele><time>2025-09-21T10:03:00Z</time><extensions><gpxtpx:TrackPointExtension><gpxtpx:hr>147</gpxtpx:hr></gpxtpx:TrackPointExtension></extensions></trkpt>
  <trkpt lat="52.4895902" lon="13.3140145"><ele>41.6</ele><time>2025-09-21T10:03:05Z</time><extensions><gpxtpx:TrackPointExtension><gpxtpx:hr>148</gpxtpx:hr></gpxtpx:TrackPointExtension></extensions></trkpt>
  <trkpt lat="52.4897211" lon="13.3140948"><ele>41.6</ele><time>2025-09-21T10:03:10Z</time><extensions><gpxtpx:TrackPointExtension><gpxtpx:hr>148</gpxtpx:hr></gpxtpx:TrackPointExtension></extensions></trkpt>
  <trkpt lat="52.4897995" lon="13.3142541"><ele>41.6</ele><time>2025-09-21T10:03:15Z</time><extensions><gpxtpx:TrackPointExtension><gpxtpx:hr>149</gpxtpx:hr></gpxtpx:TrackPointExtension></extensions></trkpt>
  <trkpt lat="52.4898849" lon="13.3142232"><ele>41.6</ele><time>2025-09-21T10:03:20Z</time><extensions><gpxtpx:TrackPointExtension><gpxtpx:hr>150</gpxtpx:hr></gpxtpx:TrackPointExtension></extensions></trkpt>
  <trkpt lat="52.4899669" lon="13.3140485"><ele>41.6</ele><time>2025-09-21T10:03:25Z</time><extensions><gpxtpx:TrackPointExtension><gpxtpx:hr>150</gpxtpx:hr></gpxtpx:TrackPointExtension></extensions></trkpt>
  <trkpt lat="52.4900460" lon="13.3138932"><ele>41.6</ele><time>2025-09-21T10:03:30Z</time><extensions><gpxtpx:TrackPointExtension><gpxtpx:hr>151</gpxtpx:hr></gpxtpx:TrackPointExtension></extensions></trkpt>
  <trkpt lat="52.4901235" lon="13.3139752"><ele>41.6</ele><time>2025-09-21T10:03:35Z</time><extensions><gpxtpx:TrackPointExtension><gpxtpx:hr>150</gpxtpx:hr></gpxtpx:TrackPointExtension></extensions></trkpt>
  <trkpt lat="52.4902050" lon="13.3140557"><ele>41.6</ele><time>2025-09-21T10:03:40Z</time><extensions><gpxtpx:TrackPointExtension><gpxtpx:hr>149</gpxtpx:hr></gpxtpx:TrackPointExtension></extensions></trkpt>
  <trkpt lat="52.4903084" lon="13.3139252"><ele>41.6</ele><time>2025-09-21T10:03:45Z</time><extensions><gpxtpx:TrackPointExtension><gpxtpx:hr>148</gpxtpx:hr></gpxtpx:TrackPointExtension></extensions></trkpt>
  <trkpt lat="52.4904281" lon="13.3137954"><ele>41.6</ele><time>2025-09-21T10:03:50Z</time><extensions><gpxtpx:TrackPointExtension><gpxtpx:hr>149</gpxtpx:hr></gpxtpx:TrackPointExtension></extensions></trkpt>
  <trkpt lat="52.4904277" lon="13.3136430"><ele>41.6</ele><time>2025-09-21T10:03:55Z</time><extensions><gpxtpx:TrackPointExtension><gpxtpx:hr>149</gpxtpx:hr></gpxtpx:TrackPointExtension></extensions></trkpt>
  <trkpt lat="52.4904176" lon="13.3134699"><ele>41.6</ele><time>2025-09-21T10:04:00Z</time><extensions><gpxtpx:TrackPointExtension><gpxtpx:hr>149</gpxtpx:hr></gpxtpx:TrackPointExtension></extensions></trkpt>
  <trkpt lat="52.4905349" lon="13.3133577"><ele>41.6</ele><time>2025-09-21T10:04:05Z</time><extensions><gpxtpx:TrackPointExtension><gpxtpx:hr>149</gpxtpx:hr></gpxtpx:TrackPointExtension></extensions></trkpt>
  <trkpt lat="52.4906531" lon="13.3132355"><ele>41.6</ele><time>2025-09-21T10:04:10Z</time><extensions><gpxtpx:TrackPointExtension><gpxtpx:hr>148</gpxtpx:hr></gpxtpx:TrackPointExtension></extensions></trkpt>
  <trkpt lat="52.4907715" lon="13.3131207"><ele>41.6</ele><time>2025-09-21T10:04:15Z</time><extensions><gpxtpx:TrackPointExtension><gpxtpx:hr>149</gpxtpx:hr></gpxtpx:TrackPointExtension></extensions></trkpt>
  <trkpt lat="52.4908851" lon="13.3130000"><ele>41.6</ele><time>2025-09-21T10:04:20Z</time><extensions><gpxtpx:TrackPointExtension><gpxtpx:hr>148</gpxtpx:hr></gpxtpx:TrackPointExtension></extensions></trkpt>
  <trkpt lat="52.4910115" lon="13.3128852"><ele>41.6</ele><time>2025-09-21T10:04:25Z</time><extensions><gpxtpx:TrackPointExtension><gpxtpx:hr>148</gpxtpx:hr></gpxtpx:TrackPointExtension></extensions></trkpt>
  <trkpt lat="52.4911218" lon="13.3127728"><ele>41.6</ele><time>2025-09-21T10:04:30Z</time><extensions><gpxtpx:TrackPointExtension><gpxtpx:hr>148</gpxtpx:hr></gpxtpx:TrackPointExtension></extensions></trkpt>
  <trkpt lat="52.4912374" lon="13.3126545"><ele>41.6</ele><time>2025-09-21T10:04:35Z</time><extensions><gpxtpx:TrackPointExtension><gpxtpx:hr>149</gpxtpx:hr></gpxtpx:TrackPointExtension></extensions></trkpt>
  <trkpt lat="52.4913529" lon="13.3125199"><ele>41.6</ele><time>2025-09-21T10:04:40Z</time><extensions><gpxtpx:TrackPointExtension><gpxtpx:hr>148</gpxtpx:hr></gpxtpx:TrackPointExtension></extensions></trkpt>
  <trkpt lat="52.4914667" lon="13.3123921"><ele>41.6</ele><time>2025-09-21T10:04:45Z</time><extensions><gpxtpx:TrackPointExtension><gpxtpx:hr>149</gpxtpx:hr></gpxtpx:TrackPointExtension></extensions></trkpt>
  <trkpt lat="52.4915738" lon="13.3122453"><ele>41.6</ele><time>2025-09-21T10:04:50Z</time><extensions><gpxtpx:TrackPointExtension><gpxtpx:hr>150</gpxtpx:hr></gpxtpx:TrackPointExtension></extensions></trkpt>
  <trkpt lat="52.4916811" lon="13.3121046"><ele>41.6</ele><time>2025-09-21T10:04:55Z</time><extensions><gpxtpx:TrackPointExtension><gpxtpx:hr>149</gpxtpx:hr></gpxtpx:TrackPointExtension></extensions></trkpt>
  <trkpt lat="52.4917811" lon="13.3119633"><ele>41.6</ele><time>2025-09-21T10:05:00Z</time><extensions><gpxtpx:TrackPointExtension><gpxtpx:hr>149</gpxtpx:hr></gpxtpx:TrackPointExtension></extensions></trkpt>
  <trkpt lat="52.4918988" lon="13.3118205"><ele>41.6</ele><time>2025-09-21T10:05:05Z</time><extensions><gpxtpx:TrackPointExtension><gpxtpx:hr>148</gpxtpx:hr></gpxtpx:TrackPointExtension></extensions></trkpt>
  <trkpt lat="52.4920069" lon="13.3116924"><ele>41.6</ele><time>2025-09-21T10:05:10Z</time><extensions><gpxtpx:TrackPointExtension><gpxtpx:hr>149</gpxtpx:hr></gpxtpx:TrackPointExtension></extensions></trkpt>
  <trkpt lat="52.4921020" lon="13.3115486"><ele>41.6</ele><time>2025-09-21T10:05:15Z</time><extensions><gpxtpx:TrackPointExtension><gpxtpx:hr>149</gpxtpx:hr></gpxtpx:TrackPointExtension></extensions></trkpt>
  <trkpt lat="52.4922111" lon="13.3113983"><ele>41.6</ele><time>2025-09-21T10:05:20Z</time><extensions><gpxtpx:TrackPointExtension><gpxtpx:hr>150</gpxtpx:hr></gpxtpx:TrackPointExtension></extensions></trkpt>
  <trkpt lat="52.4923227" lon="13.3112615"><ele>41.6</ele><time>2025-09-21T10:05:25Z</time><extensions><gpxtpx:TrackPointExtension><gpxtpx:hr>150</gpxtpx:hr></gpxtpx:TrackPointExtension></extensions></trkpt>
  <trkpt lat="52.4924333" lon="13.3111299"><ele>41.6</ele><time>2025-09-21T10:05:30Z</time><extensions><gpxtpx:TrackPointExtension><gpxtpx:hr>150</gpxtpx:hr></gpxtpx:TrackPointExtension></extensions></trkpt>
  <trkpt lat="52.4925404" lon="13.3109713"><ele>41.6</ele><time>2025-09-21T10:05:35Z</time><extensions><gpxtpx:TrackPointExtension><gpxtpx:hr>149</gpxtpx:hr></gpxtpx:TrackPointExtension></extensions></trkpt>
  <trkpt lat="52.4926491" lon="13.3108354"><ele>41.6</ele><time>2025-09-21T10:05:40Z</time><extensions><gpxtpx:TrackPointExtension><gpxtpx:hr>149</gpxtpx:hr></gpxtpx:TrackPointExtension></extensions></trkpt>
  <trkpt lat="52.4927643" lon="13.3107190"><ele>41.6</ele><time>2025-09-21T10:05:45Z</time><extensions><gpxtpx:TrackPointExtension><gpxtpx:hr>149</gpxtpx:hr></gpxtpx:TrackPointExtension></extensions></trkpt>
  <trkpt lat="52.4928852" lon="13.3105775"><ele>41.6</ele><time>2025-09-21T10:05:50Z</time><extensions><gpxtpx:TrackPointExtension><gpxtpx:hr>149</gpxtpx:hr></gpxtpx:TrackPointExtension></extensions></trkpt>
  <trkpt lat="52.4929951" lon="13.3104511"><ele>41.6</ele><time>2025-09-21T10:05:55Z</time><extensions><gpxtpx:TrackPointExtension><gpxtpx:hr>150</gpxtpx:hr></gpxtpx:TrackPointExtension></extensions></trkpt>
  <trkpt lat="52.4931068" lon="13.3103371"><ele>41.6</ele><time>2025-09-21T10:06:00Z</time><extensions><gpxtpx:TrackPointExtension><gpxtpx:hr>149</gpxtpx:hr></gpxtpx:TrackPointExtension></extensions></trkpt>
  <trkpt lat="52.4932189" lon="13.3102094"><ele>41.6</ele><time>2025-09-21T10:06:05Z</time><extensions><gpxtpx:TrackPointExtension><gpxtpx:hr>150</gpxtpx:hr></gpxtpx:TrackPointExtension></extensions></trkpt>
  <trkpt lat="52.4933075" lon="13.3100641"><ele>41.6</ele><time>2025-09-21T10:06:10Z</time><extensions><gpxtpx:TrackPointExtension><gpxtpx:hr>149</gpxtpx:hr></gpxtpx:TrackPointExtension></extensions></trkpt>
  <trkpt lat="52.4934212" lon="13.3099393"><ele>41.6</ele><time>2025-09-21T10:06:15Z</time><extensions><gpxtpx:TrackPointExtension><gpxtpx:hr>149</gpxtpx:hr></gpxtpx:TrackPointExtension></extensions></trkpt>
  <trkpt lat="52.4935217" lon="13.3098100"><ele>41.6</ele><time>2025-09-21T10:06:20Z</time><extensions><gpxtpx:TrackPointExtension><gpxtpx:hr>148</gpxtpx:hr></gpxtpx:TrackPointExtension></extensions></trkpt>
  <trkpt lat="52.4935674" lon="13.3096836"><ele>41.7</ele><time>2025-09-21T10:06:25Z</time><extensions><gpxtpx:TrackPointExtension><gpxtpx:hr>148</gpxtpx:hr></gpxtpx:TrackPointExtension></extensions></trkpt>
  <trkpt lat="52.4936952" lon="13.3096288"><ele>41.7</ele><time>2025-09-21T10:06:30Z</time><extensions><gpxtpx:TrackPointExtension><gpxtpx:hr>148</gpxtpx:hr></gpxtpx:TrackPointExtension></extensions></trkpt>
  <trkpt lat="52.4938310" lon="13.3095473"><ele>41.7</ele><time>2025-09-21T10:06:35Z</time><extensions><gpxtpx:TrackPointExtension><gpxtpx:hr>148</gpxtpx:hr></gpxtpx:TrackPointExtension></extensions></trkpt>
  <trkpt lat="52.4939450" lon="13.3094231"><ele>41.7</ele><time>2025-09-21T10:06:40Z</time><extensions><gpxtpx:TrackPointExtension><gpxtpx:hr>148</gpxtpx:hr></gpxtpx:TrackPointExtension></extensions></trkpt>
  <trkpt lat="52.4940623" lon="13.3092947"><ele>41.7</ele><time>2025-09-21T10:06:45Z</time><extensions><gpxtpx:TrackPointExtension><gpxtpx:hr>148</gpxtpx:hr></gpxtpx:TrackPointExtension></extensions></trkpt>
  <trkpt lat="52.4941804" lon="13.3091844"><ele>41.7</ele><time>2025-09-21T10:06:50Z</time><extensions><gpxtpx:TrackPointExtension><gpxtpx:hr>149</gpxtpx:hr></gpxtpx:TrackPointExtension></extensions></trkpt>
  <trkpt lat="52.4942999" lon="13.3090558"><ele>41.7</ele><time>2025-09-21T10:06:55Z</time><extensions><gpxtpx:TrackPointExtension><gpxtpx:hr>149</gpxtpx:hr></gpxtpx:TrackPointExtension></extensions></trkpt>
  <trkpt lat="52.4944104" lon="13.3089296"><ele>41.7</ele><time>2025-09-21T10:07:00Z</time><extensions><gpxtpx:TrackPointExtension><gpxtpx:hr>148</gpxtpx:hr></gpxtpx:TrackPointExtension></extensions></trkpt>
  <trkpt lat="52.4945321" lon="13.3088125"><ele>41.7</ele><time>2025-09-21T10:07:05Z</time><extensions><gpxtpx:TrackPointExtension><gpxtpx:hr>148</gpxtpx:hr></gpxtpx:TrackPointExtension></extensions></trkpt>
  <trkpt lat="52.4946569" lon="13.3087333"><ele>41.7</ele><time>2025-09-21T10:07:10Z</time><extensions><gpxtpx:TrackPointExtension><gpxtpx:hr>149</gpxtpx:hr></gpxtpx:TrackPointExtension></extensions></trkpt>
  <trkpt lat="52.4947874" lon="13.3086537"><ele>41.7</ele><time>2025-09-21T10:07:15Z</time><extensions><gpxtpx:TrackPointExtension><gpxtpx:hr>150</gpxtpx:hr></gpxtpx:TrackPointExtension></extensions></trkpt>
  <trkpt lat="52.4949098" lon="13.3085607"><ele>41.7</ele><time>2025-09-21T10:07:20Z</time><extensions><gpxtpx:TrackPointExtension><gpxtpx:hr>150</gpxtpx:hr></gpxtpx:TrackPointExtension></extensions></trkpt>
  <trkpt lat="52.4950431" lon="13.3084831"><ele>41.7</ele><time>2025-09-21T10:07:25Z</time><extensions><gpxtpx:TrackPointExtension><gpxtpx:hr>149</gpxtpx:hr></gpxtpx:TrackPointExtension></extensions></trkpt>
  <trkpt lat="52.4951825" lon="13.3084187"><ele>41.7</ele><time>2025-09-21T10:07:30Z</time><extensions><gpxtpx:TrackPointExtension><gpxtpx:hr>150</gpxtpx:hr></gpxtpx:TrackPointExtension></extensions></trkpt>
  <trkpt lat="52.4953121" lon="13.3083601"><ele>41.7</ele><time>2025-09-21T10:07:35Z</time><extensions><gpxtpx:TrackPointExtension><gpxtpx:hr>149</gpxtpx:hr></gpxtpx:TrackPointExtension></extensions></trkpt>
  <trkpt lat="52.4954424" lon="13.3083153"><ele>41.7</ele><time>2025-09-21T10:07:40Z</time><extensions><gpxtpx:TrackPointExtension><gpxtpx:hr>150</gpxtpx:hr></gpxtpx:TrackPointExtension></extensions></trkpt>
  <trkpt lat="52.4955779" lon="13.3082600"><ele>41.7</ele><time>2025-09-21T10:07:45Z</time><extensions><gpxtpx:TrackPointExtension><gpxtpx:hr>149</gpxtpx:hr></gpxtpx:TrackPointExtension></extensions></trkpt>
  <trkpt lat="52.4957178" lon="13.3082043"><ele>41.7</ele><time>2025-09-21T10:07:50Z</time><extensions><gpxtpx:TrackPointExtension><gpxtpx:hr>149</gpxtpx:hr></gpxtpx:TrackPointExtension></extensions></trkpt>
  <trkpt lat="52.4958443" lon="13.3081571"><ele>41.7</ele><time>2025-09-21T10:07:55Z</time><extensions><gpxtpx:TrackPointExtension><gpxtpx:hr>148</gpxtpx:hr></gpxtpx:TrackPointExtension></extensions></trkpt>
  <trkpt lat="52.4959888" lon="13.3081048"><ele>41.7</ele><time>2025-09-21T10:08:00Z</time><extensions><gpxtpx:TrackPointExtension><gpxtpx:hr>149</gpxtpx:hr></gpxtpx:TrackPointExtension></extensions></trkpt>
  <trkpt lat="52.4961189" lon="13.3080496"><ele>41.7</ele><time>2025-09-21T10:08:05Z</time><extensions><gpxtpx:TrackPointExtension><gpxtpx:hr>149</gpxtpx:hr></gpxtpx:TrackPointExtension></extensions></trkpt>
  <trkpt lat="52.4962561" lon="13.3080019"><ele>41.7</ele><time>2025-09-21T10:08:10Z</time><extensions><gpxtpx:TrackPointExtension><gpxtpx:hr>149</gpxtpx:hr></gpxtpx:TrackPointExtension></extensions></trkpt>
  <trkpt lat="52.4963882" lon="13.3079688"><ele>41.7</ele><time>2025-09-21T10:08:15Z</time><extensions><gpxtpx:TrackPointExtension><gpxtpx:hr>149</gpxtpx:hr></gpxtpx:TrackPointExtension></extensions></trkpt>
  <trkpt lat="52.4965193" lon="13.3079142"><ele>41.7</ele><time>2025-09-21T10:08:20Z</time><extensions><gpxtpx:TrackPointExtension><gpxtpx:hr>149</gpxtpx:hr></gpxtpx:TrackPointExtension></extensions></trkpt>
  <trkpt lat="52.4966528" lon="13.3078745"><ele>41.7</ele><time>2025-09-21T10:08:25Z</time><extensions><gpxtpx:TrackPointExtension><gpxtpx:hr>149</gpxtpx:hr></gpxtpx:TrackPointExtension></extensions></trkpt>
  <trkpt lat="52.4967930" lon="13.3078096"><ele>41.7</ele><time>2025-09-21T10:08:30Z</time><extensions><gpxtpx:TrackPointExtension><gpxtpx:hr>149</gpxtpx:hr></gpxtpx:TrackPointExtension></extensions></trkpt>
  <trkpt lat="52.4969251" lon="13.3077741"><ele>41.7</ele><time>2025-09-21T10:08:35Z</time><extensions><gpxtpx:TrackPointExtension><gpxtpx:hr>150</gpxtpx:hr></gpxtpx:TrackPointExtension></extensions></trkpt>
  <trkpt lat="52.4970511" lon="13.3076953"><ele>41.7</ele><time>2025-09-21T10:08:40Z</time><extensions><gpxtpx:TrackPointExtension><gpxtpx:hr>150</gpxtpx:hr></gpxtpx:TrackPointExtension></extensions></trkpt>
  <trkpt lat="52.4971756" lon="13.3076282"><ele>41.7</ele><time>2025-09-21T10:08:45Z</time><extensions><gpxtpx:TrackPointExtension><gpxtpx:hr>151</gpxtpx:hr></gpxtpx:TrackPointExtension></extensions></trkpt>
  <trkpt lat="52.4973073" lon="13.3076379"><ele>41.7</ele><time>2025-09-21T10:08:50Z</time><extensions><gpxtpx:TrackPointExtension><gpxtpx:hr>151</gpxtpx:hr></gpxtpx:TrackPointExtension></extensions></trkpt>
  <trkpt lat="52.4974486" lon="13.3075824"><ele>41.7</ele><time>2025-09-21T10:08:55Z</time><extensions><gpxtpx:TrackPointExtension><gpxtpx:hr>150</gpxtpx:hr></gpxtpx:TrackPointExtension></extensions></trkpt>
  <trkpt lat="52.4975749" lon="13.3075498"><ele>41.7</ele><time>2025-09-21T10:09:00Z</time><extensions><gpxtpx:TrackPointExtension><gpxtpx:hr>151</gpxtpx:hr></gpxtpx:TrackPointExtension></extensions></trkpt>
  <trkpt lat="52.4977116" lon="13.3075063"><ele>41.7</ele><time>2025-09-21T10:09:05Z</time><extensions><gpxtpx:TrackPointExtension><gpxtpx:hr>150</gpxtpx:hr></gpxtpx:TrackPointExtension></extensions></trkpt>
  <trkpt lat="52.4978551" lon="13.3074591"><ele>41.7</ele><time>2025-09-21T10:09:10Z</time><extensions><gpxtpx:TrackPointExtension><gpxtpx:hr>150</gpxtpx:hr></gpxtpx:TrackPointExtension></extensions></trkpt>
  <trkpt lat="52.4979779" lon="13.3074029"><ele>41.7</ele><time>2025-09-21T10:09:15Z</time><extensions><gpxtpx:TrackPointExtension><gpxtpx:hr>150</gpxtpx:hr></gpxtpx:TrackPointExtension></extensions></trkpt>
  <trkpt lat="52.4981120" lon="13.3073693"><ele>41.7</ele><time>2025-09-21T10:09:20Z</time><extensions><gpxtpx:TrackPointExtension><gpxtpx:hr>149</gpxtpx:hr></gpxtpx:TrackPointExtension></extensions></trkpt>
  <trkpt lat="52.4982642" lon="13.3073238"><ele>41.7</ele><time>2025-09-21T10:09:25Z</time><extensions><gpxtpx:TrackPointExtension><gpxtpx:hr>149</gpxtpx:hr></gpxtpx:TrackPointExtension></extensions></trkpt>
  <trkpt lat="52.4983925" lon="13.3072686"><ele>41.7</ele><time>2025-09-21T10:09:30Z</time><extensions><gpxtpx:TrackPointExtension><gpxtpx:hr>149</gpxtpx:hr></gpxtpx:TrackPointExtension></extensions></trkpt>
  <trkpt lat="52.4985263" lon="13.3072332"><ele>41.7</ele><time>2025-09-21T10:09:35Z</time><extensions><gpxtpx:TrackPointExtension><gpxtpx:hr>148</gpxtpx:hr></gpxtpx:TrackPointExtension></extensions></trkpt>
  <trkpt lat="52.4986451" lon="13.3071532"><ele>41.7</ele><time>2025-09-21T10:09:40Z</time><extensions><gpxtpx:TrackPointExtension><gpxtpx:hr>147</gpxtpx:hr></gpxtpx:TrackPointExtension></extensions></trkpt>
  <trkpt lat="52.4987763" lon="13.3070498"><ele>41.7</ele><time>2025-09-21T10:09:45Z</time><extensions><gpxtpx:TrackPointExtension><gpxtpx:hr>148</gpxtpx:hr></gpxtpx:TrackPointExtension></extensions></trkpt>
  <trkpt lat="52.4989004" lon="13.3069702"><ele>41.7</ele><time>2025-09-21T10:09:50Z</time><extensions><gpxtpx:TrackPointExtension><gpxtpx:hr>147</gpxtpx:hr></gpxtpx:TrackPointExtension></extensions></trkpt>
  <trkpt lat="52.4990338" lon="13.3070197"><ele>41.8</ele><time>2025-09-21T10:09:55Z</time><extensions><gpxtpx:TrackPointExtension><gpxtpx:hr>148</gpxtpx:hr></gpxtpx:TrackPointExtension></extensions></trkpt>
  <trkpt lat="52.4991753" lon="13.3069909"><ele>41.8</ele><time>2025-09-21T10:10:00Z</time><extensions><gpxtpx:TrackPointExtension><gpxtpx:hr>148</gpxtpx:hr></gpxtpx:TrackPointExtension></extensions></trkpt>
  <trkpt lat="52.4993086" lon="13.3069518"><ele>41.8</ele><time>2025-09-21T10:10:05Z</time><extensions><gpxtpx:TrackPointExtension><gpxtpx:hr>147</gpxtpx:hr></gpxtpx:TrackPointExtension></extensions></trkpt>
  <trkpt lat="52.4994448" lon="13.3069180"><ele>41.8</ele><time>2025-09-21T10:10:10Z</time><extensions><gpxtpx:TrackPointExtension><gpxtpx:hr>148</gpxtpx:hr></gpxtpx:TrackPointExtension></extensions></trkpt>
  <trkpt lat="52.4995813" lon="13.3068933"><ele>41.8</ele><time>2025-09-21T10:10:15Z</time><extensions><gpxtpx:TrackPointExtension><gpxtpx:hr>148</gpxtpx:hr></gpxtpx:TrackPointExtension></extensions></trkpt>
  <trkpt lat="52.4997232" lon="13.3068537"><ele>41.8</ele><time>2025-09-21T10:10:20Z</time><extensions><gpxtpx:TrackPointExtension><gpxtpx:hr>148</gpxtpx:hr></gpxtpx:TrackPointExtension></extensions></trkpt>
  <trkpt lat="52.4998135" lon="13.3069598"><ele>41.8</ele><time>2025-09-21T10:10:25Z</time><extensions><gpxtpx:TrackPointExtension><gpxtpx:hr>147</gpxtpx:hr></gpxtpx:TrackPointExtension></extensions></trkpt>
  <trkpt lat="52.4999051" lon="13.3070208"><ele>41.8</ele><time>2025-09-21T10:10:30Z</time><extensions><gpxtpx:TrackPointExtension><gpxtpx:hr>147</gpxtpx:hr></gpxtpx:TrackPointExtension></extensions></trkpt>
  <trkpt lat="52.4999102" lon="13.3072065"><ele>41.8</ele><time>2025-09-21T10:10:35Z</time><extensions><gpxtpx:TrackPointExtension><gpxtpx:hr>146</gpxtpx:hr></gpxtpx:TrackPointExtension></extensions></trkpt>
  <trkpt lat="52.4998483" lon="13.3073253"><ele>41.8</ele><time>2025-09-21T10:10:40Z</time><extensions><gpxtpx:TrackPointExtension><gpxtpx:hr>146</gpxtpx:hr></gpxtpx:TrackPointExtension></extensions></trkpt>
  <trkpt lat="52.4998565" lon="13.3075480"><ele>41.8</ele><time>2025-09-21T10:10:45Z</time><extensions><gpxtpx:TrackPointExtension><gpxtpx:hr>146</gpxtpx:hr></gpxtpx:TrackPointExtension></extensions></trkpt>
  <trkpt lat="52.4998794" lon="13.3077629"><ele>41.8</ele><time>2025-09-21T10:10:50Z</time><extensions><gpxtpx:TrackPointExtension><gpxtpx:hr>146</gpxtpx:hr></gpxtpx:TrackPointExtension></extensions></trkpt>
  <trkpt lat="52.4999051" lon="13.3079841"><ele>41.8</ele><time>2025-09-21T10:10:55Z</time><extensions><gpxtpx:TrackPointExtension><gpxtpx:hr>146</gpxtpx:hr></gpxtpx:TrackPointExtension></extensions></trkpt>
  <trkpt lat="52.4999362" lon="13.3082048"><ele>41.8</ele><time>2025-09-21T10:11:00Z</time><extensions><gpxtpx:TrackPointExtension><gpxtpx:hr>147</gpxtpx:hr></gpxtpx:TrackPointExtension></extensions></trkpt>
  <trkpt lat="52.4999461" lon="13.3084348"><ele>41.8</ele><time>2025-09-21T10:11:05Z</time><extensions><gpxtpx:TrackPointExtension><gpxtpx:hr>146</gpxtpx:hr></gpxtpx:TrackPointExtension></extensions></trkpt>
  <trkpt lat="52.4999744" lon="13.3086547"><ele>41.8</ele><time>2025-09-21T10:11:10Z</time><extensions><gpxtpx:TrackPointExtension><gpxtpx:hr>146</gpxtpx:hr></gpxtpx:TrackPointExtension></extensions></trkpt>
  <trkpt lat="52.4999901" lon="13.3088778"><ele>41.8</ele><time>2025-09-21T10:11:15Z</time><extensions><gpxtpx:TrackPointExtension><gpxtpx:hr>147</gpxtpx:hr></gpxtpx:TrackPointExtension></extensions></trkpt>
  <trkpt lat="52.5000206" lon="13.3090961"><ele>41.8</ele><time>2025-09-21T10:11:20Z</time><extensions><gpxtpx:TrackPointExtension><gpxtpx:hr>148</gpxtpx:hr></gpxtpx:TrackPointExtension></extensions></trkpt>
  <trkpt lat="52.5000407" lon="13.3093135"><ele>41.8</ele><time>2025-09-21T10:11:25Z</time><extensions><gpxtpx:TrackPointExtension><gpxtpx:hr>148</gpxtpx:hr></gpxtpx:TrackPointExtension></extensions></trkpt>
  <trkpt lat="52.5000598" lon="13.3095403"><ele>41.8</ele><time>2025-09-21T10:11:30Z</time><extensions><gpxtpx:TrackPointExtension><gpxtpx:hr>148</gpxtpx:hr></gpxtpx:TrackPointExtension></extensions></trkpt>
  <trkpt lat="52.5000913" lon="13.3097606"><ele>41.8</ele><time>2025-09-21T10:11:35Z</time><extensions><gpxtpx:TrackPointExtension><gpxtpx:hr>147</gpxtpx:hr></gpxtpx:TrackPointExtension></extensions></trkpt>
  <trkpt lat="52.5001101" lon="13.3099986"><ele>41.8</ele><time>2025-09-21T10:11:40Z</time><extensions><gpxtpx:TrackPointExtension><gpxtpx:hr>147</gpxtpx:hr></gpxtpx:TrackPointExtension></extensions></trkpt>
  <trkpt lat="52.5001289" lon="13.3102032"><ele>41.8</ele><time>2025-09-21T10:11:45Z</time><extensions><gpxtpx:TrackPointExtension><gpxtpx:hr>148</gpxtpx:hr></gpxtpx:TrackPointExtension></extensions></trkpt>
  <trkpt lat="52.5001540" lon="13.3104346"><ele>41.8</ele><time>2025-09-21T10:11:50Z</time><extensions><gpxtpx:TrackPointExtension><gpxtpx:hr>149</gpxtpx:hr></gpxtpx:TrackPointExtension></extensions></trkpt>
  <trkpt lat="52.5001732" lon="13.3106628"><ele>41.8</ele><time>2025-09-21T10:11:55Z</time><extensions><gpxtpx:TrackPointExtension><gpxtpx:hr>149</gpxtpx:hr></gpxtpx:TrackPointExtension></extensions></trkpt>
  <trkpt lat="52.5001964" lon="13.3108825"><ele>41.8</ele><time>2025-09-21T10:12:00Z</time><extensions><gpxtpx:TrackPointExtension><gpxtpx:hr>150</gpxtpx:hr></gpxtpx:TrackPointExtension></extensions></trkpt>
  <trkpt lat="52.5002248" lon="13.3111076"><ele>41.8</ele><time>2025-09-21T10:12:05Z</time><extensions><gpxtpx:TrackPointExtension><gpxtpx:hr>149</gpxtpx:hr></gpxtpx:TrackPointExtension></extensions></trkpt>
  <trkpt lat="52.5002448" lon="13.3113143"><ele>41.8</ele><time>2025-09-21T10:12:10Z</time><extensions><gpxtpx:TrackPointExtension><gpxtpx:hr>148</gpxtpx:hr></gpxtpx:TrackPointExtension></extensions></trkpt>
  <trkpt lat="52.5002539" lon="13.3115546"><ele>41.8</ele><time>2025-09-21T10:12:15Z</time><extensions><gpxtpx:TrackPointExtension><gpxtpx:hr>149</gpxtpx:hr></gpxtpx:TrackPointExtension></extensions></trkpt>
  <trkpt lat="52.5002843" lon="13.3117731"><ele>41.8</ele><time>2025-09-21T10:12:20Z</time><extensions><gpxtpx:TrackPointExtension><gpxtpx:hr>149</gpxtpx:hr></gpxtpx:TrackPointExtension></extensions></trkpt>
  <trkpt lat="52.5002736" lon="13.3119904"><ele>41.8</ele><time>2025-09-21T10:12:25Z</time><extensions><gpxtpx:TrackPointExtension><gpxtpx:hr>149</gpxtpx:hr></gpxtpx:TrackPointExtension></extensions></trkpt>
  <trkpt lat="52.5003607" lon="13.3121449"><ele>41.8</ele><time>2025-09-21T10:12:30Z</time><extensions><gpxtpx:TrackPointExtension><gpxtpx:hr>149</gpxtpx:hr></gpxtpx:TrackPointExtension></extensions></trkpt>
  <trkpt lat="52.5003933" lon="13.3123748"><ele>41.9</ele><time>2025-09-21T10:12:35Z</time><extensions><gpxtpx:TrackPointExtension><gpxtpx:hr>150</gpxtpx:hr></gpxtpx:TrackPointExtension></extensions></trkpt>
  <trkpt lat="52.5004090" lon="13.3125891"><ele>41.9</ele><time>2025-09-21T10:12:40Z</time><extensions><gpxtpx:TrackPointExtension><gpxtpx:hr>149</gpxtpx:hr></gpxtpx:TrackPointExtension></extensions></trkpt>
  <trkpt lat="52.5004196" lon="13.3127877"><ele>41.9</ele><time>2025-09-21T10:12:45Z</time><extensions><gpxtpx:TrackPointExtension><gpxtpx:hr>148</gpxtpx:hr></gpxtpx:TrackPointExtension></extensions></trkpt>
  <trkpt lat="52.5004111" lon="13.3129966"><ele>41.9</ele><time>2025-09-21T10:12:50Z</time><extensions><gpxtpx:TrackPointExtension><gpxtpx:hr>148</gpxtpx:hr></gpxtpx:TrackPointExtension></extensions></trkpt>
  <trkpt lat="52.5004323" lon="13.3132195"><ele>41.9</ele><time>2025-09-21T10:12:55Z</time><extensions><gpxtpx:TrackPointExtension><gpxtpx:hr>147</gpxtpx:hr></gpxtpx:TrackPointExtension></extensions></trkpt>
  <trkpt lat="52.5004976" lon="13.3133774"><ele>41.9</ele><time>2025-09-21T10:13:00Z</time><extensions><gpxtpx:TrackPointExtension><gpxtpx:hr>147</gpxtpx:hr></gpxtpx:TrackPointExtension></extensions></trkpt>
  <trkpt lat="52.5005199" lon="13.3135856"><ele>41.9</ele><time>2025-09-21T10:13:05Z</time><extensions><gpxtpx:TrackPointExtension><gpxtpx:hr>147</gpxtpx:hr></gpxtpx:TrackPointExtension></extensions></trkpt>
  <trkpt lat="52.5005565" lon="13.3138215"><ele>41.9</ele><time>2025-09-21T10:13:10Z</time><extensions><gpxtpx:TrackPointExtension><gpxtpx:hr>146</gpxtpx:hr></gpxtpx:TrackPointExtension></extensions></trkpt>
  <trkpt lat="52.5005911" lon="13.3140336"><ele>41.9</ele><time>2025-09-21T10:13:15Z</time><extensions><gpxtpx:TrackPointExtension><gpxtpx:hr>146</gpxtpx:hr></gpxtpx:TrackPointExtension></extensions></trkpt>
  <trkpt lat="52.5006326" lon="13.3142398"><ele>41.9</ele><time>2025-09-21T10:13:20Z</time><extensions><gpxtpx:TrackPointExtension><gpxtpx:hr>146</gpxtpx:hr></gpxtpx:TrackPointExtension></extensions></trkpt>
  <trkpt lat="52.5006527" lon="13.3144609"><ele>41.9</ele><time>2025-09-21T10:13:25Z</time><extensions><gpxtpx:TrackPointExtension><gpxtpx:hr>147</gpxtpx:hr></gpxtpx:TrackPointExtension></extensions></trkpt>
  <trkpt lat="52.5006903" lon="13.3146806"><ele>41.9</ele><time>2025-09-21T10:13:30Z</time><extensions><gpxtpx:TrackPointExtension><gpxtpx:hr>147</gpxtpx:hr></gpxtpx:TrackPointExtension></extensions></trkpt>
  <trkpt lat="52.5007300" lon="13.3148978"><ele>41.9</ele><time>2025-09-21T10:13:35Z</time><extensions><gpxtpx:TrackPointExtension><gpxtpx:hr>147</gpxtpx:hr></gpxtpx:TrackPointExtension></extensions></trkpt>
  <trkpt lat="52.5007598" lon="13.3151177"><ele>41.9</ele><time>2025-09-21T10:13:40Z</time><extensions><gpxtpx:TrackPointExtension><gpxtpx:hr>148</gpxtpx:hr></gpxtpx:TrackPointExtension></extensions></trkpt>
  <trkpt lat="52.5007941" lon="13.3153372"><ele>41.9</ele><time>2025-09-21T10:13:45Z</time><extensions><gpxtpx:TrackPointExtension><gpxtpx:hr>147</gpxtpx:hr></gpxtpx:TrackPointExtension></extensions></trkpt>
  <trkpt lat="52.5008355" lon="13.3155493"><ele>41.9</ele><time>2025-09-21T10:13:50Z</time><extensions><gpxtpx:TrackPointExtension><gpxtpx:hr>148</gpxtpx:hr></gpxtpx:TrackPointExtension></extensions></trkpt>
  <trkpt lat="52.5008723" lon="13.3157760"><ele>41.9</ele><time>2025-09-21T10:13:55Z</time><extensions><gpxtpx:TrackPointExtension><gpxtpx:hr>148</gpxtpx:hr></gpxtpx:TrackPointExtension></extensions></trkpt>
  <trkpt lat="52.5008970" lon="13.3160057"><ele>41.9</ele><time>2025-09-21T10:14:00Z</time><extensions><gpxtpx:TrackPointExtension><gpxtpx:hr>148</gpxtpx:hr></gpxtpx:TrackPointExtension></extensions></trkpt>
  <trkpt lat="52.5009306" lon="13.3162055"><ele>41.9</ele><time>2025-09-21T10:14:05Z</time><extensions><gpxtpx:TrackPointExtension><gpxtpx:hr>149</gpxtpx:hr></gpxtpx:TrackPointExtension></extensions></trkpt>
  <trkpt lat="52.5009633" lon="13.3164201"><ele>41.9</ele><time>2025-09-21T10:14:10Z</time><extensions><gpxtpx:TrackPointExtension><gpxtpx:hr>148</gpxtpx:hr></gpxtpx:TrackPointExtension></extensions></trkpt>
  <trkpt lat="52.5009988" lon="13.3166418"><ele>41.9</ele><time>2025-09-21T10:14:15Z</time><extensions><gpxtpx:TrackPointExtension><gpxtpx:hr>148</gpxtpx:hr></gpxtpx:TrackPointExtension></extensions></trkpt>
  <trkpt lat="52.5010370" lon="13.3168660"><ele>41.9</ele><time>2025-09-21T10:14:20Z</time><extensions><gpxtpx:TrackPointExtension><gpxtpx:hr>148</gpxtpx:hr></gpxtpx:TrackPointExtension></extensions></trkpt>
  <trkpt lat="52.5010722" lon="13.3170813"><ele>41.9</ele><time>2025-09-21T10:14:25Z</time><extensions><gpxtpx:TrackPointExtension><gpxtpx:hr>148</gpxtpx:hr></gpxtpx:TrackPointExtension></extensions></trkpt>
  <trkpt lat="52.5011051" lon="13.3173082"><ele>41.9</ele><time>2025-09-21T10:14:30Z</time><extensions><gpxtpx:TrackPointExtension><gpxtpx:hr>147</gpxtpx:hr></gpxtpx:TrackPointExtension></extensions></trkpt>
  <trkpt lat="52.5011405" lon="13.3175170"><ele>41.9</ele><time>2025-09-21T10:14:35Z</time><extensions><gpxtpx:TrackPointExtension><gpxtpx:hr>148</gpxtpx:hr></gpxtpx:TrackPointExtension></extensions></trkpt>
  <trkpt lat="52.5011739" lon="13.3177466"><ele>41.9</ele><time>2025-09-21T10:14:40Z</time><extensions><gpxtpx:TrackPointExtension><gpxtpx:hr>148</gpxtpx:hr></gpxtpx:TrackPointExtension></extensions></trkpt>
  <trkpt lat="52.5012053" lon="13.3179528"><ele>41.9</ele><time>2025-09-21T10:14:45Z</time><extensions><gpxtpx:TrackPointExtension><gpxtpx:hr>149</gpxtpx:hr></gpxtpx:TrackPointExtension></extensions></trkpt>
  <trkpt lat="52.5012352" lon="13.3181745"><ele>41.9</ele><time>2025-09-21T10:14:50Z</time><extensions><gpxtpx:TrackPointExtension><gpxtpx:hr>149</gpxtpx:hr></gpxtpx:TrackPointExtension></extensions></trkpt>
  <trkpt lat="52.5012668" lon="13.3183929"><ele>41.9</ele><time>2025-09-21T10:14:55Z</time><extensions><gpxtpx:TrackPointExtension><gpxtpx:hr>150</gpxtpx:hr></gpxtpx:TrackPointExtension></extensions></trkpt>
  <trkpt lat="52.5013076" lon="13.3186204"><ele>41.9</ele><time>2025-09-21T10:15:00Z</time><extensions><gpxtpx:TrackPointExtension><gpxtpx:hr>150</gpxtpx:hr></gpxtpx:TrackPointExtension></extensions></trkpt>
  <trkpt lat="52.5013411" lon="13.3188364"><ele>41.9</ele><time>2025-09-21T10:15:05Z</time><extensions><gpxtpx:TrackPointExtension><gpxtpx:hr>150</gpxtpx:hr></gpxtpx:TrackPointExtension></extensions></trkpt>
  <trkpt lat="52.5013824" lon="13.3190549"><ele>41.9</ele><time>2025-09-21T10:15:10Z</time><extensions><gpxtpx:TrackPointExtension><gpxtpx:hr>150</gpxtpx:hr></gpxtpx:TrackPointExtension></extensions></trkpt>
  <trkpt lat="52.5014054" lon="13.3192728"><ele>41.9</ele><time>2025-09-21T10:15:15Z</time><extensions><gpxtpx:TrackPointExtension><gpxtpx:hr>150</gpxtpx:hr></gpxtpx:TrackPointExtension></extensions></trkpt>
  <trkpt lat="52.5014393" lon="13.3194912"><ele>41.9</ele><time>2025-09-21T10:15:20Z</time><extensions><gpxtpx:TrackPointExtension><gpxtpx:hr>150</gpxtpx:hr></gpxtpx:TrackPointExtension></extensions></trkpt>
  <trkpt lat="52.5014670" lon="13.3196995"><ele>42.0</ele><time>2025-09-21T10:15:25Z</time><extensions><gpxtpx:TrackPointExtension><gpxtpx:hr>149</gpxtpx:hr></gpxtpx:TrackPointExtension></extensions></trkpt>
  <trkpt lat="52.5015024" lon="13.3199194"><ele>42.0</ele><time>2025-09-21T10:15:30Z</time><extensions><gpxtpx:TrackPointExtension><gpxtpx:hr>149</gpxtpx:hr></gpxtpx:TrackPointExtension></extensions></trkpt>
  <trkpt lat="52.5015456" lon="13.3201437"><ele>42.0</ele><time>2025-09-21T10:15:35Z</time><extensions><gpxtpx:TrackPointExtension><gpxtpx:hr>149</gpxtpx:hr></gpxtpx:TrackPointExtension></extensions></trkpt>
  <trkpt lat="52.5015802" lon="13.3203592"><ele>42.0</ele><time>2025-09-21T10:15:40Z</time><extensions><gpxtpx:TrackPointExtension><gpxtpx:hr>149</gpxtpx:hr></gpxtpx:TrackPointExtension></extensions></trkpt>
  <trkpt lat="52.5016106" lon="13.3205824"><ele>42.0</ele><time>2025-09-21T10:15:45Z</time><extensions><gpxtpx:TrackPointExtension><gpxtpx:hr>149</gpxtpx:hr></gpxtpx:TrackPointExtension></extensions></trkpt>
  <trkpt lat="52.5016463" lon="13.3208064"><ele>42.0</ele><time>2025-09-21T10:15:50Z</time><extensions><gpxtpx:TrackPointExtension><gpxtpx:hr>148</gpxtpx:hr></gpxtpx:TrackPointExtension></extensions></trkpt>
  <trkpt lat="52.5016788" lon="13.3210226"><ele>42.0</ele><time>2025-09-21T10:15:55Z</time><extensions><gpxtpx:TrackPointExtension><gpxtpx:hr>148</gpxtpx:hr></gpxtpx:TrackPointExtension></extensions></trkpt>
  <trkpt lat="52.5017212" lon="13.3212389"><ele>42.0</ele><time>2025-09-21T10:16:00Z</time><extensions><gpxtpx:TrackPointExtension><gpxtpx:hr>148</gpxtpx:hr></gpxtpx:TrackPointExtension></extensions></trkpt>
  <trkpt lat="52.5017434" lon="13.3214528"><ele>42.0</ele><time>2025-09-21T10:16:05Z</time><extensions><gpxtpx:TrackPointExtension><gpxtpx:hr>148</gpxtpx:hr></gpxtpx:TrackPointExtension></extensions></trkpt>
  <trkpt lat="52.5017806" lon="13.3216666"><ele>42.0</ele><time>2025-09-21T10:16:10Z</time><extensions><gpxtpx:TrackPointExtension><gpxtpx:hr>149</gpxtpx:hr></gpxtpx:TrackPointExtension></extensions></trkpt>
  <trkpt lat="52.5018093" lon="13.3218949"><ele>42.0</ele><time>2025-09-21T10:16:15Z</time><extensions><gpxtpx:TrackPointExtension><gpxtpx:hr>149</gpxtpx:hr></gpxtpx:TrackPointExtension></extensions></trkpt>
  <trkpt lat="52.5018469" lon="13.3221127"><ele>42.0</ele><time>2025-09-21T10:16:20Z</time><extensions><gpxtpx:TrackPointExtension><gpxtpx:hr>149</gpxtpx:hr></gpxtpx:TrackPointExtension></extensions></trkpt>
  <trkpt lat="52.5018756" lon="13.3223349"><ele>42.0</ele><time>2025-09-21T10:16:25Z</time><extensions><gpxtpx:TrackPointExtension><gpxtpx:hr>150</gpxtpx:hr></gpxtpx:TrackPointExtension></extensions></trkpt>
  <trkpt lat="52.5019150" lon="13.3225316"><ele>42.0</ele><time>2025-09-21T10:16:30Z</time><extensions><gpxtpx:TrackPointExtension><gpxtpx:hr>150</gpxtpx:hr></gpxtpx:TrackPointExtension></extensions></trkpt>
  <trkpt lat="52.5019346" lon="13.3227207"><ele>42.0</ele><time>2025-09-21T10:16:35Z</time><extensions><gpxtpx:TrackPointExtension><gpxtpx:hr>151</gpxtpx:hr></gpxtpx:TrackPointExtension></extensions></trkpt>
  <trkpt lat="52.5019614" lon="13.3228938"><ele>42.0</ele><time>2025-09-21T10:16:40Z</time><extensions><gpxtpx:TrackPointExtension><gpxtpx:hr>150</gpxtpx:hr></gpxtpx:TrackPointExtension></extensions></trkpt>
  <trkpt lat="52.5019973" lon="13.3230732"><ele>42.0</ele><time>2025-09-21T10:16:45Z</time><extensions><gpxtpx:TrackPointExtension><gpxtpx:hr>150</gpxtpx:hr></gpxtpx:TrackPointExtension></extensions></trkpt>
  <trkpt lat="52.5020232" lon="13.3232484"><ele>42.0</ele><time>2025-09-21T10:16:50Z</time><extensions><gpxtpx:TrackPointExtension><gpxtpx:hr>149</gpxtpx:hr></gpxtpx:TrackPointExtension></extensions></trkpt>
  <trkpt lat="52.5020488" lon="13.3234100"><ele>42.0</ele><time>2025-09-21T10:16:55Z</time><extensions><gpxtpx:TrackPointExtension><gpxtpx:hr>150</gpxtpx:hr></gpxtpx:TrackPointExtension></extensions></trkpt>
  <trkpt lat="52.5020804" lon="13.3235979"><ele>42.0</ele><time>2025-09-21T10:17:00Z</time><extensions><gpxtpx:TrackPointExtension><gpxtpx:hr>149</gpxtpx:hr></gpxtpx:TrackPointExtension></extensions></trkpt>
  <trkpt lat="52.5021058" lon="13.3237675"><ele>42.0</ele><time>2025-09-21T10:17:05Z</time><extensions><gpxtpx:TrackPointExtension><gpxtpx:hr>150</gpxtpx:hr></gpxtpx:TrackPointExtension></extensions></trkpt>
  <trkpt lat="52.5021297" lon="13.3239382"><ele>42.0</ele><time>2025-09-21T10:17:10Z</time><extensions><gpxtpx:TrackPointExtension><gpxtpx:hr>149</gpxtpx:hr></gpxtpx:TrackPointExtension></extensions></trkpt>
  <trkpt lat="52.5021639" lon="13.3241094"><ele>42.0</ele><time>2025-09-21T10:17:15Z</time><extensions><gpxtpx:TrackPointExtension><gpxtpx:hr>150</gpxtpx:hr></gpxtpx:TrackPointExtension></extensions></trkpt>
  <trkpt lat="52.5021858" lon="13.3242785"><ele>42.0</ele><time>2025-09-21T10:17:20Z</time><extensions><gpxtpx:TrackPointExtension><gpxtpx:hr>149</gpxtpx:hr></gpxtpx:TrackPointExtension></extensions></trkpt>
  <trkpt lat="52.5022149" lon="13.3244632"><ele>42.0</ele><time>2025-09-21T10:17:25Z</time><extensions><gpxtpx:TrackPointExtension><gpxtpx:hr>148</gpxtpx:hr></gpxtpx:TrackPointExtension></extensions></trkpt>
  <trkpt lat="52.5022409" lon="13.3246358"><ele>42.0</ele><time>2025-09-21T10:17:30Z</time><extensions><gpxtpx:TrackPointExtension><gpxtpx:hr>148</gpxtpx:hr></gpxtpx:TrackPointExtension></extensions></trkpt>
  <trkpt lat="52.5022728" lon="13.3248066"><ele>42.0</ele><time>2025-09-21T10:17:35Z</time><extensions><gpxtpx:TrackPointExtension><gpxtpx:hr>147</gpxtpx:hr></gpxtpx:TrackPointExtension></extensions></trkpt>
  <trkpt lat="52.5022996" lon="13.3249819"><ele>42.0</ele><time>2025-09-21T10:17:40Z</time><extensions><gpxtpx:TrackPointExtension><gpxtpx:hr>146</gpxtpx:hr></gpxtpx:TrackPointExtension></extensions></trkpt>
  <trkpt lat="52.5022906" lon="13.3251594"><ele>42.0</ele><time>2025-09-21T10:17:45Z</time><extensions><gpxtpx:TrackPointExtension><gpxtpx:hr>146</gpxtpx:hr></gpxtpx:TrackPointExtension></extensions></trkpt>
  <trkpt lat="52.5023270" lon="13.3253280"><ele>42.0</ele><time>2025-09-21T10:17:50Z</time><extensions><gpxtpx:TrackPointExtension><gpxtpx:hr>146</gpxtpx:hr></gpxtpx:TrackPointExtension></extensions></trkpt>
  <trkpt lat="52.5023628" lon="13.3254935"><ele>42.0</ele><time>2025-09-21T10:17:55Z</time><extensions><gpxtpx:TrackPointExtension><gpxtpx:hr>146</gpxtpx:hr></gpxtpx:TrackPointExtension></extensions></trkpt>
  <trkpt lat="52.5024077" lon="13.3256631"><ele>42.0</ele><time>2025-09-21T10:18:00Z</time><extensions><gpxtpx:TrackPointExtension><gpxtpx:hr>147</gpxtpx:hr></gpxtpx:TrackPointExtension></extensions></trkpt>
  <trkpt lat="52.5024346" lon="13.3258409"><ele>42.0</ele><time>2025-09-21T10:18:05Z</time><extensions><gpxtpx:TrackPointExtension><gpxtpx:hr>147</gpxtpx:hr></gpxtpx:TrackPointExtension></extensions></trkpt>
  <trkpt lat="52.5024829" lon="13.3260053"><ele>42.0</ele><time>2025-09-21T10:18:10Z</time><extensions><gpxtpx:TrackPointExtension><gpxtpx:hr>147</gpxtpx:hr></gpxtpx:TrackPointExtension></extensions></trkpt>
  <trkpt lat="52.5025136" lon="13.3261763"><ele>42.0</ele><time>2025-09-21T10:18:15Z</time><extensions><gpxtpx:TrackPointExtension><gpxtpx:hr>147</gpxtpx:hr></gpxtpx:TrackPointExtension></extensions></trkpt>
  <trkpt lat="52.5025469" lon="13.3263434"><ele>42.0</ele><time>2025-09-21T10:18:20Z</time><extensions><gpxtpx:TrackPointExtension><gpxtpx:hr>146</gpxtpx:hr></gpxtpx:TrackPointExtension></extensions></trkpt>
  <trkpt lat="52.5025942" lon="13.3265088"><ele>42.0</ele><time>2025-09-21T10:18:25Z</time><extensions><gpxtpx:TrackPointExtension><gpxtpx:hr>145</gpxtpx:hr></gpxtpx:TrackPointExtension></extensions></trkpt>
  <trkpt lat="52.5026304" lon="13.3266774"><ele>42.0</ele><time>2025-09-21T10:18:30Z</time><extensions><gpxtpx:TrackPointExtension><gpxtpx:hr>146</gpxtpx:hr></gpxtpx:TrackPointExtension></extensions></trkpt>
  <trkpt lat="52.5026684" lon="13.3268463"><ele>42.0</ele><time>2025-09-21T10:18:35Z</time><extensions><gpxtpx:TrackPointExtension><gpxtpx:hr>146</gpxtpx:hr></gpxtpx:TrackPointExtension></extensions></trkpt>
  <trkpt lat="52.5027144" lon="13.3270623"><ele>42.0</ele><time>2025-09-21T10:18:40Z</time><extensions><gpxtpx:TrackPointExtension><gpxtpx:hr>146</gpxtpx:hr></gpxtpx:TrackPointExtension></extensions></trkpt>
  <trkpt lat="52.5027525" lon="13.3272653"><ele>42.0</ele><time>2025-09-21T10:18:45Z</time><extensions><gpxtpx:TrackPointExtension><gpxtpx:hr>147</gpxtpx:hr></gpxtpx:TrackPointExtension></extensions></trkpt>
  <trkpt lat="52.5027995" lon="13.3274787"><ele>42.0</ele><time>2025-09-21T10:18:50Z</time><extensions><gpxtpx:TrackPointExtension><gpxtpx:hr>147</gpxtpx:hr></gpxtpx:TrackPointExtension></extensions></trkpt>
  <trkpt lat="52.5028469" lon="13.3276991"><ele>42.0</ele><time>2025-09-21T10:18:55Z</time><extensions><gpxtpx:TrackPointExtension><gpxtpx:hr>148</gpxtpx:hr></gpxtpx:TrackPointExtension></extensions></trkpt>
  <trkpt lat="52.5028942" lon="13.3279021"><ele>42.0</ele><time>2025-09-21T10:19:00Z</time><extensions><gpxtpx:TrackPointExtension><gpxtpx:hr>149</gpxtpx:hr></gpxtpx:TrackPointExtension></extensions></trkpt>
  <trkpt lat="52.5029385" lon="13.3281304"><ele>42.0</ele><time>2025-09-21T10:19:05Z</time><extensions><gpxtpx:TrackPointExtension><gpxtpx:hr>150</gpxtpx:hr></gpxtpx:TrackPointExtension></extensions></trkpt>
  <trkpt lat="52.5029920" lon="13.3283401"><ele>42.0</ele><time>2025-09-21T10:19:10Z</time><extensions><gpxtpx:TrackPointExtension><gpxtpx:hr>149</gpxtpx:hr></gpxtpx:TrackPointExtension></extensions></trkpt>
  <trkpt lat="52.5030406" lon="13.3285438"><ele>42.0</ele><time>2025-09-21T10:19:15Z</time><extensions><gpxtpx:TrackPointExtension><gpxtpx:hr>149</gpxtpx:hr></gpxtpx:TrackPointExtension></extensions></trkpt>
  <trkpt lat="52.5030838" lon="13.3287564"><ele>42.0</ele><time>2025-09-21T10:19:20Z</time><extensions><gpxtpx:TrackPointExtension><gpxtpx:hr>149</gpxtpx:hr></gpxtpx:TrackPointExtension></extensions></trkpt>
  <trkpt lat="52.5031307" lon="13.3289557"><ele>42.0</ele><time>2025-09-21T10:19:25Z</time><extensions><gpxtpx:TrackPointExtension><gpxtpx:hr>149</gpxtpx:hr></gpxtpx:TrackPointExtension></extensions></trkpt>
  <trkpt lat="52.5031714" lon="13.3291829"><ele>42.0</ele><time>2025-09-21T10:19:30Z</time><extensions><gpxtpx:TrackPointExtension><gpxtpx:hr>149</gpxtpx:hr></gpxtpx:TrackPointExtension></extensions></trkpt>
  <trkpt lat="52.5032258" lon="13.3293985"><ele>42.0</ele><time>2025-09-21T10:19:35Z</time><extensions><gpxtpx:TrackPointExtension><gpxtpx:hr>150</gpxtpx:hr></gpxtpx:TrackPointExtension></extensions></trkpt>
  <trkpt lat="52.5032777" lon="13.3295943"><ele>42.0</ele><time>2025-09-21T10:19:40Z</time><extensions><gpxtpx:TrackPointExtension><gpxtpx:hr>150</gpxtpx:hr></gpxtpx:TrackPointExtension></extensions></trkpt>
  <trkpt lat="52.5033154" lon="13.3298230"><ele>42.0</ele><time>2025-09-21T10:19:45Z</time><extensions><gpxtpx:TrackPointExtension><gpxtpx:hr>150</gpxtpx:hr></gpxtpx:TrackPointExtension></extensions></trkpt>
  <trkpt lat="52.5033588" lon="13.3300419"><ele>42.0</ele><time>2025-09-21T10:19:50Z</time><extensions><gpxtpx:TrackPointExtension><gpxtpx:hr>150</gpxtpx:hr></gpxtpx:TrackPointExtension></extensions></trkpt>
  <trkpt lat="52.5034062" lon="13.3302345"><ele>42.0</ele><time>2025-09-21T10:19:55Z</time><extensions><gpxtpx:TrackPointExtension><gpxtpx:hr>150</gpxtpx:hr></gpxtpx:TrackPointExtension></extensions></trkpt>
  <trkpt lat="52.5034571" lon="13.3304518"><ele>42.0</ele><time>2025-09-21T10:20:00Z</time><extensions><gpxtpx:TrackPointExtension><gpxtpx:hr>149</gpxtpx:hr></gpxtpx:TrackPointExtension></extensions></trkpt>
  <trkpt lat="52.5035008" lon="13.3306630"><ele>42.0</ele><time>2025-09-21T10:20:05Z</time><extensions><gpxtpx:TrackPointExtension><gpxtpx:hr>149</gpxtpx:hr></gpxtpx:TrackPointExtension></extensions></trkpt>
  <trkpt lat="52.5035426" lon="13.3308839"><ele>42.0</ele><time>2025-09-21T10:20:10Z</time><extensions><gpxtpx:TrackPointExtension><gpxtpx:hr>150</gpxtpx:hr></gpxtpx:TrackPointExtension></extensions></trkpt>
  <trkpt lat="52.5035473" lon="13.3310821"><ele>42.0</ele><time>2025-09-21T10:20:15Z</time><extensions><gpxtpx:TrackPointExtension><gpxtpx:hr>150</gpxtpx:hr></gpxtpx:TrackPointExtension></extensions></trkpt>
  <trkpt lat="52.5036022" lon="13.3312800"><ele>42.0</ele><time>2025-09-21T10:20:20Z</time><extensions><gpxtpx:TrackPointExtension><gpxtpx:hr>150</gpxtpx:hr></gpxtpx:TrackPointExtension></extensions></trkpt>
  <trkpt lat="52.5036589" lon="13.3314960"><ele>42.0</ele><time>2025-09-21T10:20:25Z</time><extensions><gpxtpx:TrackPointExtension><gpxtpx:hr>151</gpxtpx:hr></gpxtpx:TrackPointExtension></extensions></trkpt>
  <trkpt lat="52.5037220" lon="13.3316675"><ele>42.0</ele><time>2025-09-21T10:20:30Z</time><extensions><gpxtpx:TrackPointExtension><gpxtpx:hr>152</gpxtpx:hr></gpxtpx:TrackPointExtension></extensions></trkpt>
  <trkpt lat="52.5037737" lon="13.3318892"><ele>42.0</ele><time>2025-09-21T10:20:35Z</time><extensions><gpxtpx:TrackPointExtension><gpxtpx:hr>152</gpxtpx:hr></gpxtpx:TrackPointExtension></extensions></trkpt>
  <trkpt lat="52.5038101" lon="13.3321016"><ele>42.0</ele><time>2025-09-21T10:20:40Z</time><extensions><gpxtpx:TrackPointExtension><gpxtpx:hr>151</gpxtpx:hr></gpxtpx:TrackPointExtension></extensions></trkpt>
  <trkpt lat="52.5038635" lon="13.3323075"><ele>42.0</ele><time>2025-09-21T10:20:45Z</time><extensions><gpxtpx:TrackPointExtension><gpxtpx:hr>150</gpxtpx:hr></gpxtpx:TrackPointExtension></extensions></trkpt>
  <trkpt lat="52.5038984" lon="13.3325305"><ele>42.0</ele><time>2025-09-21T10:20:50Z</time><extensions><gpxtpx:TrackPointExtension><gpxtpx:hr>151</gpxtpx:hr></gpxtpx:TrackPointExtension></extensions></trkpt>
  <trkpt lat="52.5039532" lon="13.3327417"><ele>42.0</ele><time>2025-09-21T10:20:55Z</time><extensions><gpxtpx:TrackPointExtension><gpxtpx:hr>151</gpxtpx:hr></gpxtpx:TrackPointExtension></extensions></trkpt>
  <trkpt lat="52.5039956" lon="13.3329473"><ele>42.0</ele><time>2025-09-21T10:21:00Z</time><extensions><gpxtpx:TrackPointExtension><gpxtpx:hr>151</gpxtpx:hr></gpxtpx:TrackPointExtension></extensions></trkpt>
  <trkpt lat="52.5040454" lon="13.3331595"><ele>42.0</ele><time>2025-09-21T10:21:05Z</time><extensions><gpxtpx:TrackPointExtension><gpxtpx:hr>151</gpxtpx:hr></gpxtpx:TrackPointExtension></extensions></trkpt>
  <trkpt lat="52.5040823" lon="13.3333727"><ele>42.0</ele><time>2025-09-21T10:21:10Z</time><extensions><gpxtpx:TrackPointExtension><gpxtpx:hr>150</gpxtpx:hr></gpxtpx:TrackPointExtension></extensions></trkpt>
  <trkpt lat="52.5041338" lon="13.3335996"><ele>42.0</ele><time>2025-09-21T10:21:15Z</time><extensions><gpxtpx:TrackPointExtension><gpxtpx:hr>150</gpxtpx:hr></gpxtpx:TrackPointExtension></extensions></trkpt>
  <trkpt lat="52.5041774" lon="13.3338003"><ele>42.0</ele><time>2025-09-21T10:21:20Z</time><extensions><gpxtpx:TrackPointExtension><gpxtpx:hr>150</gpxtpx:hr></gpxtpx:TrackPointExtension></extensions></trkpt>
  <trkpt lat="52.5042318" lon="13.3340111"><ele>42.0</ele><time>2025-09-21T10:21:25Z</time><extensions><gpxtpx:TrackPointExtension><gpxtpx:hr>150</gpxtpx:hr></gpxtpx:TrackPointExtension></extensions></trkpt>
  <trkpt lat="52.5042969" lon="13.3341089"><ele>42.0</ele><time>2025-09-21T10:21:30Z</time><extensions><gpxtpx:TrackPointExtension><gpxtpx:hr>151</gpxtpx:hr></gpxtpx:TrackPointExtension></extensions></trkpt>
  <trkpt lat="52.5044341" lon="13.3340326"><ele>42.0</ele><time>2025-09-21T10:21:35Z</time><extensions><gpxtpx:TrackPointExtension><gpxtpx:hr>151</gpxtpx:hr></gpxtpx:TrackPointExtension></extensions></trkpt>
  <trkpt lat="52.5044800" lon="13.3342076"><ele>42.0</ele><time>2025-09-21T10:21:40Z</time><extensions><gpxtpx:TrackPointExtension><gpxtpx:hr>152</gpxtpx:hr></gpxtpx:TrackPointExtension></extensions></trkpt>
  <trkpt lat="52.5045069" lon="13.3344197"><ele>42.0</ele><time>2025-09-21T10:21:45Z</time><extensions><gpxtpx:TrackPointExtension><gpxtpx:hr>152</gpxtpx:hr></gpxtpx:TrackPointExtension></extensions></trkpt>
  <trkpt lat="52.5045127" lon="13.3346609"><ele>42.0</ele><time>2025-09-21T10:21:50Z</time><extensions><gpxtpx:TrackPointExtension><gpxtpx:hr>152</gpxtpx:hr></gpxtpx:TrackPointExtension></extensions></trkpt>
  <trkpt lat="52.5045104" lon="13.3348779"><ele>42.0</ele><time>2025-09-21T10:21:55Z</time><extensions><gpxtpx:TrackPointExtension><gpxtpx:hr>152</gpxtpx:hr></gpxtpx:TrackPointExtension></extensions></trkpt>
  <trkpt lat="52.5045123" lon="13.3350991"><ele>42.0</ele><time>2025-09-21T10:22:00Z</time><extensions><gpxtpx:TrackPointExtension><gpxtpx:hr>151</gpxtpx:hr></gpxtpx:TrackPointExtension></extensions></trkpt>
  <trkpt lat="52.5045087" lon="13.3353345"><ele>42.0</ele><time>2025-09-21T10:22:05Z</time><extensions><gpxtpx:TrackPointExtension><gpxtpx:hr>151</gpxtpx:hr></gpxtpx:TrackPointExtension></extensions></trkpt>
  <trkpt lat="52.5045628" lon="13.3354505"><ele>42.0</ele><time>2025-09-21T10:22:10Z</time><extensions><gpxtpx:TrackPointExtension><gpxtpx:hr>151</gpxtpx:hr></gpxtpx:TrackPointExtension></extensions></trkpt>
  <trkpt lat="52.5045574" lon="13.3356536"><ele>42.0</ele><time>2025-09-21T10:22:15Z</time><extensions><gpxtpx:TrackPointExtension><gpxtpx:hr>150</gpxtpx:hr></gpxtpx:TrackPointExtension></extensions></trkpt>
  <trkpt lat="52.5045264" lon="13.3358890"><ele>42.0</ele><time>2025-09-21T10:22:20Z</time><extensions><gpxtpx:TrackPointExtension><gpxtpx:hr>151</gpxtpx:hr></gpxtpx:TrackPointExtension></extensions></trkpt>
  <trkpt lat="52.5045116" lon="13.3361116"><ele>42.0</ele><time>2025-09-21T10:22:25Z</time><extensions><gpxtpx:TrackPointExtension><gpxtpx:hr>151</gpxtpx:hr></gpxtpx:TrackPointExtension></extensions></trkpt>
  <trkpt lat="52.5044701" lon="13.3363256"><ele>42.0</ele><time>2025-09-21T10:22:30Z</time><extensions><gpxtpx:TrackPointExtension><gpxtpx:hr>151</gpxtpx:hr></gpxtpx:TrackPointExtension></extensions></trkpt>
  <trkpt lat="52.5044153" lon="13.3365219"><ele>42.0</ele><time>2025-09-21T10:22:35Z</time><extensions><gpxtpx:TrackPointExtension><gpxtpx:hr>151</gpxtpx:hr></gpxtpx:TrackPointExtension></extensions></trkpt>
  <trkpt lat="52.5043382" lon="13.3367196"><ele>42.0</ele><time>2025-09-21T10:22:40Z</time><extensions><gpxtpx:TrackPointExtension><gpxtpx:hr>151</gpxtpx:hr></gpxtpx:TrackPointExtension></extensions></trkpt>
  <trkpt lat="52.5042680" lon="13.3369050"><ele>42.0</ele><time>2025-09-21T10:22:45Z</time><extensions><gpxtpx:TrackPointExtension><gpxtpx:hr>151</gpxtpx:hr></gpxtpx:TrackPointExtension></extensions></trkpt>
  <trkpt lat="52.5041933" lon="13.3371010"><ele>42.0</ele><time>2025-09-21T10:22:50Z</time><extensions><gpxtpx:TrackPointExtension><gpxtpx:hr>151</gpxtpx:hr></gpxtpx:TrackPointExtension></extensions></trkpt>
  <trkpt lat="52.5041134" lon="13.3372828"><ele>42.0</ele><time>2025-09-21T10:22:55Z</time><extensions><gpxtpx:TrackPointExtension><gpxtpx:hr>151</gpxtpx:hr></gpxtpx:TrackPointExtension></extensions></trkpt>
  <trkpt lat="52.5040471" lon="13.3374851"><ele>42.0</ele><time>2025-09-21T10:23:00Z</time><extensions><gpxtpx:TrackPointExtension><gpxtpx:hr>152</gpxtpx:hr></gpxtpx:TrackPointExtension></extensions></trkpt>
  <trkpt lat="52.5039708" lon="13.3376683"><ele>42.0</ele><time>2025-09-21T10:23:05Z</time><extensions><gpxtpx:TrackPointExtension><gpxtpx:hr>152</gpxtpx:hr></gpxtpx:TrackPointExtension></extensions></trkpt>
  <trkpt lat="52.5038996" lon="13.3378643"><ele>42.0</ele><time>2025-09-21T10:23:10Z</time><extensions><gpxtpx:TrackPointExtension><gpxtpx:hr>151</gpxtpx:hr></gpxtpx:TrackPointExtension></extensions></trkpt>
  <trkpt lat="52.5038294" lon="13.3380567"><ele>42.0</ele><time>2025-09-21T10:23:15Z</time><extensions><gpxtpx:TrackPointExtension><gpxtpx:hr>151</gpxtpx:hr></gpxtpx:TrackPointExtension></extensions></trkpt>
  <trkpt lat="52.5037556" lon="13.3382441"><ele>42.0</ele><time>2025-09-21T10:23:20Z</time><extensions><gpxtpx:TrackPointExtension><gpxtpx:hr>150</gpxtpx:hr></gpxtpx:TrackPointExtension></extensions></trkpt>
  <trkpt lat="52.5036801" lon="13.3384288"><ele>42.0</ele><time>2025-09-21T10:23:25Z</time><extensions><gpxtpx:TrackPointExtension><gpxtpx:hr>149</gpxtpx:hr></gpxtpx:TrackPointExtension></extensions></trkpt>
  <trkpt lat="52.5036025" lon="13.3386182"><ele>42.0</ele><time>2025-09-21T10:23:30Z</time><extensions><gpxtpx:TrackPointExtension><gpxtpx:hr>148</gpxtpx:hr></gpxtpx:TrackPointExtension></extensions></trkpt>
  <trkpt lat="52.5035296" lon="13.3388039"><ele>42.0</ele><time>2025-09-21T10:23:35Z</time><extensions><gpxtpx:TrackPointExtension><gpxtpx:hr>147</gpxtpx:hr></gpxtpx:TrackPointExtension></extensions></trkpt>
  <trkpt lat="52.5034550" lon="13.3389974"><ele>42.0</ele><time>2025-09-21T10:23:40Z</time><extensions><gpxtpx:TrackPointExtension><gpxtpx:hr>147</gpxtpx:hr></gpxtpx:TrackPointExtension></extensions></trkpt>
  <trkpt lat="52.5033793" lon="13.3391907"><ele>42.0</ele><time>2025-09-21T10:23:45Z</time><extensions><gpxtpx:TrackPointExtension><gpxtpx:hr>148</gpxtpx:hr></gpxtpx:TrackPointExtension></extensions></trkpt>
  <trkpt lat="52.5033172" lon="13.3393955"><ele>42.0</ele><time>2025-09-21T10:23:50Z</time><extensions><gpxtpx:TrackPointExtension><gpxtpx:hr>148</gpxtpx:hr></gpxtpx:TrackPointExtension></extensions></trkpt>
  <trkpt lat="52.5032486" lon="13.3395760"><ele>42.0</ele><time>2025-09-21T10:23:55Z</time><extensions><gpxtpx:TrackPointExtension><gpxtpx:hr>149</gpxtpx:hr></gpxtpx:TrackPointExtension></extensions></trkpt>
  <trkpt lat="52.5031718" lon="13.3397695"><ele>42.0</ele><time>2025-09-21T10:24:00Z</time><extensions><gpxtpx:TrackPointExtension><gpxtpx:hr>148</gpxtpx:hr></gpxtpx:TrackPointExtension></extensions></trkpt>
  <trkpt lat="52.5031000" lon="13.3399618"><ele>42.0</ele><time>2025-09-21T10:24:05Z</time><extensions><gpxtpx:TrackPointExtension><gpxtpx:hr>149</gpxtpx:hr></gpxtpx:TrackPointExtension></extensions></trkpt>
  <trkpt lat="52.5030299" lon="13.3401499"><ele>42.0</ele><time>2025-09-21T10:24:10Z</time><extensions><gpxtpx:TrackPointExtension><gpxtpx:hr>148</gpxtpx:hr></gpxtpx:TrackPointExtension></extensions></trkpt>
  <trkpt lat="52.5029035" lon="13.3401755"><ele>42.0</ele><time>2025-09-21T10:24:15Z</time><extensions><gpxtpx:TrackPointExtension><gpxtpx:hr>148</gpxtpx:hr></gpxtpx:TrackPointExtension></extensions></trkpt>
  <trkpt lat="52.5027752" lon="13.3401960"><ele>42.0</ele><time>2025-09-21T10:24:20Z</time><extensions><gpxtpx:TrackPointExtension><gpxtpx:hr>148</gpxtpx:hr></gpxtpx:TrackPointExtension></extensions></trkpt>
  <trkpt lat="52.5027021" lon="13.3403783"><ele>42.0</ele><time>2025-09-21T10:24:25Z</time><extensions><gpxtpx:TrackPointExtension><gpxtpx:hr>148</gpxtpx:hr></gpxtpx:TrackPointExtension></extensions></trkpt>
  <trkpt lat="52.5026193" lon="13.3405682"><ele>42.0</ele><time>2025-09-21T10:24:30Z</time><extensions><gpxtpx:TrackPointExtension><gpxtpx:hr>149</gpxtpx:hr></gpxtpx:TrackPointExtension></extensions></trkpt>
  <trkpt lat="52.5025490" lon="13.3407608"><ele>42.0</ele><time>2025-09-21T10:24:35Z</time><extensions><gpxtpx:TrackPointExtension><gpxtpx:hr>148</gpxtpx:hr></gpxtpx:TrackPointExtension></extensions></trkpt>
  <trkpt lat="52.5024625" lon="13.3409560"><ele>42.0</ele><time>2025-09-21T10:24:40Z</time><extensions><gpxtpx:TrackPointExtension><gpxtpx:hr>148</gpxtpx:hr></gpxtpx:TrackPointExtension></extensions></trkpt>
  <trkpt lat="52.5023973" lon="13.3411455"><ele>42.0</ele><time>2025-09-21T10:24:45Z</time><extensions><gpxtpx:TrackPointExtension><gpxtpx:hr>148</gpxtpx:hr></gpxtpx:TrackPointExtension></extensions></trkpt>
  <trkpt lat="52.5023218" lon="13.3413397"><ele>42.0</ele><time>2025-09-21T10:24:50Z</time><extensions><gpxtpx:TrackPointExtension><gpxtpx:hr>147</gpxtpx:hr></gpxtpx:TrackPointExtension></extensions></trkpt>
  <trkpt lat="52.5022563" lon="13.3415136"><ele>42.0</ele><time>2025-09-21T10:24:55Z</time><extensions><gpxtpx:TrackPointExtension><gpxtpx:hr>147</gpxtpx:hr></gpxtpx:TrackPointExtension></extensions></trkpt>
  <trkpt lat="52.5022108" lon="13.3416819"><ele>42.0</ele><time>2025-09-21T10:25:00Z</time><extensions><gpxtpx:TrackPointExtension><gpxtpx:hr>148</gpxtpx:hr></gpxtpx:TrackPointExtension></extensions></trkpt>
  <trkpt lat="52.5021379" lon="13.3418918"><ele>42.0</ele><time>2025-09-21T10:25:05Z</time><extensions><gpxtpx:TrackPointExtension><gpxtpx:hr>148</gpxtpx:hr></gpxtpx:TrackPointExtension></extensions></trkpt>
  <trkpt lat="52.5020738" lon="13.3420984"><ele>42.0</ele><time>2025-09-21T10:25:10Z</time><extensions><gpxtpx:TrackPointExtension><gpxtpx:hr>148</gpxtpx:hr></gpxtpx:TrackPointExtension></extensions></trkpt>
  <trkpt lat="52.5019912" lon="13.3422756"><ele>41.9</ele><time>2025-09-21T10:25:15Z</time><extensions><gpxtpx:TrackPointExtension><gpxtpx:hr>148</gpxtpx:hr></gpxtpx:TrackPointExtension></extensions></trkpt>
  <trkpt lat="52.5019363" lon="13.3424610"><ele>41.9</ele><time>2025-09-21T10:25:20Z</time><extensions><gpxtpx:TrackPointExtension><gpxtpx:hr>149</gpxtpx:hr></gpxtpx:TrackPointExtension></extensions></trkpt>
  <trkpt lat="52.5018804" lon="13.3426762"><ele>41.9</ele><time>2025-09-21T10:25:25Z</time><extensions><gpxtpx:TrackPointExtension><gpxtpx:hr>149</gpxtpx:hr></gpxtpx:TrackPointExtension></extensions></trkpt>
  <trkpt lat="52.5018599" lon="13.3428971"><ele>41.9</ele><time>2025-09-21T10:25:30Z</time><extensions><gpxtpx:TrackPointExtension><gpxtpx:hr>149</gpxtpx:hr></gpxtpx:TrackPointExtension></extensions></trkpt>
  <trkpt lat="52.5018865" lon="13.3430592"><ele>41.9</ele><time>2025-09-21T10:25:35Z</time><extensions><gpxtpx:TrackPointExtension><gpxtpx:hr>148</gpxtpx:hr></gpxtpx:TrackPointExtension></extensions></trkpt>
  <trkpt lat="52.5018907" lon="13.3431282"><ele>41.9</ele><time>2025-09-21T10:25:40Z</time><extensions><gpxtpx:TrackPointExtension><gpxtpx:hr>148</gpxtpx:hr></gpxtpx:TrackPointExtension></extensions></trkpt>
  <trkpt lat="52.5018709" lon="13.3432954"><ele>41.9</ele><time>2025-09-21T10:25:45Z</time><extensions><gpxtpx:TrackPointExtension><gpxtpx:hr>149</gpxtpx:hr></gpxtpx:TrackPointExtension></extensions></trkpt>
  <trkpt lat="52.5018197" lon="13.3434985"><ele>41.9</ele><time>2025-09-21T10:25:50Z</time><extensions><gpxtpx:TrackPointExtension><gpxtpx:hr>149</gpxtpx:hr></gpxtpx:TrackPointExtension></extensions></trkpt>
  <trkpt lat="52.5017581" lon="13.3436482"><ele>41.9</ele><time>2025-09-21T10:25:55Z</time><extensions><gpxtpx:TrackPointExtension><gpxtpx:hr>149</gpxtpx:hr></gpxtpx:TrackPointExtension></extensions></trkpt>
  <trkpt lat="52.5016309" lon="13.3435769"><ele>41.9</ele><time>2025-09-21T10:26:00Z</time><extensions><gpxtpx:TrackPointExtension><gpxtpx:hr>148</gpxtpx:hr></gpxtpx:TrackPointExtension></extensions></trkpt>
  <trkpt lat="52.5014961" lon="13.3434949"><ele>41.9</ele><time>2025-09-21T10:26:05Z</time><extensions><gpxtpx:TrackPointExtension><gpxtpx:hr>149</gpxtpx:hr></gpxtpx:TrackPointExtension></extensions></trkpt>
  <trkpt lat="52.5014403" lon="13.3436037"><ele>41.9</ele><time>2025-09-21T10:26:10Z</time><extensions><gpxtpx:TrackPointExtension><gpxtpx:hr>149</gpxtpx:hr></gpxtpx:TrackPointExtension></extensions></trkpt>
  <trkpt lat="52.5014184" lon="13.3438302"><ele>41.9</ele><time>2025-09-21T10:26:15Z</time><extensions><gpxtpx:TrackPointExtension><gpxtpx:hr>149</gpxtpx:hr></gpxtpx:TrackPointExtension></extensions></trkpt>
  <trkpt lat="52.5013959" lon="13.3440492"><ele>41.9</ele><time>2025-09-21T10:26:20Z</time><extensions><gpxtpx:TrackPointExtension><gpxtpx:hr>149</gpxtpx:hr></gpxtpx:TrackPointExtension></extensions></trkpt>
  <trkpt lat="52.5013481" lon="13.3442735"><ele>41.9</ele><time>2025-09-21T10:26:25Z</time><extensions><gpxtpx:TrackPointExtension><gpxtpx:hr>150</gpxtpx:hr></gpxtpx:TrackPointExtension></extensions></trkpt>
  <trkpt lat="52.5013088" lon="13.3444772"><ele>41.9</ele><time>2025-09-21T10:26:30Z</time><extensions><gpxtpx:TrackPointExtension><gpxtpx:hr>150</gpxtpx:hr></gpxtpx:TrackPointExtension></extensions></trkpt>
  <trkpt lat="52.5012624" lon="13.3446926"><ele>41.9</ele><time>2025-09-21T10:26:35Z</time><extensions><gpxtpx:TrackPointExtension><gpxtpx:hr>151</gpxtpx:hr></gpxtpx:TrackPointExtension></extensions></trkpt>
  <trkpt lat="52.5012161" lon="13.3449097"><ele>41.9</ele><time>2025-09-21T10:26:40Z</time><extensions><gpxtpx:TrackPointExtension><gpxtpx:hr>151</gpxtpx:hr></gpxtpx:TrackPointExtension></extensions></trkpt>
  <trkpt lat="52.5011706" lon="13.3451240"><ele>41.9</ele><time>2025-09-21T10:26:45Z</time><extensions><gpxtpx:TrackPointExtension><gpxtpx:hr>152</gpxtpx:hr></gpxtpx:TrackPointExtension></extensions></trkpt>
  <trkpt lat="52.5011235" lon="13.3453185"><ele>41.9</ele><time>2025-09-21T10:26:50Z</time><extensions><gpxtpx:TrackPointExtension><gpxtpx:hr>150</gpxtpx:hr></gpxtpx:TrackPointExtension></extensions></trkpt>
  <trkpt lat="52.5010781" lon="13.3455620"><ele>41.9</ele><time>2025-09-21T10:26:55Z</time><extensions><gpxtpx:TrackPointExtension><gpxtpx:hr>150</gpxtpx:hr></gpxtpx:TrackPointExtension></extensions></trkpt>
  <trkpt lat="52.5010352" lon="13.3457660"><ele>41.9</ele><time>2025-09-21T10:27:00Z</time><extensions><gpxtpx:TrackPointExtension><gpxtpx:hr>150</gpxtpx:hr></gpxtpx:TrackPointExtension></extensions></trkpt>
  <trkpt lat="52.5009885" lon="13.3459742"><ele>41.9</ele><time>2025-09-21T10:27:05Z</time><extensions><gpxtpx:TrackPointExtension><gpxtpx:hr>149</gpxtpx:hr></gpxtpx:TrackPointExtension></extensions></trkpt>
  <trkpt lat="52.5009509" lon="13.3461837"><ele>41.9</ele><time>2025-09-21T10:27:10Z</time><extensions><gpxtpx:TrackPointExtension><gpxtpx:hr>150</gpxtpx:hr></gpxtpx:TrackPointExtension></extensions></trkpt>
  <trkpt lat="52.5008948" lon="13.3463934"><ele>41.8</ele><time>2025-09-21T10:27:15Z</time><extensions><gpxtpx:TrackPointExtension><gpxtpx:hr>150</gpxtpx:hr></gpxtpx:TrackPointExtension></extensions></trkpt>
  <trkpt lat="52.5008518" lon="13.3466178"><ele>41.8</ele><time>2025-09-21T10:27:20Z</time><extensions><gpxtpx:TrackPointExtension><gpxtpx:hr>150</gpxtpx:hr></gpxtpx:TrackPointExtension></extensions></trkpt>
  <trkpt lat="52.5008049" lon="13.3468207"><ele>41.8</ele><time>2025-09-21T10:27:25Z</time><extensions><gpxtpx:TrackPointExtension><gpxtpx:hr>151</gpxtpx:hr></gpxtpx:TrackPointExtension></extensions></trkpt>
  <trkpt lat="52.5007573" lon="13.3470317"><ele>41.8</ele><time>2025-09-21T10:27:30Z</time><extensions><gpxtpx:TrackPointExtension><gpxtpx:hr>151</gpxtpx:hr></gpxtpx:TrackPointExtension></extensions></trkpt>
  <trkpt lat="52.5007190" lon="13.3472527"><ele>41.8</ele><time>2025-09-21T10:27:35Z</time><extensions><gpxtpx:TrackPointExtension><gpxtpx:hr>152</gpxtpx:hr></gpxtpx:TrackPointExtension></extensions></trkpt>
  <trkpt lat="52.5006790" lon="13.3474687"><ele>41.8</ele><time>2025-09-21T10:27:40Z</time><extensions><gpxtpx:TrackPointExtension><gpxtpx:hr>151</gpxtpx:hr></gpxtpx:TrackPointExtension></extensions></trkpt>
  <trkpt lat="52.5006373" lon="13.3476708"><ele>41.8</ele><time>2025-09-21T10:27:45Z</time><extensions><gpxtpx:TrackPointExtension><gpxtpx:hr>150</gpxtpx:hr></gpxtpx:TrackPointExtension></extensions></trkpt>
  <trkpt lat="52.5005893" lon="13.3478814"><ele>41.8</ele><time>2025-09-21T10:27:50Z</time><extensions><gpxtpx:TrackPointExtension><gpxtpx:hr>150</gpxtpx:hr></gpxtpx:TrackPointExtension></extensions></trkpt>
  <trkpt lat="52.5005530" lon="13.3480997"><ele>41.8</ele><time>2025-09-21T10:27:55Z</time><extensions><gpxtpx:TrackPointExtension><gpxtpx:hr>150</gpxtpx:hr></gpxtpx:TrackPointExtension></extensions></trkpt>
  <trkpt lat="52.5005090" lon="13.3483200"><ele>41.8</ele><time>2025-09-21T10:28:00Z</time><extensions><gpxtpx:TrackPointExtension><gpxtpx:hr>150</gpxtpx:hr></gpxtpx:TrackPointExtension></extensions></trkpt>
  <trkpt lat="52.5004642" lon="13.3485252"><ele>41.8</ele><time>2025-09-21T10:28:05Z</time><extensions><gpxtpx:TrackPointExtension><gpxtpx:hr>150</gpxtpx:hr></gpxtpx:TrackPointExtension></extensions></trkpt>
  <trkpt lat="52.5004168" lon="13.3487492"><ele>41.8</ele><time>2025-09-21T10:28:10Z</time><extensions><gpxtpx:TrackPointExtension><gpxtpx:hr>150</gpxtpx:hr></gpxtpx:TrackPointExtension></extensions></trkpt>
  <trkpt lat="52.5003816" lon="13.3489561"><ele>41.8</ele><time>2025-09-21T10:28:15Z</time><extensions><gpxtpx:TrackPointExtension><gpxtpx:hr>151</gpxtpx:hr></gpxtpx:TrackPointExtension></extensions></trkpt>
  <trkpt lat="52.5003251" lon="13.3491737"><ele>41.8</ele><time>2025-09-21T10:28:20Z</time><extensions><gpxtpx:TrackPointExtension><gpxtpx:hr>150</gpxtpx:hr></gpxtpx:TrackPointExtension></extensions></trkpt>
  <trkpt lat="52.5002846" lon="13.3493860"><ele>41.8</ele><time>2025-09-21T10:28:25Z</time><extensions><gpxtpx:TrackPointExtension><gpxtpx:hr>151</gpxtpx:hr></gpxtpx:TrackPointExtension></extensions></trkpt>
  <trkpt lat="52.5002380" lon="13.3495976"><ele>41.8</ele><time>2025-09-21T10:28:30Z</time><extensions><gpxtpx:TrackPointExtension><gpxtpx:hr>150</gpxtpx:hr></gpxtpx:TrackPointExtension></extensions></trkpt>
  <trkpt lat="52.5001948" lon="13.3498088"><ele>41.8</ele><time>2025-09-21T10:28:35Z</time><extensions><gpxtpx:TrackPointExtension><gpxtpx:hr>150</gpxtpx:hr></gpxtpx:TrackPointExtension></extensions></trkpt>
  <trkpt lat="52.5001590" lon="13.3500189"><ele>41.8</ele><time>2025-09-21T10:28:40Z</time><extensions><gpxtpx:TrackPointExtension><gpxtpx:hr>151</gpxtpx:hr></gpxtpx:TrackPointExtension></extensions></trkpt>
  <trkpt lat="52.5000969" lon="13.3502317"><ele>41.8</ele><time>2025-09-21T10:28:45Z</time><extensions><gpxtpx:TrackPointExtension><gpxtpx:hr>152</gpxtpx:hr></gpxtpx:TrackPointExtension></extensions></trkpt>
  <trkpt lat="52.5000571" lon="13.3504503"><ele>41.7</ele><time>2025-09-21T10:28:50Z</time><extensions><gpxtpx:TrackPointExtension><gpxtpx:hr>151</gpxtpx:hr></gpxtpx:TrackPointExtension></extensions></trkpt>
  <trkpt lat="52.5000137" lon="13.3506661"><ele>41.7</ele><time>2025-09-21T10:28:55Z</time><extensions><gpxtpx:TrackPointExtension><gpxtpx:hr>151</gpxtpx:hr></gpxtpx:TrackPointExtension></extensions></trkpt>
  <trkpt lat="52.4999739" lon="13.3508721"><ele>41.7</ele><time>2025-09-21T10:29:00Z</time><extensions><gpxtpx:TrackPointExtension><gpxtpx:hr>151</gpxtpx:hr></gpxtpx:TrackPointExtension></extensions></trkpt>
  <trkpt lat="52.4999198" lon="13.3510878"><ele>41.7</ele><time>2025-09-21T10:29:05Z</time><extensions><gpxtpx:TrackPointExtension><gpxtpx:hr>151</gpxtpx:hr></gpxtpx:TrackPointExtension></extensions></trkpt>
  <trkpt lat="52.4998658" lon="13.3513053"><ele>41.7</ele><time>2025-09-21T10:29:10Z</time><extensions><gpxtpx:TrackPointExtension><gpxtpx:hr>150</gpxtpx:hr></gpxtpx:TrackPointExtension></extensions></trkpt>
  <trkpt lat="52.4998161" lon="13.3515099"><ele>41.7</ele><time>2025-09-21T10:29:15Z</time><extensions><gpxtpx:TrackPointExtension><gpxtpx:hr>149</gpxtpx:hr></gpxtpx:TrackPointExtension></extensions></trkpt>
  <trkpt lat="52.4997472" lon="13.3517107"><ele>41.7</ele><time>2025-09-21T10:29:20Z</time><extensions><gpxtpx:TrackPointExtension><gpxtpx:hr>149</gpxtpx:hr></gpxtpx:TrackPointExtension></extensions></trkpt>
  <trkpt lat="52.4996806" lon="13.3519016"><ele>41.7</ele><time>2025-09-21T10:29:25Z</time><extensions><gpxtpx:TrackPointExtension><gpxtpx:hr>149</gpxtpx:hr></gpxtpx:TrackPointExtension></extensions></trkpt>
  <trkpt lat="52.4996214" lon="13.3520964"><ele>41.7</ele><time>2025-09-21T10:29:30Z</time><extensions><gpxtpx:TrackPointExtension><gpxtpx:hr>149</gpxtpx:hr></gpxtpx:TrackPointExtension></extensions></trkpt>
  <trkpt lat="52.4995495" lon="13.3522859"><ele>41.7</ele><time>2025-09-21T10:29:35Z</time><extensions><gpxtpx:TrackPointExtension><gpxtpx:hr>148</gpxtpx:hr></gpxtpx:TrackPointExtension></extensions></trkpt>
  <trkpt lat="52.4994845" lon="13.3524893"><ele>41.7</ele><time>2025-09-21T10:29:40Z</time><extensions><gpxtpx:TrackPointExtension><gpxtpx:hr>148</gpxtpx:hr></gpxtpx:TrackPointExtension></extensions></trkpt>
  <trkpt lat="52.4994188" lon="13.3526887"><ele>41.7</ele><time>2025-09-21T10:29:45Z</time><extensions><gpxtpx:TrackPointExtension><gpxtpx:hr>149</gpxtpx:hr></gpxtpx:TrackPointExtension></extensions></trkpt>
  <trkpt lat="52.4993536" lon="13.3528701"><ele>41.7</ele><time>2025-09-21T10:29:50Z</time><extensions><gpxtpx:TrackPointExtension><gpxtpx:hr>148</gpxtpx:hr></gpxtpx:TrackPointExtension></extensions></trkpt>
  <trkpt lat="52.4992829" lon="13.3530780"><ele>41.7</ele><time>2025-09-21T10:29:55Z</time><extensions><gpxtpx:TrackPointExtension><gpxtpx:hr>148</gpxtpx:hr></gpxtpx:TrackPointExtension></extensions></trkpt>
  <trkpt lat="52.4992328" lon="13.3532904"><ele>41.7</ele><time>2025-09-21T10:30:00Z</time><extensions><gpxtpx:TrackPointExtension><gpxtpx:hr>149</gpxtpx:hr></gpxtpx:TrackPointExtension></extensions></trkpt>
  <trkpt lat="52.4991928" lon="13.3535009"><ele>41.6</ele><time>2025-09-21T10:30:05Z</time><extensions><gpxtpx:TrackPointExtension><gpxtpx:hr>150</gpxtpx:hr></gpxtpx:TrackPointExtension></extensions></trkpt>
  <trkpt lat="52.4991477" lon="13.3537298"><ele>41.6</ele><time>2025-09-21T10:30:10Z</time><extensions><gpxtpx:TrackPointExtension><gpxtpx:hr>149</gpxtpx:hr></gpxtpx:TrackPointExtension></extensions></trkpt>
  <trkpt lat="52.4991047" lon="13.3539328"><ele>41.6</ele><time>2025-09-21T10:30:15Z</time><extensions><gpxtpx:TrackPointExtension><gpxtpx:hr>150</gpxtpx:hr></gpxtpx:TrackPointExtension></extensions></trkpt>
  <trkpt lat="52.4990945" lon="13.3541488"><ele>41.6</ele><time>2025-09-21T10:30:20Z</time><extensions><gpxtpx:TrackPointExtension><gpxtpx:hr>149</gpxtpx:hr></gpxtpx:TrackPointExtension></extensions></trkpt>
  <trkpt lat="52.4990832" lon="13.3543689"><ele>41.6</ele><time>2025-09-21T10:30:25Z</time><extensions><gpxtpx:TrackPointExtension><gpxtpx:hr>150</gpxtpx:hr></gpxtpx:TrackPointExtension></extensions></trkpt>
  <trkpt lat="52.4991053" lon="13.3545996"><ele>41.6</ele><time>2025-09-21T10:30:30Z</time><extensions><gpxtpx:TrackPointExtension><gpxtpx:hr>151</gpxtpx:hr></gpxtpx:TrackPointExtension></extensions></trkpt>
  <trkpt lat="52.4990844" lon="13.3548104"><ele>41.6</ele><time>2025-09-21T10:30:35Z</time><extensions><gpxtpx:TrackPointExtension><gpxtpx:hr>151</gpxtpx:hr></gpxtpx:TrackPointExtension></extensions></trkpt>
  <trkpt lat="52.4990662" lon="13.3550353"><ele>41.6</ele><time>2025-09-21T10:30:40Z</time><extensions><gpxtpx:TrackPointExtension><gpxtpx:hr>152</gpxtpx:hr></gpxtpx:TrackPointExtension></extensions></trkpt>
  <trkpt lat="52.4990247" lon="13.3552528"><ele>41.6</ele><time>2025-09-21T10:30:45Z</time><extensions><gpxtpx:TrackPointExtension><gpxtpx:hr>151</gpxtpx:hr></gpxtpx:TrackPointExtension></extensions></trkpt>
  <trkpt lat="52.4989889" lon="13.3554668"><ele>41.6</ele><time>2025-09-21T10:30:50Z</time><extensions><gpxtpx:TrackPointExtension><gpxtpx:hr>151</gpxtpx:hr></gpxtpx:TrackPointExtension></extensions></trkpt>
  <trkpt lat="52.4989464" lon="13.3556946"><ele>41.6</ele><time>2025-09-21T10:30:55Z</time><extensions><gpxtpx:TrackPointExtension><gpxtpx:hr>151</gpxtpx:hr></gpxtpx:TrackPointExtension></extensions></trkpt>
  <trkpt lat="52.4988983" lon="13.3558993"><ele>41.6</ele><time>2025-09-21T10:31:00Z</time><extensions><gpxtpx:TrackPointExtension><gpxtpx:hr>150</gpxtpx:hr></gpxtpx:TrackPointExtension></extensions></trkpt>
  <trkpt lat="52.4988513" lon="13.3561027"><ele>41.6</ele><time>2025-09-21T10:31:05Z</time><extensions><gpxtpx:TrackPointExtension><gpxtpx:hr>149</gpxtpx:hr></gpxtpx:TrackPointExtension></extensions></trkpt>
  <trkpt lat="52.4988035" lon="13.3563132"><ele>41.5</ele><time>2025-09-21T10:31:10Z</time><extensions><gpxtpx:TrackPointExtension><gpxtpx:hr>149</gpxtpx:hr></gpxtpx:TrackPointExtension></extensions></trkpt>
  <trkpt lat="52.4987558" lon="13.3565359"><ele>41.5</ele><time>2025-09-21T10:31:15Z</time><extensions><gpxtpx:TrackPointExtension><gpxtpx:hr>149</gpxtpx:hr></gpxtpx:TrackPointExtension></extensions></trkpt>
  <trkpt lat="52.4987213" lon="13.3567513"><ele>41.5</ele><time>2025-09-21T10:31:20Z</time><extensions><gpxtpx:TrackPointExtension><gpxtpx:hr>148</gpxtpx:hr></gpxtpx:TrackPointExtension></extensions></trkpt>
  <trkpt lat="52.4986712" lon="13.3569719"><ele>41.5</ele><time>2025-09-21T10:31:25Z</time><extensions><gpxtpx:TrackPointExtension><gpxtpx:hr>148</gpxtpx:hr></gpxtpx:TrackPointExtension></extensions></trkpt>
  <trkpt lat="52.4987156" lon="13.3571153"><ele>41.5</ele><time>2025-09-21T10:31:30Z</time><extensions><gpxtpx:TrackPointExtension><gpxtpx:hr>148</gpxtpx:hr></gpxtpx:TrackPointExtension></extensions></trkpt>
  <trkpt lat="52.4988313" lon="13.3571931"><ele>41.5</ele><time>2025-09-21T10:31:35Z</time><extensions><gpxtpx:TrackPointExtension><gpxtpx:hr>148</gpxtpx:hr></gpxtpx:TrackPointExtension></extensions></trkpt>
  <trkpt lat="52.4987860" lon="13.3573935"><ele>41.5</ele><time>2025-09-21T10:31:40Z</time><extensions><gpxtpx:TrackPointExtension><gpxtpx:hr>149</gpxtpx:hr></gpxtpx:TrackPointExtension></extensions></trkpt>
  <trkpt lat="52.4987355" lon="13.3576222"><ele>41.5</ele><time>2025-09-21T10:31:45Z</time><extensions><gpxtpx:TrackPointExtension><gpxtpx:hr>148</gpxtpx:hr></gpxtpx:TrackPointExtension></extensions></trkpt>
  <trkpt lat="52.4986966" lon="13.3578192"><ele>41.5</ele><time>2025-09-21T10:31:50Z</time><extensions><gpxtpx:TrackPointExtension><gpxtpx:hr>149</gpxtpx:hr></gpxtpx:TrackPointExtension></extensions></trkpt>
  <trkpt lat="52.4986516" lon="13.3580533"><ele>41.5</ele><time>2025-09-21T10:31:55Z</time><extensions><gpxtpx:TrackPointExtension><gpxtpx:hr>149</gpxtpx:hr></gpxtpx:TrackPointExtension></extensions></trkpt>
  <trkpt lat="52.4986132" lon="13.3582599"><ele>41.5</ele><time>2025-09-21T10:32:00Z</time><extensions><gpxtpx:TrackPointExtension><gpxtpx:hr>150</gpxtpx:hr></gpxtpx:TrackPointExtension></extensions></trkpt>
  <trkpt lat="52.4985543" lon="13.3584724"><ele>41.5</ele><time>2025-09-21T10:32:05Z</time><extensions><gpxtpx:TrackPointExtension><gpxtpx:hr>150</gpxtpx:hr></gpxtpx:TrackPointExtension></extensions></trkpt>
  <trkpt lat="52.4985112" lon="13.3586822"><ele>41.4</ele><time>2025-09-21T10:32:10Z</time><extensions><gpxtpx:TrackPointExtension><gpxtpx:hr>149</gpxtpx:hr></gpxtpx:TrackPointExtension></extensions></trkpt>
  <trkpt lat="52.4984698" lon="13.3589025"><ele>41.4</ele><time>2025-09-21T10:32:15Z</time><extensions><gpxtpx:TrackPointExtension><gpxtpx:hr>149</gpxtpx:hr></gpxtpx:TrackPointExtension></extensions></trkpt>
  <trkpt lat="52.4984328" lon="13.3591137"><ele>41.4</ele><time>2025-09-21T10:32:20Z</time><extensions><gpxtpx:TrackPointExtension><gpxtpx:hr>150</gpxtpx:hr></gpxtpx:TrackPointExtension></extensions></trkpt>
  <trkpt lat="52.4983827" lon="13.3593207"><ele>41.4</ele><time>2025-09-21T10:32:25Z</time><extensions><gpxtpx:TrackPointExtension><gpxtpx:hr>149</gpxtpx:hr></gpxtpx:TrackPointExtension></extensions></trkpt>
  <trkpt lat="52.4984744" lon="13.3594084"><ele>41.4</ele><time>2025-09-21T10:32:30Z</time><extensions><gpxtpx:TrackPointExtension><gpxtpx:hr>149</gpxtpx:hr></gpxtpx:TrackPointExtension></extensions></trkpt>
  <trkpt lat="52.4985399" lon="13.3595383"><ele>41.4</ele><time>2025-09-21T10:32:35Z</time><extensions><gpxtpx:TrackPointExtension><gpxtpx:hr>150</gpxtpx:hr></gpxtpx:TrackPointExtension></extensions></trkpt>
  <trkpt lat="52.4985010" lon="13.3597432"><ele>41.4</ele><time>2025-09-21T10:32:40Z</time><extensions><gpxtpx:TrackPointExtension><gpxtpx:hr>149</gpxtpx:hr></gpxtpx:TrackPointExtension></extensions></trkpt>
  <trkpt lat="52.4984576" lon="13.3599511"><ele>41.4</ele><time>2025-09-21T10:32:45Z</time><extensions><gpxtpx:TrackPointExtension><gpxtpx:hr>149</gpxtpx:hr></gpxtpx:TrackPointExtension></extensions></trkpt>
  <trkpt lat="52.4984135" lon="13.3601706"><ele>41.4</ele><time>2025-09-21T10:32:50Z</time><extensions><gpxtpx:TrackPointExtension><gpxtpx:hr>148</gpxtpx:hr></gpxtpx:TrackPointExtension></extensions></trkpt>
  <trkpt lat="52.4983583" lon="13.3603817"><ele>41.4</ele><time>2025-09-21T10:32:55Z</time><extensions><gpxtpx:TrackPointExtension><gpxtpx:hr>148</gpxtpx:hr></gpxtpx:TrackPointExtension></extensions></trkpt>
  <trkpt lat="52.4983226" lon="13.3606032"><ele>41.4</ele><time>2025-09-21T10:33:00Z</time><extensions><gpxtpx:TrackPointExtension><gpxtpx:hr>148</gpxtpx:hr></gpxtpx:TrackPointExtension></extensions></trkpt>
  <trkpt lat="52.4982711" lon="13.3608045"><ele>41.3</ele><time>2025-09-21T10:33:05Z</time><extensions><gpxtpx:TrackPointExtension><gpxtpx:hr>149</gpxtpx:hr></gpxtpx:TrackPointExtension></extensions></trkpt>
  <trkpt lat="52.4982319" lon="13.3610177"><ele>41.3</ele><time>2025-09-21T10:33:10Z</time><extensions><gpxtpx:TrackPointExtension><gpxtpx:hr>149</gpxtpx:hr></gpxtpx:TrackPointExtension></extensions></trkpt>
  <trkpt lat="52.4981801" lon="13.3612289"><ele>41.3</ele><time>2025-09-21T10:33:15Z</time><extensions><gpxtpx:TrackPointExtension><gpxtpx:hr>150</gpxtpx:hr></gpxtpx:TrackPointExtension></extensions></trkpt>
  <trkpt lat="52.4981404" lon="13.3614502"><ele>41.3</ele><time>2025-09-21T10:33:20Z</time><extensions><gpxtpx:TrackPointExtension><gpxtpx:hr>150</gpxtpx:hr></gpxtpx:TrackPointExtension></extensions></trkpt>
  <trkpt lat="52.4981005" lon="13.3616619"><ele>41.3</ele><time>2025-09-21T10:33:25Z</time><extensions><gpxtpx:TrackPointExtension><gpxtpx:hr>150</gpxtpx:hr></gpxtpx:TrackPointExtension></extensions></trkpt>
  <trkpt lat="52.4980706" lon="13.3618807"><ele>41.3</ele><time>2025-09-21T10:33:30Z</time><extensions><gpxtpx:TrackPointExtension><gpxtpx:hr>151</gpxtpx:hr></gpxtpx:TrackPointExtension></extensions></trkpt>
  <trkpt lat="52.4981859" lon="13.3619559"><ele>41.3</ele><time>2025-09-21T10:33:35Z</time><extensions><gpxtpx:TrackPointExtension><gpxtpx:hr>151</gpxtpx:hr></gpxtpx:TrackPointExtension></extensions></trkpt>
  <trkpt lat="52.4983232" lon="13.3620140"><ele>41.3</ele><time>2025-09-21T10:33:40Z</time><extensions><gpxtpx:TrackPointExtension><gpxtpx:hr>152</gpxtpx:hr></gpxtpx:TrackPointExtension></extensions></trkpt>
  <trkpt lat="52.4984483" lon="13.3620725"><ele>41.3</ele><time>2025-09-21T10:33:45Z</time><extensions><gpxtpx:TrackPointExtension><gpxtpx:hr>152</gpxtpx:hr></gpxtpx:TrackPointExtension></extensions></trkpt>
  <trkpt lat="52.4985955" lon="13.3621303"><ele>41.3</ele><time>2025-09-21T10:33:50Z</time><extensions><gpxtpx:TrackPointExtension><gpxtpx:hr>153</gpxtpx:hr></gpxtpx:TrackPointExtension></extensions></trkpt>
  <trkpt lat="52.4987155" lon="13.3621826"><ele>41.2</ele><time>2025-09-21T10:33:55Z</time><extensions><gpxtpx:TrackPointExtension><gpxtpx:hr>153</gpxtpx:hr></gpxtpx:TrackPointExtension></extensions></trkpt>
  <trkpt lat="52.4988524" lon="13.3622503"><ele>41.2</ele><time>2025-09-21T10:34:00Z</time><extensions><gpxtpx:TrackPointExtension><gpxtpx:hr>152</gpxtpx:hr></gpxtpx:TrackPointExtension></extensions></trkpt>
  <trkpt lat="52.4989848" lon="13.3622953"><ele>41.2</ele><time>2025-09-21T10:34:05Z</time><extensions><gpxtpx:TrackPointExtension><gpxtpx:hr>153</gpxtpx:hr></gpxtpx:TrackPointExtension></extensions></trkpt>
  <trkpt lat="52.4991176" lon="13.3623464"><ele>41.2</ele><time>2025-09-21T10:34:10Z</time><extensions><gpxtpx:TrackPointExtension><gpxtpx:hr>153</gpxtpx:hr></gpxtpx:TrackPointExtension></extensions></trkpt>
  <trkpt lat="52.4992540" lon="13.3624141"><ele>41.2</ele><time>2025-09-21T10:34:15Z</time><extensions><gpxtpx:TrackPointExtension><gpxtpx:hr>152</gpxtpx:hr></gpxtpx:TrackPointExtension></extensions></trkpt>
  <trkpt lat="52.4993828" lon="13.3624647"><ele>41.2</ele><time>2025-09-21T10:34:20Z</time><extensions><gpxtpx:TrackPointExtension><gpxtpx:hr>152</gpxtpx:hr></gpxtpx:TrackPointExtension></extensions></trkpt>
  <trkpt lat="52.4995215" lon="13.3625275"><ele>41.2</ele><time>2025-09-21T10:34:25Z</time><extensions><gpxtpx:TrackPointExtension><gpxtpx:hr>151</gpxtpx:hr></gpxtpx:TrackPointExtension></extensions></trkpt>
  <trkpt lat="52.4996523" lon="13.3625824"><ele>41.2</ele><time>2025-09-21T10:34:30Z</time><extensions><gpxtpx:TrackPointExtension><gpxtpx:hr>152</gpxtpx:hr></gpxtpx:TrackPointExtension></extensions></trkpt>
  <trkpt lat="52.4997941" lon="13.3626355"><ele>41.2</ele><time>2025-09-21T10:34:35Z</time><extensions><gpxtpx:TrackPointExtension><gpxtpx:hr>152</gpxtpx:hr></gpxtpx:TrackPointExtension></extensions></trkpt>
  <trkpt lat="52.4999226" lon="13.3627071"><ele>41.2</ele><time>2025-09-21T10:34:40Z</time><extensions><gpxtpx:TrackPointExtension><gpxtpx:hr>152</gpxtpx:hr></gpxtpx:TrackPointExtension></extensions></trkpt>
  <trkpt lat="52.5000445" lon="13.3627977"><ele>41.1</ele><time>2025-09-21T10:34:45Z</time><extensions><gpxtpx:TrackPointExtension><gpxtpx:hr>152</gpxtpx:hr></gpxtpx:TrackPointExtension></extensions></trkpt>
  <trkpt lat="52.5001670" lon="13.3629071"><ele>41.1</ele><time>2025-09-21T10:34:50Z</time><extensions><gpxtpx:TrackPointExtension><gpxtpx:hr>151</gpxtpx:hr></gpxtpx:TrackPointExtension></extensions></trkpt>
  <trkpt lat="52.5002888" lon="13.3630004"><ele>41.1</ele><time>2025-09-21T10:34:55Z</time><extensions><gpxtpx:TrackPointExtension><gpxtpx:hr>151</gpxtpx:hr></gpxtpx:TrackPointExtension></extensions></trkpt>
  <trkpt lat="52.5004114" lon="13.3631046"><ele>41.1</ele><time>2025-09-21T10:35:00Z</time><extensions><gpxtpx:TrackPointExtension><gpxtpx:hr>151</gpxtpx:hr></gpxtpx:TrackPointExtension></extensions></trkpt>
  <trkpt lat="52.5005401" lon="13.3632119"><ele>41.1</ele><time>2025-09-21T10:35:05Z</time><extensions><gpxtpx:TrackPointExtension><gpxtpx:hr>151</gpxtpx:hr></gpxtpx:TrackPointExtension></extensions></trkpt>
  <trkpt lat="52.5006592" lon="13.3633140"><ele>41.1</ele><time>2025-09-21T10:35:10Z</time><extensions><gpxtpx:TrackPointExtension><gpxtpx:hr>152</gpxtpx:hr></gpxtpx:TrackPointExtension></extensions></trkpt>
  <trkpt lat="52.5007719" lon="13.3634580"><ele>41.1</ele><time>2025-09-21T10:35:15Z</time><extensions><gpxtpx:TrackPointExtension><gpxtpx:hr>152</gpxtpx:hr></gpxtpx:TrackPointExtension></extensions></trkpt>
  <trkpt lat="52.5008908" lon="13.3635458"><ele>41.1</ele><time>2025-09-21T10:35:20Z</time><extensions><gpxtpx:TrackPointExtension><gpxtpx:hr>152</gpxtpx:hr></gpxtpx:TrackPointExtension></extensions></trkpt>
  <trkpt lat="52.5008800" lon="13.3637687"><ele>41.1</ele><time>2025-09-21T10:35:25Z</time><extensions><gpxtpx:TrackPointExtension><gpxtpx:hr>152</gpxtpx:hr></gpxtpx:TrackPointExtension></extensions></trkpt>
  <trkpt lat="52.5008651" lon="13.3639765"><ele>41.0</ele><time>2025-09-21T10:35:30Z</time><extensions><gpxtpx:TrackPointExtension><gpxtpx:hr>152</gpxtpx:hr></gpxtpx:TrackPointExtension></extensions></trkpt>
  <trkpt lat="52.5009982" lon="13.3640736"><ele>41.0</ele><time>2025-09-21T10:35:35Z</time><extensions><gpxtpx:TrackPointExtension><gpxtpx:hr>151</gpxtpx:hr></gpxtpx:TrackPointExtension></extensions></trkpt>
  <trkpt lat="52.5011262" lon="13.3641938"><ele>41.0</ele><time>2025-09-21T10:35:40Z</time><extensions><gpxtpx:TrackPointExtension><gpxtpx:hr>152</gpxtpx:hr></gpxtpx:TrackPointExtension></extensions></trkpt>
  <trkpt lat="52.5012390" lon="13.3642897"><ele>41.0</ele><time>2025-09-21T10:35:45Z</time><extensions><gpxtpx:TrackPointExtension><gpxtpx:hr>152</gpxtpx:hr></gpxtpx:TrackPointExtension></extensions></trkpt>
  <trkpt lat="52.5013571" lon="13.3644000"><ele>41.0</ele><time>2025-09-21T10:35:50Z</time><extensions><gpxtpx:TrackPointExtension><gpxtpx:hr>152</gpxtpx:hr></gpxtpx:TrackPointExtension></extensions></trkpt>
  <trkpt lat="52.5014852" lon="13.3645092"><ele>41.0</ele><time>2025-09-21T10:35:55Z</time><extensions><gpxtpx:TrackPointExtension><gpxtpx:hr>151</gpxtpx:hr></gpxtpx:TrackPointExtension></extensions></trkpt>
  <trkpt lat="52.5016062" lon="13.3646125"><ele>41.0</ele><time>2025-09-21T10:36:00Z</time><extensions><gpxtpx:TrackPointExtension><gpxtpx:hr>152</gpxtpx:hr></gpxtpx:TrackPointExtension></extensions></trkpt>
  <trkpt lat="52.5017238" lon="13.3647225"><ele>41.0</ele><time>2025-09-21T10:36:05Z</time><extensions><gpxtpx:TrackPointExtension><gpxtpx:hr>152</gpxtpx:hr></gpxtpx:TrackPointExtension></extensions></trkpt>
  <trkpt lat="52.5018425" lon="13.3648354"><ele>40.9</ele><time>2025-09-21T10:36:10Z</time><extensions><gpxtpx:TrackPointExtension><gpxtpx:hr>152</gpxtpx:hr></gpxtpx:TrackPointExtension></extensions></trkpt>
  <trkpt lat="52.5019721" lon="13.3649331"><ele>40.9</ele><time>2025-09-21T10:36:15Z</time><extensions><gpxtpx:TrackPointExtension><gpxtpx:hr>151</gpxtpx:hr></gpxtpx:TrackPointExtension></extensions></trkpt>
  <trkpt lat="52.5020882" lon="13.3650359"><ele>40.9</ele><time>2025-09-21T10:36:20Z</time><extensions><gpxtpx:TrackPointExtension><gpxtpx:hr>151</gpxtpx:hr></gpxtpx:TrackPointExtension></extensions></trkpt>
  <trkpt lat="52.5022156" lon="13.3651463"><ele>40.9</ele><time>2025-09-21T10:36:25Z</time><extensions><gpxtpx:TrackPointExtension><gpxtpx:hr>150</gpxtpx:hr></gpxtpx:TrackPointExtension></extensions></trkpt>
  <trkpt lat="52.5023285" lon="13.3652586"><ele>40.9</ele><time>2025-09-21T10:36:30Z</time><extensions><gpxtpx:TrackPointExtension><gpxtpx:hr>150</gpxtpx:hr></gpxtpx:TrackPointExtension></extensions></trkpt>
  <trkpt lat="52.5024511" lon="13.3653537"><ele>40.9</ele><time>2025-09-21T10:36:35Z</time><extensions><gpxtpx:TrackPointExtension><gpxtpx:hr>150</gpxtpx:hr></gpxtpx:TrackPointExtension></extensions></trkpt>
  <trkpt lat="52.5025740" lon="13.3654702"><ele>40.9</ele><time>2025-09-21T10:36:40Z</time><extensions><gpxtpx:TrackPointExtension><gpxtpx:hr>151</gpxtpx:hr></gpxtpx:TrackPointExtension></extensions></trkpt>
  <trkpt lat="52.5026941" lon="13.3655800"><ele>40.9</ele><time>2025-09-21T10:36:45Z</time><extensions><gpxtpx:TrackPointExtension><gpxtpx:hr>151</gpxtpx:hr></gpxtpx:TrackPointExtension></extensions></trkpt>
  <trkpt lat="52.5028101" lon="13.3656878"><ele>40.9</ele><time>2025-09-21T10:36:50Z</time><extensions><gpxtpx:TrackPointExtension><gpxtpx:hr>150</gpxtpx:hr></gpxtpx:TrackPointExtension></extensions></trkpt>
  <trkpt lat="52.5029434" lon="13.3657987"><ele>40.8</ele><time>2025-09-21T10:36:55Z</time><extensions><gpxtpx:TrackPointExtension><gpxtpx:hr>149</gpxtpx:hr></gpxtpx:TrackPointExtension></extensions></trkpt>
  <trkpt lat="52.5030738" lon="13.3658900"><ele>40.8</ele><time>2025-09-21T10:37:00Z</time><extensions><gpxtpx:TrackPointExtension><gpxtpx:hr>149</gpxtpx:hr></gpxtpx:TrackPointExtension></extensions></trkpt>
  <trkpt lat="52.5031870" lon="13.3659936"><ele>40.8</ele><time>2025-09-21T10:37:05Z</time><extensions><gpxtpx:TrackPointExtension><gpxtpx:hr>149</gpxtpx:hr></gpxtpx:TrackPointExtension></extensions></trkpt>
  <trkpt lat="52.5033102" lon="13.3660916"><ele>40.8</ele><time>2025-09-21T10:37:10Z</time><extensions><gpxtpx:TrackPointExtension><gpxtpx:hr>148</gpxtpx:hr></gpxtpx:TrackPointExtension></extensions></trkpt>
  <trkpt lat="52.5034299" lon="13.3662067"><ele>40.8</ele><time>2025-09-21T10:37:15Z</time><extensions><gpxtpx:TrackPointExtension><gpxtpx:hr>148</gpxtpx:hr></gpxtpx:TrackPointExtension></extensions></trkpt>
  <trkpt lat="52.5035429" lon="13.3663087"><ele>40.8</ele><time>2025-09-21T10:37:20Z</time><extensions><gpxtpx:TrackPointExtension><gpxtpx:hr>149</gpxtpx:hr></gpxtpx:TrackPointExtension></extensions></trkpt>
  <trkpt lat="52.5036616" lon="13.3664400"><ele>40.8</ele><time>2025-09-21T10:37:25Z</time><extensions><gpxtpx:TrackPointExtension><gpxtpx:hr>149</gpxtpx:hr></gpxtpx:TrackPointExtension></extensions></trkpt>
  <trkpt lat="52.5037857" lon="13.3665584"><ele>40.8</ele><time>2025-09-21T10:37:30Z</time><extensions><gpxtpx:TrackPointExtension><gpxtpx:hr>150</gpxtpx:hr></gpxtpx:TrackPointExtension></extensions></trkpt>
  <trkpt lat="52.5038941" lon="13.3666857"><ele>40.7</ele><time>2025-09-21T10:37:35Z</time><extensions><gpxtpx:TrackPointExtension><gpxtpx:hr>150</gpxtpx:hr></gpxtpx:TrackPointExtension></extensions></trkpt>
  <trkpt lat="52.5040045" lon="13.3668064"><ele>40.7</ele><time>2025-09-21T10:37:40Z</time><extensions><gpxtpx:TrackPointExtension><gpxtpx:hr>149</gpxtpx:hr></gpxtpx:TrackPointExtension></extensions></trkpt>
  <trkpt lat="52.5041314" lon="13.3669302"><ele>40.7</ele><time>2025-09-21T10:37:45Z</time><extensions><gpxtpx:TrackPointExtension><gpxtpx:hr>150</gpxtpx:hr></gpxtpx:TrackPointExtension></extensions></trkpt>
  <trkpt lat="52.5042400" lon="13.3670562"><ele>40.7</ele><time>2025-09-21T10:37:50Z</time><extensions><gpxtpx:TrackPointExtension><gpxtpx:hr>150</gpxtpx:hr></gpxtpx:TrackPointExtension></extensions></trkpt>
  <trkpt lat="52.5043537" lon="13.3671864"><ele>40.7</ele><time>2025-09-21T10:37:55Z</time><extensions><gpxtpx:TrackPointExtension><gpxtpx:hr>149</gpxtpx:hr></gpxtpx:TrackPointExtension></extensions></trkpt>
  <trkpt lat="52.5044686" lon="13.3672965"><ele>40.7</ele><time>2025-09-21T10:38:00Z</time><extensions><gpxtpx:TrackPointExtension><gpxtpx:hr>148</gpxtpx:hr></gpxtpx:TrackPointExtension></extensions></trkpt>
  <trkpt lat="52.5045880" lon="13.3674252"><ele>40.7</ele><time>2025-09-21T10:38:05Z</time><extensions><gpxtpx:TrackPointExtension><gpxtpx:hr>148</gpxtpx:hr></gpxtpx:TrackPointExtension></extensions></trkpt>
  <trkpt lat="52.5047011" lon="13.3675527"><ele>40.6</ele><time>2025-09-21T10:38:10Z</time><extensions><gpxtpx:TrackPointExtension><gpxtpx:hr>148</gpxtpx:hr></gpxtpx:TrackPointExtension></extensions></trkpt>
  <trkpt lat="52.5048077" lon="13.3676928"><ele>40.6</ele><time>2025-09-21T10:38:15Z</time><extensions><gpxtpx:TrackPointExtension><gpxtpx:hr>149</gpxtpx:hr></gpxtpx:TrackPointExtension></extensions></trkpt>
  <trkpt lat="52.5049291" lon="13.3678147"><ele>40.6</ele><time>2025-09-21T10:38:20Z</time><extensions><gpxtpx:TrackPointExtension><gpxtpx:hr>149</gpxtpx:hr></gpxtpx:TrackPointExtension></extensions></trkpt>
  <trkpt lat="52.5050391" lon="13.3679355"><ele>40.6</ele><time>2025-09-21T10:38:25Z</time><extensions><gpxtpx:TrackPointExtension><gpxtpx:hr>149</gpxtpx:hr></gpxtpx:TrackPointExtension></extensions></trkpt>
  <trkpt lat="52.5051653" lon="13.3680660"><ele>40.6</ele><time>2025-09-21T10:38:30Z</time><extensions><gpxtpx:TrackPointExtension><gpxtpx:hr>150</gpxtpx:hr></gpxtpx:TrackPointExtension></extensions></trkpt>
  <trkpt lat="52.5052696" lon="13.3681620"><ele>40.6</ele><time>2025-09-21T10:38:35Z</time><extensions><gpxtpx:TrackPointExtension><gpxtpx:hr>151</gpxtpx:hr></gpxtpx:TrackPointExtension></extensions></trkpt>
  <trkpt lat="52.5054136" lon="13.3682536"><ele>40.6</ele><time>2025-09-21T10:38:40Z</time><extensions><gpxtpx:TrackPointExtension><gpxtpx:hr>150</gpxtpx:hr></gpxtpx:TrackPointExtension></extensions></trkpt>
  <trkpt lat="52.5055279" lon="13.3683544"><ele>40.6</ele><time>2025-09-21T10:38:45Z</time><extensions><gpxtpx:TrackPointExtension><gpxtpx:hr>151</gpxtpx:hr></gpxtpx:TrackPointExtension></extensions></trkpt>
  <trkpt lat="52.5056332" lon="13.3685232"><ele>40.5</ele><time>2025-09-21T10:38:50Z</time><extensions><gpxtpx:TrackPointExtension><gpxtpx:hr>151</gpxtpx:hr></gpxtpx:TrackPointExtension></extensions></trkpt>
  <trkpt lat="52.5057404" lon="13.3684418"><ele>40.5</ele><time>2025-09-21T10:38:55Z</time><extensions><gpxtpx:TrackPointExtension><gpxtpx:hr>152</gpxtpx:hr></gpxtpx:TrackPointExtension></extensions></trkpt>
  <trkpt lat="52.5058735" lon="13.3685153"><ele>40.5</ele><time>2025-09-21T10:39:00Z</time><extensions><gpxtpx:TrackPointExtension><gpxtpx:hr>152</gpxtpx:hr></gpxtpx:TrackPointExtension></extensions></trkpt>
  <trkpt lat="52.5060048" lon="13.3685978"><ele>40.5</ele><time>2025-09-21T10:39:05Z</time><extensions><gpxtpx:TrackPointExtension><gpxtpx:hr>151</gpxtpx:hr></gpxtpx:TrackPointExtension></extensions></trkpt>
  <trkpt lat="52.5061344" lon="13.3686658"><ele>40.5</ele><time>2025-09-21T10:39:10Z</time><extensions><gpxtpx:TrackPointExtension><gpxtpx:hr>150</gpxtpx:hr></gpxtpx:TrackPointExtension></extensions></trkpt>
  <trkpt lat="52.5062567" lon="13.3687817"><ele>40.5</ele><time>2025-09-21T10:39:15Z</time><extensions><gpxtpx:TrackPointExtension><gpxtpx:hr>151</gpxtpx:hr></gpxtpx:TrackPointExtension></extensions></trkpt>
  <trkpt lat="52.5063510" lon="13.3689038"><ele>40.5</ele><time>2025-09-21T10:39:20Z</time><extensions><gpxtpx:TrackPointExtension><gpxtpx:hr>152</gpxtpx:hr></gpxtpx:TrackPointExtension></extensions></trkpt>
  <trkpt lat="52.5064602" lon="13.3689137"><ele>40.4</ele><time>2025-09-21T10:39:25Z</time><extensions><gpxtpx:TrackPointExtension><gpxtpx:hr>151</gpxtpx:hr></gpxtpx:TrackPointExtension></extensions></trkpt>
  <trkpt lat="52.5065925" lon="13.3689319"><ele>40.4</ele><time>2025-09-21T10:39:30Z</time><extensions><gpxtpx:TrackPointExtension><gpxtpx:hr>150</gpxtpx:hr></gpxtpx:TrackPointExtension></extensions></trkpt>
  <trkpt lat="52.5067272" lon="13.3689933"><ele>40.4</ele><time>2025-09-21T10:39:35Z</time><extensions><gpxtpx:TrackPointExtension><gpxtpx:hr>150</gpxtpx:hr></gpxtpx:TrackPointExtension></extensions></trkpt>
  <trkpt lat="52.5068515" lon="13.3690807"><ele>40.4</ele><time>2025-09-21T10:39:40Z</time><extensions><gpxtpx:TrackPointExtension><gpxtpx:hr>150</gpxtpx:hr></gpxtpx:TrackPointExtension></extensions></trkpt>
  <trkpt lat="52.5069833" lon="13.3691601"><ele>40.4</ele><time>2025-09-21T10:39:45Z</time><extensions><gpxtpx:TrackPointExtension><gpxtpx:hr>149</gpxtpx:hr></gpxtpx:TrackPointExtension></extensions></trkpt>
  <trkpt lat="52.5071115" lon="13.3692353"><ele>40.4</ele><time>2025-09-21T10:39:50Z</time><extensions><gpxtpx:TrackPointExtension><gpxtpx:hr>149</gpxtpx:hr></gpxtpx:TrackPointExtension></extensions></trkpt>
  <trkpt lat="52.5072506" lon="13.3692863"><ele>40.4</ele><time>2025-09-21T10:39:55Z</time><extensions><gpxtpx:TrackPointExtension><gpxtpx:hr>148</gpxtpx:hr></gpxtpx:TrackPointExtension></extensions></trkpt>
  <trkpt lat="52.5073752" lon="13.3693764"><ele>40.3</ele><time>2025-09-21T10:40:00Z</time><extensions><gpxtpx:TrackPointExtension><gpxtpx:hr>148</gpxtpx:hr></gpxtpx:TrackPointExtension></extensions></trkpt>
  <trkpt lat="52.5075009" lon="13.3694467"><ele>40.3</ele><time>2025-09-21T10:40:05Z</time><extensions><gpxtpx:TrackPointExtension><gpxtpx:hr>148</gpxtpx:hr></gpxtpx:TrackPointExtension></extensions></trkpt>
  <trkpt lat="52.5076321" lon="13.3695154"><ele>40.3</ele><time>2025-09-21T10:40:10Z</time><extensions><gpxtpx:TrackPointExtension><gpxtpx:hr>148</gpxtpx:hr></gpxtpx:TrackPointExtension></extensions></trkpt>
  <trkpt lat="52.5077701" lon="13.3696061"><ele>40.3</ele><time>2025-09-21T10:40:15Z</time><extensions><gpxtpx:TrackPointExtension><gpxtpx:hr>148</gpxtpx:hr></gpxtpx:TrackPointExtension></extensions></trkpt>
  <trkpt lat="52.5078985" lon="13.3696810"><ele>40.3</ele><time>2025-09-21T10:40:20Z</time><extensions><gpxtpx:TrackPointExtension><gpxtpx:hr>149</gpxtpx:hr></gpxtpx:TrackPointExtension></extensions></trkpt>
  <trkpt lat="52.5080248" lon="13.3697443"><ele>40.3</ele><time>2025-09-21T10:40:25Z</time><extensions><gpxtpx:TrackPointExtension><gpxtpx:hr>149</gpxtpx:hr></gpxtpx:TrackPointExtension></extensions></trkpt>
  <trkpt lat="52.5081565" lon="13.3698151"><ele>40.3</ele><time>2025-09-21T10:40:30Z</time><extensions><gpxtpx:TrackPointExtension><gpxtpx:hr>150</gpxtpx:hr></gpxtpx:TrackPointExtension></extensions></trkpt>
  <trkpt lat="52.5082875" lon="13.3698843"><ele>40.2</ele><time>2025-09-21T10:40:35Z</time><extensions><gpxtpx:TrackPointExtension><gpxtpx:hr>149</gpxtpx:hr></gpxtpx:TrackPointExtension></extensions></trkpt>
  <trkpt lat="52.5083971" lon="13.3700354"><ele>40.2</ele><time>2025-09-21T10:40:40Z</time><extensions><gpxtpx:TrackPointExtension><gpxtpx:hr>150</gpxtpx:hr></gpxtpx:TrackPointExtension></extensions></trkpt>
  <trkpt lat="52.5084862" lon="13.3702051"><ele>40.2</ele><time>2025-09-21T10:40:45Z</time><extensions><gpxtpx:TrackPointExtension><gpxtpx:hr>149</gpxtpx:hr></gpxtpx:TrackPointExtension></extensions></trkpt>
  <trkpt lat="52.5085720" lon="13.3703808"><ele>40.2</ele><time>2025-09-21T10:40:50Z</time><extensions><gpxtpx:TrackPointExtension><gpxtpx:hr>149</gpxtpx:hr></gpxtpx:TrackPointExtension></extensions></trkpt>
  <trkpt lat="52.5086675" lon="13.3705494"><ele>40.2</ele><time>2025-09-21T10:40:55Z</time><extensions><gpxtpx:TrackPointExtension><gpxtpx:hr>148</gpxtpx:hr></gpxtpx:TrackPointExtension></extensions></trkpt>
  <trkpt lat="52.5087570" lon="13.3707261"><ele>40.2</ele><time>2025-09-21T10:41:00Z</time><extensions><gpxtpx:TrackPointExtension><gpxtpx:hr>148</gpxtpx:hr></gpxtpx:TrackPointExtension></extensions></trkpt>
  <trkpt lat="52.5088392" lon="13.3709021"><ele>40.2</ele><time>2025-09-21T10:41:05Z</time><extensions><gpxtpx:TrackPointExtension><gpxtpx:hr>148</gpxtpx:hr></gpxtpx:TrackPointExtension></extensions></trkpt>
  <trkpt lat="52.5088837" lon="13.3711113"><ele>40.1</ele><time>2025-09-21T10:41:10Z</time><extensions><gpxtpx:TrackPointExtension><gpxtpx:hr>149</gpxtpx:hr></gpxtpx:TrackPointExtension></extensions></trkpt>
  <trkpt lat="52.5089114" lon="13.3713349"><ele>40.1</ele><time>2025-09-21T10:41:15Z</time><extensions><gpxtpx:TrackPointExtension><gpxtpx:hr>149</gpxtpx:hr></gpxtpx:TrackPointExtension></extensions></trkpt>
  <trkpt lat="52.5089269" lon="13.3715659"><ele>40.1</ele><time>2025-09-21T10:41:20Z</time><extensions><gpxtpx:TrackPointExtension><gpxtpx:hr>149</gpxtpx:hr></gpxtpx:TrackPointExtension></extensions></trkpt>
  <trkpt lat="52.5089367" lon="13.3717850"><ele>40.1</ele><time>2025-09-21T10:41:25Z</time><extensions><gpxtpx:TrackPointExtension><gpxtpx:hr>148</gpxtpx:hr></gpxtpx:TrackPointExtension></extensions></trkpt>
  <trkpt lat="52.5089550" lon="13.3719992"><ele>40.1</ele><time>2025-09-21T10:41:30Z</time><extensions><gpxtpx:TrackPointExtension><gpxtpx:hr>148</gpxtpx:hr></gpxtpx:TrackPointExtension></extensions></trkpt>
  <trkpt lat="52.5090597" lon="13.3720376"><ele>40.1</ele><time>2025-09-21T10:41:35Z</time><extensions><gpxtpx:TrackPointExtension><gpxtpx:hr>149</gpxtpx:hr></gpxtpx:TrackPointExtension></extensions></trkpt>
  <trkpt lat="52.5091998" lon="13.3719985"><ele>40.0</ele><time>2025-09-21T10:41:40Z</time><extensions><gpxtpx:TrackPointExtension><gpxtpx:hr>149</gpxtpx:hr></gpxtpx:TrackPointExtension></extensions></trkpt>
  <trkpt lat="52.5093359" lon="13.3719768"><ele>40.0</ele><time>2025-09-21T10:41:45Z</time><extensions><gpxtpx:TrackPointExtension><gpxtpx:hr>150</gpxtpx:hr></gpxtpx:TrackPointExtension></extensions></trkpt>
  <trkpt lat="52.5093648" lon="13.3721557"><ele>40.0</ele><time>2025-09-21T10:41:50Z</time><extensions><gpxtpx:TrackPointExtension><gpxtpx:hr>151</gpxtpx:hr></gpxtpx:TrackPointExtension></extensions></trkpt>
  <trkpt lat="52.5093892" lon="13.3723634"><ele>40.0</ele><time>2025-09-21T10:41:55Z</time><extensions><gpxtpx:TrackPointExtension><gpxtpx:hr>151</gpxtpx:hr></gpxtpx:TrackPointExtension></extensions></trkpt>
  <trkpt lat="52.5093928" lon="13.3726024"><ele>40.0</ele><time>2025-09-21T10:42:00Z</time><extensions><gpxtpx:TrackPointExtension><gpxtpx:hr>151</gpxtpx:hr></gpxtpx:TrackPointExtension></extensions></trkpt>
  <trkpt lat="52.5094195" lon="13.3728206"><ele>40.0</ele><time>2025-09-21T10:42:05Z</time><extensions><gpxtpx:TrackPointExtension><gpxtpx:hr>152</gpxtpx:hr></gpxtpx:TrackPointExtension></extensions></trkpt>
  <trkpt lat="52.5094742" lon="13.3729951"><ele>40.0</ele><time>2025-09-21T10:42:10Z</time><extensions><gpxtpx:TrackPointExtension><gpxtpx:hr>152</gpxtpx:hr></gpxtpx:TrackPointExtension></extensions></trkpt>
  <trkpt lat="52.5096056" lon="13.3730835"><ele>39.9</ele><time>2025-09-21T10:42:15Z</time><extensions><gpxtpx:TrackPointExtension><gpxtpx:hr>151</gpxtpx:hr></gpxtpx:TrackPointExtension></extensions></trkpt>
  <trkpt lat="52.5097265" lon="13.3731579"><ele>39.9</ele><time>2025-09-21T10:42:20Z</time><extensions><gpxtpx:TrackPointExtension><gpxtpx:hr>150</gpxtpx:hr></gpxtpx:TrackPointExtension></extensions></trkpt>
  <trkpt lat="52.5097481" lon="13.3733486"><ele>39.9</ele><time>2025-09-21T10:42:25Z</time><extensions><gpxtpx:TrackPointExtension><gpxtpx:hr>151</gpxtpx:hr></gpxtpx:TrackPointExtension></extensions></trkpt>
  <trkpt lat="52.5097808" lon="13.3735576"><ele>39.9</ele><time>2025-09-21T10:42:30Z</time><extensions><gpxtpx:TrackPointExtension><gpxtpx:hr>150</gpxtpx:hr></gpxtpx:TrackPointExtension></extensions></trkpt>
  <trkpt lat="52.5098337" lon="13.3737195"><ele>39.9</ele><time>2025-09-21T10:42:35Z</time><extensions><gpxtpx:TrackPointExtension><gpxtpx:hr>150</gpxtpx:hr></gpxtpx:TrackPointExtension></extensions></trkpt>
  <trkpt lat="52.5097874" lon="13.3739281"><ele>39.9</ele><time>2025-09-21T10:42:40Z</time><extensions><gpxtpx:TrackPointExtension><gpxtpx:hr>149</gpxtpx:hr></gpxtpx:TrackPointExtension></extensions></trkpt>
  <trkpt lat="52.5097240" lon="13.3741408"><ele>39.8</ele><time>2025-09-21T10:42:45Z</time><extensions><gpxtpx:TrackPointExtension><gpxtpx:hr>149</gpxtpx:hr></gpxtpx:TrackPointExtension></extensions></trkpt>
  <trkpt lat="52.5096507" lon="13.3743013"><ele>39.8</ele><time>2025-09-21T10:42:50Z</time><extensions><gpxtpx:TrackPointExtension><gpxtpx:hr>148</gpxtpx:hr></gpxtpx:TrackPointExtension></extensions></trkpt>
  <trkpt lat="52.5095977" lon="13.3745209"><ele>39.8</ele><time>2025-09-21T10:42:55Z</time><extensions><gpxtpx:TrackPointExtension><gpxtpx:hr>149</gpxtpx:hr></gpxtpx:TrackPointExtension></extensions></trkpt>
  <trkpt lat="52.5095786" lon="13.3747388"><ele>39.8</ele><time>2025-09-21T10:43:00Z</time><extensions><gpxtpx:TrackPointExtension><gpxtpx:hr>149</gpxtpx:hr></gpxtpx:TrackPointExtension></extensions></trkpt>
  <trkpt lat="52.5096046" lon="13.3749644"><ele>39.8</ele><time>2025-09-21T10:43:05Z</time><extensions><gpxtpx:TrackPointExtension><gpxtpx:hr>149</gpxtpx:hr></gpxtpx:TrackPointExtension></extensions></trkpt>
  <trkpt lat="52.5096114" lon="13.3751874"><ele>39.8</ele><time>2025-09-21T10:43:10Z</time><extensions><gpxtpx:TrackPointExtension><gpxtpx:hr>150</gpxtpx:hr></gpxtpx:TrackPointExtension></extensions></trkpt>
  <trkpt lat="52.5096343" lon="13.3753974"><ele>39.7</ele><time>2025-09-21T10:43:15Z</time><extensions><gpxtpx:TrackPointExtension><gpxtpx:hr>150</gpxtpx:hr></gpxtpx:TrackPointExtension></extensions></trkpt>
  <trkpt lat="52.5097282" lon="13.3755537"><ele>39.7</ele><time>2025-09-21T10:43:20Z</time><extensions><gpxtpx:TrackPointExtension><gpxtpx:hr>151</gpxtpx:hr></gpxtpx:TrackPointExtension></extensions></trkpt>
  <trkpt lat="52.5097609" lon="13.3757592"><ele>39.7</ele><time>2025-09-21T10:43:25Z</time><extensions><gpxtpx:TrackPointExtension><gpxtpx:hr>151</gpxtpx:hr></gpxtpx:TrackPointExtension></extensions></trkpt>
  <trkpt lat="52.5096649" lon="13.3758454"><ele>39.7</ele><time>2025-09-21T10:43:30Z</time><extensions><gpxtpx:TrackPointExtension><gpxtpx:hr>152</gpxtpx:hr></gpxtpx:TrackPointExtension></extensions></trkpt>
  <trkpt lat="52.5095848" lon="13.3759310"><ele>39.7</ele><time>2025-09-21T10:43:35Z</time><extensions><gpxtpx:TrackPointExtension><gpxtpx:hr>152</gpxtpx:hr></gpxtpx:TrackPointExtension></extensions></trkpt>
  <trkpt lat="52.5096483" lon="13.3761011"><ele>39.7</ele><time>2025-09-21T10:43:40Z</time><extensions><gpxtpx:TrackPointExtension><gpxtpx:hr>152</gpxtpx:hr></gpxtpx:TrackPointExtension></extensions></trkpt>
  <trkpt lat="52.5096968" lon="13.3762484"><ele>39.7</ele><time>2025-09-21T10:43:45Z</time><extensions><gpxtpx:TrackPointExtension><gpxtpx:hr>151</gpxtpx:hr></gpxtpx:TrackPointExtension></extensions></trkpt>
  <trkpt lat="52.5096971" lon="13.3764711"><ele>39.6</ele><time>2025-09-21T10:43:50Z</time><extensions><gpxtpx:TrackPointExtension><gpxtpx:hr>151</gpxtpx:hr></gpxtpx:TrackPointExtension></extensions></trkpt>
  <trkpt lat="52.5096951" lon="13.3766937"><ele>39.6</ele><time>2025-09-21T10:43:55Z</time><extensions><gpxtpx:TrackPointExtension><gpxtpx:hr>150</gpxtpx:hr></gpxtpx:TrackPointExtension></extensions></trkpt>
  <trkpt lat="52.5097014" lon="13.3769138"><ele>39.6</ele><time>2025-09-21T10:44:00Z</time><extensions><gpxtpx:TrackPointExtension><gpxtpx:hr>150</gpxtpx:hr></gpxtpx:TrackPointExtension></extensions></trkpt>
  <trkpt lat="52.5097111" lon="13.3771410"><ele>39.6</ele><time>2025-09-21T10:44:05Z</time><extensions><gpxtpx:TrackPointExtension><gpxtpx:hr>149</gpxtpx:hr></gpxtpx:TrackPointExtension></extensions></trkpt>
  <trkpt lat="52.5097210" lon="13.3773616"><ele>39.6</ele><time>2025-09-21T10:44:10Z</time><extensions><gpxtpx:TrackPointExtension><gpxtpx:hr>148</gpxtpx:hr></gpxtpx:TrackPointExtension></extensions></trkpt>
  <trkpt lat="52.5097100" lon="13.3775699"><ele>39.6</ele><time>2025-09-21T10:44:15Z</time><extensions><gpxtpx:TrackPointExtension><gpxtpx:hr>148</gpxtpx:hr></gpxtpx:TrackPointExtension></extensions></trkpt>
  <trkpt lat="52.5097182" lon="13.3778104"><ele>39.5</ele><time>2025-09-21T10:44:20Z</time><extensions><gpxtpx:TrackPointExtension><gpxtpx:hr>148</gpxtpx:hr></gpxtpx:TrackPointExtension></extensions></trkpt>
  <trkpt lat="52.5097388" lon="13.3780306"><ele>39.5</ele><time>2025-09-21T10:44:25Z</time><extensions><gpxtpx:TrackPointExtension><gpxtpx:hr>149</gpxtpx:hr></gpxtpx:TrackPointExtension></extensions></trkpt>
  <trkpt lat="52.5097492" lon="13.3782504"><ele>39.5</ele><time>2025-09-21T10:44:30Z</time><extensions><gpxtpx:TrackPointExtension><gpxtpx:hr>149</gpxtpx:hr></gpxtpx:TrackPointExtension></extensions></trkpt>
  <trkpt lat="52.5097604" lon="13.3784773"><ele>39.5</ele><time>2025-09-21T10:44:35Z</time><extensions><gpxtpx:TrackPointExtension><gpxtpx:hr>149</gpxtpx:hr></gpxtpx:TrackPointExtension></extensions></trkpt>
  <trkpt lat="52.5097701" lon="13.3786931"><ele>39.5</ele><time>2025-09-21T10:44:40Z</time><extensions><gpxtpx:TrackPointExtension><gpxtpx:hr>149</gpxtpx:hr></gpxtpx:TrackPointExtension></extensions></trkpt>
  <trkpt lat="52.5097935" lon="13.3789338"><ele>39.4</ele><time>2025-09-21T10:44:45Z</time><extensions><gpxtpx:TrackPointExtension><gpxtpx:hr>148</gpxtpx:hr></gpxtpx:TrackPointExtension></extensions></trkpt>
  <trkpt lat="52.5097998" lon="13.3791413"><ele>39.4</ele><time>2025-09-21T10:44:50Z</time><extensions><gpxtpx:TrackPointExtension><gpxtpx:hr>148</gpxtpx:hr></gpxtpx:TrackPointExtension></extensions></trkpt>
  <trkpt lat="52.5098155" lon="13.3793770"><ele>39.4</ele><time>2025-09-21T10:44:55Z</time><extensions><gpxtpx:TrackPointExtension><gpxtpx:hr>149</gpxtpx:hr></gpxtpx:TrackPointExtension></extensions></trkpt>
  <trkpt lat="52.5098222" lon="13.3795985"><ele>39.4</ele><time>2025-09-21T10:45:00Z</time><extensions><gpxtpx:TrackPointExtension><gpxtpx:hr>150</gpxtpx:hr></gpxtpx:TrackPointExtension></extensions></trkpt>
  <trkpt lat="52.5098331" lon="13.3798184"><ele>39.4</ele><time>2025-09-21T10:45:05Z</time><extensions><gpxtpx:TrackPointExtension><gpxtpx:hr>151</gpxtpx:hr></gpxtpx:TrackPointExtension></extensions></trkpt>
  <trkpt lat="52.5098469" lon="13.3800379"><ele>39.4</ele><time>2025-09-21T10:45:10Z</time><extensions><gpxtpx:TrackPointExtension><gpxtpx:hr>150</gpxtpx:hr></gpxtpx:TrackPointExtension></extensions></trkpt>
  <trkpt lat="52.5098621" lon="13.3802781"><ele>39.3</ele><time>2025-09-21T10:45:15Z</time><extensions><gpxtpx:TrackPointExtension><gpxtpx:hr>149</gpxtpx:hr></gpxtpx:TrackPointExtension></extensions></trkpt>
  <trkpt lat="52.5098707" lon="13.3804916"><ele>39.3</ele><time>2025-09-21T10:45:20Z</time><extensions><gpxtpx:TrackPointExtension><gpxtpx:hr>149</gpxtpx:hr></gpxtpx:TrackPointExtension></extensions></trkpt>
  <trkpt lat="52.5098886" lon="13.3807197"><ele>39.3</ele><time>2025-09-21T10:45:25Z</time><extensions><gpxtpx:TrackPointExtension><gpxtpx:hr>150</gpxtpx:hr></gpxtpx:TrackPointExtension></extensions></trkpt>
  <trkpt lat="52.5099050" lon="13.3809470"><ele>39.3</ele><time>2025-09-21T10:45:30Z</time><extensions><gpxtpx:TrackPointExtension><gpxtpx:hr>151</gpxtpx:hr></gpxtpx:TrackPointExtension></extensions></trkpt>
  <trkpt lat="52.5099152" lon="13.3811675"><ele>39.3</ele><time>2025-09-21T10:45:35Z</time><extensions><gpxtpx:TrackPointExtension><gpxtpx:hr>151</gpxtpx:hr></gpxtpx:TrackPointExtension></extensions></trkpt>
  <trkpt lat="52.5099277" lon="13.3813983"><ele>39.3</ele><time>2025-09-21T10:45:40Z</time><extensions><gpxtpx:TrackPointExtension><gpxtpx:hr>150</gpxtpx:hr></gpxtpx:TrackPointExtension></extensions></trkpt>
  <trkpt lat="52.5099401" lon="13.3816234"><ele>39.2</ele><time>2025-09-21T10:45:45Z</time><extensions><gpxtpx:TrackPointExtension><gpxtpx:hr>150</gpxtpx:hr></gpxtpx:TrackPointExtension></extensions></trkpt>
  <trkpt lat="52.5099581" lon="13.3818397"><ele>39.2</ele><time>2025-09-21T10:45:50Z</time><extensions><gpxtpx:TrackPointExtension><gpxtpx:hr>152</gpxtpx:hr></gpxtpx:TrackPointExtension></extensions></trkpt>
  <trkpt lat="52.5099714" lon="13.3820590"><ele>39.2</ele><time>2025-09-21T10:45:55Z</time><extensions><gpxtpx:TrackPointExtension><gpxtpx:hr>151</gpxtpx:hr></gpxtpx:TrackPointExtension></extensions></trkpt>
  <trkpt lat="52.5099859" lon="13.3822901"><ele>39.2</ele><time>2025-09-21T10:46:00Z</time><extensions><gpxtpx:TrackPointExtension><gpxtpx:hr>151</gpxtpx:hr></gpxtpx:TrackPointExtension></extensions></trkpt>
  <trkpt lat="52.5100024" lon="13.3825098"><ele>39.2</ele><time>2025-09-21T10:46:05Z</time><extensions><gpxtpx:TrackPointExtension><gpxtpx:hr>151</gpxtpx:hr></gpxtpx:TrackPointExtension></extensions></trkpt>
  <trkpt lat="52.5100103" lon="13.3827350"><ele>39.2</ele><time>2025-09-21T10:46:10Z</time><extensions><gpxtpx:TrackPointExtension><gpxtpx:hr>151</gpxtpx:hr></gpxtpx:TrackPointExtension></extensions></trkpt>
  <trkpt lat="52.5100333" lon="13.3829494"><ele>39.1</ele><time>2025-09-21T10:46:15Z</time><extensions><gpxtpx:TrackPointExtension><gpxtpx:hr>151</gpxtpx:hr></gpxtpx:TrackPointExtension></extensions></trkpt>
  <trkpt lat="52.5100388" lon="13.3831799"><ele>39.1</ele><time>2025-09-21T10:46:20Z</time><extensions><gpxtpx:TrackPointExtension><gpxtpx:hr>151</gpxtpx:hr></gpxtpx:TrackPointExtension></extensions></trkpt>
  <trkpt lat="52.5100584" lon="13.3834069"><ele>39.1</ele><time>2025-09-21T10:46:25Z</time><extensions><gpxtpx:TrackPointExtension><gpxtpx:hr>151</gpxtpx:hr></gpxtpx:TrackPointExtension></extensions></trkpt>
  <trkpt lat="52.5100725" lon="13.3836225"><ele>39.1</ele><time>2025-09-21T10:46:30Z</time><extensions><gpxtpx:TrackPointExtension><gpxtpx:hr>151</gpxtpx:hr></gpxtpx:TrackPointExtension></extensions></trkpt>
  <trkpt lat="52.5100818" lon="13.3838547"><ele>39.1</ele><time>2025-09-21T10:46:35Z</time><extensions><gpxtpx:TrackPointExtension><gpxtpx:hr>151</gpxtpx:hr></gpxtpx:TrackPointExtension></extensions></trkpt>
  <trkpt lat="52.5099932" lon="13.3839741"><ele>39.0</ele><time>2025-09-21T10:46:40Z</time><extensions><gpxtpx:TrackPointExtension><gpxtpx:hr>152</gpxtpx:hr></gpxtpx:TrackPointExtension></extensions></trkpt>
  <trkpt lat="52.5098903" lon="13.3840893"><ele>39.0</ele><time>2025-09-21T10:46:45Z</time><extensions><gpxtpx:TrackPointExtension><gpxtpx:hr>152</gpxtpx:hr></gpxtpx:TrackPointExtension></extensions></trkpt>
  <trkpt lat="52.5099078" lon="13.3843169"><ele>39.0</ele><time>2025-09-21T10:46:50Z</time><extensions><gpxtpx:TrackPointExtension><gpxtpx:hr>153</gpxtpx:hr></gpxtpx:TrackPointExtension></extensions></trkpt>
  <trkpt lat="52.5099314" lon="13.3845163"><ele>39.0</ele><time>2025-09-21T10:46:55Z</time><extensions><gpxtpx:TrackPointExtension><gpxtpx:hr>154</gpxtpx:hr></gpxtpx:TrackPointExtension></extensions></trkpt>
  <trkpt lat="52.5099405" lon="13.3847573"><ele>39.0</ele><time>2025-09-21T10:47:00Z</time><extensions><gpxtpx:TrackPointExtension><gpxtpx:hr>154</gpxtpx:hr></gpxtpx:TrackPointExtension></extensions></trkpt>
  <trkpt lat="52.5099524" lon="13.3849782"><ele>39.0</ele><time>2025-09-21T10:47:05Z</time><extensions><gpxtpx:TrackPointExtension><gpxtpx:hr>153</gpxtpx:hr></gpxtpx:TrackPointExtension></extensions></trkpt>
  <trkpt lat="52.5099660" lon="13.3852009"><ele>38.9</ele><time>2025-09-21T10:47:10Z</time><extensions><gpxtpx:TrackPointExtension><gpxtpx:hr>154</gpxtpx:hr></gpxtpx:TrackPointExtension></extensions></trkpt>
  <trkpt lat="52.5099819" lon="13.3854288"><ele>38.9</ele><time>2025-09-21T10:47:15Z</time><extensions><gpxtpx:TrackPointExtension><gpxtpx:hr>153</gpxtpx:hr></gpxtpx:TrackPointExtension></extensions></trkpt>
  <trkpt lat="52.5099956" lon="13.3856494"><ele>38.9</ele><time>2025-09-21T10:47:20Z</time><extensions><gpxtpx:TrackPointExtension><gpxtpx:hr>153</gpxtpx:hr></gpxtpx:TrackPointExtension></extensions></trkpt>
  <trkpt lat="52.5100072" lon="13.3858761"><ele>38.9</ele><time>2025-09-21T10:47:25Z</time><extensions><gpxtpx:TrackPointExtension><gpxtpx:hr>153</gpxtpx:hr></gpxtpx:TrackPointExtension></extensions></trkpt>
  <trkpt lat="52.5100246" lon="13.3861086"><ele>38.9</ele><time>2025-09-21T10:47:30Z</time><extensions><gpxtpx:TrackPointExtension><gpxtpx:hr>152</gpxtpx:hr></gpxtpx:TrackPointExtension></extensions></trkpt>
  <trkpt lat="52.5100307" lon="13.3863262"><ele>38.8</ele><time>2025-09-21T10:47:35Z</time><extensions><gpxtpx:TrackPointExtension><gpxtpx:hr>153</gpxtpx:hr></gpxtpx:TrackPointExtension></extensions></trkpt>
  <trkpt lat="52.5100522" lon="13.3865531"><ele>38.8</ele><time>2025-09-21T10:47:40Z</time><extensions><gpxtpx:TrackPointExtension><gpxtpx:hr>153</gpxtpx:hr></gpxtpx:TrackPointExtension></extensions></trkpt>
  <trkpt lat="52.5100649" lon="13.3867787"><ele>38.8</ele><time>2025-09-21T10:47:45Z</time><extensions><gpxtpx:TrackPointExtension><gpxtpx:hr>154</gpxtpx:hr></gpxtpx:TrackPointExtension></extensions></trkpt>
  <trkpt lat="52.5100771" lon="13.3869962"><ele>38.8</ele><time>2025-09-21T10:47:50Z</time><extensions><gpxtpx:TrackPointExtension><gpxtpx:hr>154</gpxtpx:hr></gpxtpx:TrackPointExtension></extensions></trkpt>
  <trkpt lat="52.5100973" lon="13.3872141"><ele>38.8</ele><time>2025-09-21T10:47:55Z</time><extensions><gpxtpx:TrackPointExtension><gpxtpx:hr>154</gpxtpx:hr></gpxtpx:TrackPointExtension></extensions></trkpt>
  <trkpt lat="52.5100817" lon="13.3874473"><ele>38.8</ele><time>2025-09-21T10:48:00Z</time><extensions><gpxtpx:TrackPointExtension><gpxtpx:hr>154</gpxtpx:hr></gpxtpx:TrackPointExtension></extensions></trkpt>
  <trkpt lat="52.5100970" lon="13.3876532"><ele>38.7</ele><time>2025-09-21T10:48:05Z</time><extensions><gpxtpx:TrackPointExtension><gpxtpx:hr>154</gpxtpx:hr></gpxtpx:TrackPointExtension></extensions></trkpt>
  <trkpt lat="52.5099752" lon="13.3877791"><ele>38.7</ele><time>2025-09-21T10:48:10Z</time><extensions><gpxtpx:TrackPointExtension><gpxtpx:hr>154</gpxtpx:hr></gpxtpx:TrackPointExtension></extensions></trkpt>
  <trkpt lat="52.5098536" lon="13.3878912"><ele>38.7</ele><time>2025-09-21T10:48:15Z</time><extensions><gpxtpx:TrackPointExtension><gpxtpx:hr>153</gpxtpx:hr></gpxtpx:TrackPointExtension></extensions></trkpt>
  <trkpt lat="52.5097423" lon="13.3880151"><ele>38.7</ele><time>2025-09-21T10:48:20Z</time><extensions><gpxtpx:TrackPointExtension><gpxtpx:hr>154</gpxtpx:hr></gpxtpx:TrackPointExtension></extensions></trkpt>
  <trkpt lat="52.5096166" lon="13.3881307"><ele>38.7</ele><time>2025-09-21T10:48:25Z</time><extensions><gpxtpx:TrackPointExtension><gpxtpx:hr>154</gpxtpx:hr></gpxtpx:TrackPointExtension></extensions></trkpt>
  <trkpt lat="52.5095023" lon="13.3882359"><ele>38.6</ele><time>2025-09-21T10:48:30Z</time><extensions><gpxtpx:TrackPointExtension><gpxtpx:hr>153</gpxtpx:hr></gpxtpx:TrackPointExtension></extensions></trkpt>
  <trkpt lat="52.5094187" lon="13.3883800"><ele>38.6</ele><time>2025-09-21T10:48:35Z</time><extensions><gpxtpx:TrackPointExtension><gpxtpx:hr>154</gpxtpx:hr></gpxtpx:TrackPointExtension></extensions></trkpt>
  <trkpt lat="52.5094322" lon="13.3886102"><ele>38.6</ele><time>2025-09-21T10:48:40Z</time><extensions><gpxtpx:TrackPointExtension><gpxtpx:hr>154</gpxtpx:hr></gpxtpx:TrackPointExtension></extensions></trkpt>
  <trkpt lat="52.5094457" lon="13.3888414"><ele>38.6</ele><time>2025-09-21T10:48:45Z</time><extensions><gpxtpx:TrackPointExtension><gpxtpx:hr>154</gpxtpx:hr></gpxtpx:TrackPointExtension></extensions></trkpt>
  <trkpt lat="52.5094608" lon="13.3890473"><ele>38.6</ele><time>2025-09-21T10:48:50Z</time><extensions><gpxtpx:TrackPointExtension><gpxtpx:hr>153</gpxtpx:hr></gpxtpx:TrackPointExtension></extensions></trkpt>
  <trkpt lat="52.5094746" lon="13.3892780"><ele>38.5</ele><time>2025-09-21T10:48:55Z</time><extensions><gpxtpx:TrackPointExtension><gpxtpx:hr>154</gpxtpx:hr></gpxtpx:TrackPointExtension></extensions></trkpt>
  <trkpt lat="52.5094918" lon="13.3895119"><ele>38.5</ele><time>2025-09-21T10:49:00Z</time><extensions><gpxtpx:TrackPointExtension><gpxtpx:hr>154</gpxtpx:hr></gpxtpx:TrackPointExtension></extensions></trkpt>
  <trkpt lat="52.5095125" lon="13.3897296"><ele>38.5</ele><time>2025-09-21T10:49:05Z</time><extensions><gpxtpx:TrackPointExtension><gpxtpx:hr>155</gpxtpx:hr></gpxtpx:TrackPointExtension></extensions></trkpt>
  <trkpt lat="52.5095162" lon="13.3899515"><ele>38.5</ele><time>2025-09-21T10:49:10Z</time><extensions><gpxtpx:TrackPointExtension><gpxtpx:hr>154</gpxtpx:hr></gpxtpx:TrackPointExtension></extensions></trkpt>
  <trkpt lat="52.5095347" lon="13.3901704"><ele>38.5</ele><time>2025-09-21T10:49:15Z</time><extensions><gpxtpx:TrackPointExtension><gpxtpx:hr>153</gpxtpx:hr></gpxtpx:TrackPointExtension></extensions></trkpt>
  <trkpt lat="52.5095538" lon="13.3903942"><ele>38.5</ele><time>2025-09-21T10:49:20Z</time><extensions><gpxtpx:TrackPointExtension><gpxtpx:hr>153</gpxtpx:hr></gpxtpx:TrackPointExtension></extensions></trkpt>
  <trkpt lat="52.5095711" lon="13.3906298"><ele>38.4</ele><time>2025-09-21T10:49:25Z</time><extensions><gpxtpx:TrackPointExtension><gpxtpx:hr>152</gpxtpx:hr></gpxtpx:TrackPointExtension></extensions></trkpt>
  <trkpt lat="52.5095750" lon="13.3908459"><ele>38.4</ele><time>2025-09-21T10:49:30Z</time><extensions><gpxtpx:TrackPointExtension><gpxtpx:hr>153</gpxtpx:hr></gpxtpx:TrackPointExtension></extensions></trkpt>
  <trkpt lat="52.5095951" lon="13.3910669"><ele>38.4</ele><time>2025-09-21T10:49:35Z</time><extensions><gpxtpx:TrackPointExtension><gpxtpx:hr>154</gpxtpx:hr></gpxtpx:TrackPointExtension></extensions></trkpt>
  <trkpt lat="52.5096049" lon="13.3913043"><ele>38.4</ele><time>2025-09-21T10:49:40Z</time><extensions><gpxtpx:TrackPointExtension><gpxtpx:hr>154</gpxtpx:hr></gpxtpx:TrackPointExtension></extensions></trkpt>
  <trkpt lat="52.5096237" lon="13.3915184"><ele>38.4</ele><time>2025-09-21T10:49:45Z</time><extensions><gpxtpx:TrackPointExtension><gpxtpx:hr>155</gpxtpx:hr></gpxtpx:TrackPointExtension></extensions></trkpt>
  <trkpt lat="52.5096487" lon="13.3917423"><ele>38.3</ele><time>2025-09-21T10:49:50Z</time><extensions><gpxtpx:TrackPointExtension><gpxtpx:hr>154</gpxtpx:hr></gpxtpx:TrackPointExtension></extensions></trkpt>
  <trkpt lat="52.5096429" lon="13.3919676"><ele>38.3</ele><time>2025-09-21T10:49:55Z</time><extensions><gpxtpx:TrackPointExtension><gpxtpx:hr>154</gpxtpx:hr></gpxtpx:TrackPointExtension></extensions></trkpt>
  <trkpt lat="52.5096585" lon="13.3921931"><ele>38.3</ele><time>2025-09-21T10:50:00Z</time><extensions><gpxtpx:TrackPointExtension><gpxtpx:hr>153</gpxtpx:hr></gpxtpx:TrackPointExtension></extensions></trkpt>
  <trkpt lat="52.5096828" lon="13.3924053"><ele>38.3</ele><time>2025-09-21T10:50:05Z</time><extensions><gpxtpx:TrackPointExtension><gpxtpx:hr>154</gpxtpx:hr></gpxtpx:TrackPointExtension></extensions></trkpt>
  <trkpt lat="52.5097013" lon="13.3926376"><ele>38.3</ele><time>2025-09-21T10:50:10Z</time><extensions><gpxtpx:TrackPointExtension><gpxtpx:hr>153</gpxtpx:hr></gpxtpx:TrackPointExtension></extensions></trkpt>
  <trkpt lat="52.5098154" lon="13.3927555"><ele>38.2</ele><time>2025-09-21T10:50:15Z</time><extensions><gpxtpx:TrackPointExtension><gpxtpx:hr>153</gpxtpx:hr></gpxtpx:TrackPointExtension></extensions></trkpt>
  <trkpt lat="52.5099321" lon="13.3928607"><ele>38.2</ele><time>2025-09-21T10:50:20Z</time><extensions><gpxtpx:TrackPointExtension><gpxtpx:hr>153</gpxtpx:hr></gpxtpx:TrackPointExtension></extensions></trkpt>
  <trkpt lat="52.5100610" lon="13.3929538"><ele>38.2</ele><time>2025-09-21T10:50:25Z</time><extensions><gpxtpx:TrackPointExtension><gpxtpx:hr>153</gpxtpx:hr></gpxtpx:TrackPointExtension></extensions></trkpt>
  <trkpt lat="52.5101834" lon="13.3930543"><ele>38.2</ele><time>2025-09-21T10:50:30Z</time><extensions><gpxtpx:TrackPointExtension><gpxtpx:hr>153</gpxtpx:hr></gpxtpx:TrackPointExtension></extensions></trkpt>
  <trkpt lat="52.5103096" lon="13.3931361"><ele>38.2</ele><time>2025-09-21T10:50:35Z</time><extensions><gpxtpx:TrackPointExtension><gpxtpx:hr>154</gpxtpx:hr></gpxtpx:TrackPointExtension></extensions></trkpt>
  <trkpt lat="52.5103601" lon="13.3933307"><ele>38.1</ele><time>2025-09-21T10:50:40Z</time><extensions><gpxtpx:TrackPointExtension><gpxtpx:hr>154</gpxtpx:hr></gpxtpx:TrackPointExtension></extensions></trkpt>
  <trkpt lat="52.5103682" lon="13.3935528"><ele>38.1</ele><time>2025-09-21T10:50:45Z</time><extensions><gpxtpx:TrackPointExtension><gpxtpx:hr>153</gpxtpx:hr></gpxtpx:TrackPointExtension></extensions></trkpt>
  <trkpt lat="52.5103761" lon="13.3937651"><ele>38.1</ele><time>2025-09-21T10:50:50Z</time><extensions><gpxtpx:TrackPointExtension><gpxtpx:hr>153</gpxtpx:hr></gpxtpx:TrackPointExtension></extensions></trkpt>
  <trkpt lat="52.5104841" lon="13.3938367"><ele>38.1</ele><time>2025-09-21T10:50:55Z</time><extensions><gpxtpx:TrackPointExtension><gpxtpx:hr>153</gpxtpx:hr></gpxtpx:TrackPointExtension></extensions></trkpt>
  <trkpt lat="52.5105254" lon="13.3939880"><ele>38.1</ele><time>2025-09-21T10:51:00Z</time><extensions><gpxtpx:TrackPointExtension><gpxtpx:hr>152</gpxtpx:hr></gpxtpx:TrackPointExtension></extensions></trkpt>
  <trkpt lat="52.5105394" lon="13.3942138"><ele>38.0</ele><time>2025-09-21T10:51:05Z</time><extensions><gpxtpx:TrackPointExtension><gpxtpx:hr>152</gpxtpx:hr></gpxtpx:TrackPointExtension></extensions></trkpt>
  <trkpt lat="52.5105556" lon="13.3944491"><ele>38.0</ele><time>2025-09-21T10:51:10Z</time><extensions><gpxtpx:TrackPointExtension><gpxtpx:hr>153</gpxtpx:hr></gpxtpx:TrackPointExtension></extensions></trkpt>
  <trkpt lat="52.5105608" lon="13.3946767"><ele>38.0</ele><time>2025-09-21T10:51:15Z</time><extensions><gpxtpx:TrackPointExtension><gpxtpx:hr>154</gpxtpx:hr></gpxtpx:TrackPointExtension></extensions></trkpt>
  <trkpt lat="52.5105779" lon="13.3948937"><ele>38.0</ele><time>2025-09-21T10:51:20Z</time><extensions><gpxtpx:TrackPointExtension><gpxtpx:hr>154</gpxtpx:hr></gpxtpx:TrackPointExtension></extensions></trkpt>
  <trkpt lat="52.5105946" lon="13.3951308"><ele>38.0</ele><time>2025-09-21T10:51:25Z</time><extensions><gpxtpx:TrackPointExtension><gpxtpx:hr>154</gpxtpx:hr></gpxtpx:TrackPointExtension></extensions></trkpt>
  <trkpt lat="52.5105978" lon="13.3953477"><ele>38.0</ele><time>2025-09-21T10:51:30Z</time><extensions><gpxtpx:TrackPointExtension><gpxtpx:hr>155</gpxtpx:hr></gpxtpx:TrackPointExtension></extensions></trkpt>
  <trkpt lat="52.5106102" lon="13.3955774"><ele>37.9</ele><time>2025-09-21T10:51:35Z</time><extensions><gpxtpx:TrackPointExtension><gpxtpx:hr>156</gpxtpx:hr></gpxtpx:TrackPointExtension></extensions></trkpt>
  <trkpt lat="52.5106223" lon="13.3957884"><ele>37.9</ele><time>2025-09-21T10:51:40Z</time><extensions><gpxtpx:TrackPointExtension><gpxtpx:hr>155</gpxtpx:hr></gpxtpx:TrackPointExtension></extensions></trkpt>
  <trkpt lat="52.5106333" lon="13.3960243"><ele>37.9</ele><time>2025-09-21T10:51:45Z</time><extensions><gpxtpx:TrackPointExtension><gpxtpx:hr>155</gpxtpx:hr></gpxtpx:TrackPointExtension></extensions></trkpt>
  <trkpt lat="52.5106491" lon="13.3962437"><ele>37.9</ele><time>2025-09-21T10:51:50Z</time><extensions><gpxtpx:TrackPointExtension><gpxtpx:hr>156</gpxtpx:hr></gpxtpx:TrackPointExtension></extensions></trkpt>
  <trkpt lat="52.5106576" lon="13.3964709"><ele>37.9</ele><time>2025-09-21T10:51:55Z</time><extensions><gpxtpx:TrackPointExtension><gpxtpx:hr>156</gpxtpx:hr></gpxtpx:TrackPointExtension></extensions></trkpt>
  <trkpt lat="52.5106901" lon="13.3966905"><ele>37.8</ele><time>2025-09-21T10:52:00Z</time><extensions><gpxtpx:TrackPointExtension><gpxtpx:hr>156</gpxtpx:hr></gpxtpx:TrackPointExtension></extensions></trkpt>
  <trkpt lat="52.5107002" lon="13.3969079"><ele>37.8</ele><time>2025-09-21T10:52:05Z</time><extensions><gpxtpx:TrackPointExtension><gpxtpx:hr>157</gpxtpx:hr></gpxtpx:TrackPointExtension></extensions></trkpt>
  <trkpt lat="52.5107071" lon="13.3971448"><ele>37.8</ele><time>2025-09-21T10:52:10Z</time><extensions><gpxtpx:TrackPointExtension><gpxtpx:hr>157</gpxtpx:hr></gpxtpx:TrackPointExtension></extensions></trkpt>
  <trkpt lat="52.5107383" lon="13.3973585"><ele>37.8</ele><time>2025-09-21T10:52:15Z</time><extensions><gpxtpx:TrackPointExtension><gpxtpx:hr>156</gpxtpx:hr></gpxtpx:TrackPointExtension></extensions></trkpt>
  <trkpt lat="52.5107449" lon="13.3975758"><ele>37.8</ele><time>2025-09-21T10:52:20Z</time><extensions><gpxtpx:TrackPointExtension><gpxtpx:hr>156</gpxtpx:hr></gpxtpx:TrackPointExtension></extensions></trkpt>
  <trkpt lat="52.5107511" lon="13.3978090"><ele>37.7</ele><time>2025-09-21T10:52:25Z</time><extensions><gpxtpx:TrackPointExtension><gpxtpx:hr>156</gpxtpx:hr></gpxtpx:TrackPointExtension></extensions></trkpt>
  <trkpt lat="52.5107801" lon="13.3980422"><ele>37.7</ele><time>2025-09-21T10:52:30Z</time><extensions><gpxtpx:TrackPointExtension><gpxtpx:hr>155</gpxtpx:hr></gpxtpx:TrackPointExtension></extensions></trkpt>
  <trkpt lat="52.5107975" lon="13.3982623"><ele>37.7</ele><time>2025-09-21T10:52:35Z</time><extensions><gpxtpx:TrackPointExtension><gpxtpx:hr>155</gpxtpx:hr></gpxtpx:TrackPointExtension></extensions></trkpt>
  <trkpt lat="52.5108042" lon="13.3984811"><ele>37.7</ele><time>2025-09-21T10:52:40Z</time><extensions><gpxtpx:TrackPointExtension><gpxtpx:hr>156</gpxtpx:hr></gpxtpx:TrackPointExtension></extensions></trkpt>
  <trkpt lat="52.5108191" lon="13.3987022"><ele>37.7</ele><time>2025-09-21T10:52:45Z</time><extensions><gpxtpx:TrackPointExtension><gpxtpx:hr>157</gpxtpx:hr></gpxtpx:TrackPointExtension></extensions></trkpt>
  <trkpt lat="52.5108363" lon="13.3989246"><ele>37.6</ele><time>2025-09-21T10:52:50Z</time><extensions><gpxtpx:TrackPointExtension><gpxtpx:hr>157</gpxtpx:hr></gpxtpx:TrackPointExtension></extensions></trkpt>
  <trkpt lat="52.5108472" lon="13.3991572"><ele>37.6</ele><time>2025-09-21T10:52:55Z</time><extensions><gpxtpx:TrackPointExtension><gpxtpx:hr>157</gpxtpx:hr></gpxtpx:TrackPointExtension></extensions></trkpt>
  <trkpt lat="52.5108640" lon="13.3993858"><ele>37.6</ele><time>2025-09-21T10:53:00Z</time><extensions><gpxtpx:TrackPointExtension><gpxtpx:hr>156</gpxtpx:hr></gpxtpx:TrackPointExtension></extensions></trkpt>
  <trkpt lat="52.5108781" lon="13.3996073"><ele>37.6</ele><time>2025-09-21T10:53:05Z</time><extensions><gpxtpx:TrackPointExtension><gpxtpx:hr>156</gpxtpx:hr></gpxtpx:TrackPointExtension></extensions></trkpt>
  <trkpt lat="52.5108936" lon="13.3998263"><ele>37.6</ele><time>2025-09-21T10:53:10Z</time><extensions><gpxtpx:TrackPointExtension><gpxtpx:hr>156</gpxtpx:hr></gpxtpx:TrackPointExtension></extensions></trkpt>
  <trkpt lat="52.5108997" lon="13.4000596"><ele>37.5</ele><time>2025-09-21T10:53:15Z</time><extensions><gpxtpx:TrackPointExtension><gpxtpx:hr>155</gpxtpx:hr></gpxtpx:TrackPointExtension></extensions></trkpt>
  <trkpt lat="52.5109142" lon="13.4002688"><ele>37.5</ele><time>2025-09-21T10:53:20Z</time><extensions><gpxtpx:TrackPointExtension><gpxtpx:hr>156</gpxtpx:hr></gpxtpx:TrackPointExtension></extensions></trkpt>
  <trkpt lat="52.5109298" lon="13.4005004"><ele>37.5</ele><time>2025-09-21T10:53:25Z</time><extensions><gpxtpx:TrackPointExtension><gpxtpx:hr>155</gpxtpx:hr></gpxtpx:TrackPointExtension></extensions></trkpt>
  <trkpt lat="52.5109451" lon="13.4007257"><ele>37.5</ele><time>2025-09-21T10:53:30Z</time><extensions><gpxtpx:TrackPointExtension><gpxtpx:hr>155</gpxtpx:hr></gpxtpx:TrackPointExtension></extensions></trkpt>
  <trkpt lat="52.5109756" lon="13.4009362"><ele>37.5</ele><time>2025-09-21T10:53:35Z</time><extensions><gpxtpx:TrackPointExtension><gpxtpx:hr>155</gpxtpx:hr></gpxtpx:TrackPointExtension></extensions></trkpt>
  <trkpt lat="52.5110209" lon="13.4011578"><ele>37.4</ele><time>2025-09-21T10:53:40Z</time><extensions><gpxtpx:TrackPointExtension><gpxtpx:hr>154</gpxtpx:hr></gpxtpx:TrackPointExtension></extensions></trkpt>
  <trkpt lat="52.5110741" lon="13.4013578"><ele>37.4</ele><time>2025-09-21T10:53:45Z</time><extensions><gpxtpx:TrackPointExtension><gpxtpx:hr>154</gpxtpx:hr></gpxtpx:TrackPointExtension></extensions></trkpt>
  <trkpt lat="52.5111859" lon="13.4014420"><ele>37.4</ele><time>2025-09-21T10:53:50Z</time><extensions><gpxtpx:TrackPointExtension><gpxtpx:hr>154</gpxtpx:hr></gpxtpx:TrackPointExtension></extensions></trkpt>
  <trkpt lat="52.5113110" lon="13.4013209"><ele>37.4</ele><time>2025-09-21T10:53:55Z</time><extensions><gpxtpx:TrackPointExtension><gpxtpx:hr>155</gpxtpx:hr></gpxtpx:TrackPointExtension></extensions></trkpt>
  <trkpt lat="52.5114280" lon="13.4012332"><ele>37.4</ele><time>2025-09-21T10:54:00Z</time><extensions><gpxtpx:TrackPointExtension><gpxtpx:hr>155</gpxtpx:hr></gpxtpx:TrackPointExtension></extensions></trkpt>
  <trkpt lat="52.5115063" lon="13.4012684"><ele>37.3</ele><time>2025-09-21T10:54:05Z</time><extensions><gpxtpx:TrackPointExtension><gpxtpx:hr>154</gpxtpx:hr></gpxtpx:TrackPointExtension></extensions></trkpt>
  <trkpt lat="52.5115871" lon="13.4010814"><ele>37.3</ele><time>2025-09-21T10:54:10Z</time><extensions><gpxtpx:TrackPointExtension><gpxtpx:hr>155</gpxtpx:hr></gpxtpx:TrackPointExtension></extensions></trkpt>
  <trkpt lat="52.5116618" lon="13.4008796"><ele>37.3</ele><time>2025-09-21T10:54:15Z</time><extensions><gpxtpx:TrackPointExtension><gpxtpx:hr>154</gpxtpx:hr></gpxtpx:TrackPointExtension></extensions></trkpt>
  <trkpt lat="52.5117372" lon="13.4007001"><ele>37.3</ele><time>2025-09-21T10:54:20Z</time><extensions><gpxtpx:TrackPointExtension><gpxtpx:hr>154</gpxtpx:hr></gpxtpx:TrackPointExtension></extensions></trkpt>
  <trkpt lat="52.5118111" lon="13.4005070"><ele>37.2</ele><time>2025-09-21T10:54:25Z</time><extensions><gpxtpx:TrackPointExtension><gpxtpx:hr>154</gpxtpx:hr></gpxtpx:TrackPointExtension></extensions></trkpt>
  <trkpt lat="52.5118843" lon="13.4003262"><ele>37.2</ele><time>2025-09-21T10:54:30Z</time><extensions><gpxtpx:TrackPointExtension><gpxtpx:hr>154</gpxtpx:hr></gpxtpx:TrackPointExtension></extensions></trkpt>
  <trkpt lat="52.5119716" lon="13.4001414"><ele>37.2</ele><time>2025-09-21T10:54:35Z</time><extensions><gpxtpx:TrackPointExtension><gpxtpx:hr>154</gpxtpx:hr></gpxtpx:TrackPointExtension></extensions></trkpt>
  <trkpt lat="52.5120441" lon="13.3999449"><ele>37.2</ele><time>2025-09-21T10:54:40Z</time><extensions><gpxtpx:TrackPointExtension><gpxtpx:hr>155</gpxtpx:hr></gpxtpx:TrackPointExtension></extensions></trkpt>
  <trkpt lat="52.5121219" lon="13.3997593"><ele>37.2</ele><time>2025-09-21T10:54:45Z</time><extensions><gpxtpx:TrackPointExtension><gpxtpx:hr>154</gpxtpx:hr></gpxtpx:TrackPointExtension></extensions></trkpt>
  <trkpt lat="52.5122032" lon="13.3995799"><ele>37.1</ele><time>2025-09-21T10:54:50Z</time><extensions><gpxtpx:TrackPointExtension><gpxtpx:hr>154</gpxtpx:hr></gpxtpx:TrackPointExtension></extensions></trkpt>
  <trkpt lat="52.5122732" lon="13.3993946"><ele>37.1</ele><time>2025-09-21T10:54:55Z</time><extensions><gpxtpx:TrackPointExtension><gpxtpx:hr>155</gpxtpx:hr></gpxtpx:TrackPointExtension></extensions></trkpt>
  <trkpt lat="52.5123537" lon="13.3992047"><ele>37.1</ele><time>2025-09-21T10:55:00Z</time><extensions><gpxtpx:TrackPointExtension><gpxtpx:hr>155</gpxtpx:hr></gpxtpx:TrackPointExtension></extensions></trkpt>
  <trkpt lat="52.5124282" lon="13.3990150"><ele>37.1</ele><time>2025-09-21T10:55:05Z</time><extensions><gpxtpx:TrackPointExtension><gpxtpx:hr>155</gpxtpx:hr></gpxtpx:TrackPointExtension></extensions></trkpt>
  <trkpt lat="52.5125040" lon="13.3988376"><ele>37.1</ele><time>2025-09-21T10:55:10Z</time><extensions><gpxtpx:TrackPointExtension><gpxtpx:hr>154</gpxtpx:hr></gpxtpx:TrackPointExtension></extensions></trkpt>
  <trkpt lat="52.5125846" lon="13.3986402"><ele>37.0</ele><time>2025-09-21T10:55:15Z</time><extensions><gpxtpx:TrackPointExtension><gpxtpx:hr>154</gpxtpx:hr></gpxtpx:TrackPointExtension></extensions></trkpt>
  <trkpt lat="52.5126616" lon="13.3984597"><ele>37.0</ele><time>2025-09-21T10:55:20Z</time><extensions><gpxtpx:TrackPointExtension><gpxtpx:hr>154</gpxtpx:hr></gpxtpx:TrackPointExtension></extensions></trkpt>
  <trkpt lat="52.5127382" lon="13.3982674"><ele>37.0</ele><time>2025-09-21T10:55:25Z</time><extensions><gpxtpx:TrackPointExtension><gpxtpx:hr>154</gpxtpx:hr></gpxtpx:TrackPointExtension></extensions></trkpt>
  <trkpt lat="52.5128099" lon="13.3980672"><ele>37.0</ele><time>2025-09-21T10:55:30Z</time><extensions><gpxtpx:TrackPointExtension><gpxtpx:hr>154</gpxtpx:hr></gpxtpx:TrackPointExtension></extensions></trkpt>
  <trkpt lat="52.5128893" lon="13.3978994"><ele>37.0</ele><time>2025-09-21T10:55:35Z</time><extensions><gpxtpx:TrackPointExtension><gpxtpx:hr>154</gpxtpx:hr></gpxtpx:TrackPointExtension></extensions></trkpt>
  <trkpt lat="52.5129694" lon="13.3977112"><ele>36.9</ele><time>2025-09-21T10:55:40Z</time><extensions><gpxtpx:TrackPointExtension><gpxtpx:hr>154</gpxtpx:hr></gpxtpx:TrackPointExtension></extensions></trkpt>
  <trkpt lat="52.5130465" lon="13.3975253"><ele>36.9</ele><time>2025-09-21T10:55:45Z</time><extensions><gpxtpx:TrackPointExtension><gpxtpx:hr>155</gpxtpx:hr></gpxtpx:TrackPointExtension></extensions></trkpt>
  <trkpt lat="52.5131275" lon="13.3973245"><ele>36.9</ele><time>2025-09-21T10:55:50Z</time><extensions><gpxtpx:TrackPointExtension><gpxtpx:hr>155</gpxtpx:hr></gpxtpx:TrackPointExtension></extensions></trkpt>
  <trkpt lat="52.5132018" lon="13.3971391"><ele>36.9</ele><time>2025-09-21T10:55:55Z</time><extensions><gpxtpx:TrackPointExtension><gpxtpx:hr>155</gpxtpx:hr></gpxtpx:TrackPointExtension></extensions></trkpt>
  <trkpt lat="52.5132514" lon="13.3969270"><ele>36.9</ele><time>2025-09-21T10:56:00Z</time><extensions><gpxtpx:TrackPointExtension><gpxtpx:hr>156</gpxtpx:hr></gpxtpx:TrackPointExtension></extensions></trkpt>
  <trkpt lat="52.5132317" lon="13.3967264"><ele>36.8</ele><time>2025-09-21T10:56:05Z</time><extensions><gpxtpx:TrackPointExtension><gpxtpx:hr>155</gpxtpx:hr></gpxtpx:TrackPointExtension></extensions></trkpt>
  <trkpt lat="52.5131914" lon="13.3964986"><ele>36.8</ele><time>2025-09-21T10:56:10Z</time><extensions><gpxtpx:TrackPointExtension><gpxtpx:hr>155</gpxtpx:hr></gpxtpx:TrackPointExtension></extensions></trkpt>
  <trkpt lat="52.5131321" lon="13.3963317"><ele>36.8</ele><time>2025-09-21T10:56:15Z</time><extensions><gpxtpx:TrackPointExtension><gpxtpx:hr>155</gpxtpx:hr></gpxtpx:TrackPointExtension></extensions></trkpt>
  <trkpt lat="52.5131733" lon="13.3961155"><ele>36.8</ele><time>2025-09-21T10:56:20Z</time><extensions><gpxtpx:TrackPointExtension><gpxtpx:hr>155</gpxtpx:hr></gpxtpx:TrackPointExtension></extensions></trkpt>
  <trkpt lat="52.5132115" lon="13.3959006"><ele>36.8</ele><time>2025-09-21T10:56:25Z</time><extensions><gpxtpx:TrackPointExtension><gpxtpx:hr>154</gpxtpx:hr></gpxtpx:TrackPointExtension></extensions></trkpt>
  <trkpt lat="52.5132546" lon="13.3956836"><ele>36.7</ele><time>2025-09-21T10:56:30Z</time><extensions><gpxtpx:TrackPointExtension><gpxtpx:hr>154</gpxtpx:hr></gpxtpx:TrackPointExtension></extensions></trkpt>
  <trkpt lat="52.5132807" lon="13.3954670"><ele>36.7</ele><time>2025-09-21T10:56:35Z</time><extensions><gpxtpx:TrackPointExtension><gpxtpx:hr>155</gpxtpx:hr></gpxtpx:TrackPointExtension></extensions></trkpt>
  <trkpt lat="52.5132614" lon="13.3952467"><ele>36.7</ele><time>2025-09-21T10:56:40Z</time><extensions><gpxtpx:TrackPointExtension><gpxtpx:hr>155</gpxtpx:hr></gpxtpx:TrackPointExtension></extensions></trkpt>
  <trkpt lat="52.5132448" lon="13.3950245"><ele>36.7</ele><time>2025-09-21T10:56:45Z</time><extensions><gpxtpx:TrackPointExtension><gpxtpx:hr>156</gpxtpx:hr></gpxtpx:TrackPointExtension></extensions></trkpt>
  <trkpt lat="52.5132296" lon="13.3947855"><ele>36.7</ele><time>2025-09-21T10:56:50Z</time><extensions><gpxtpx:TrackPointExtension><gpxtpx:hr>156</gpxtpx:hr></gpxtpx:TrackPointExtension></extensions></trkpt>
  <trkpt lat="52.5132288" lon="13.3945810"><ele>36.6</ele><time>2025-09-21T10:56:55Z</time><extensions><gpxtpx:TrackPointExtension><gpxtpx:hr>156</gpxtpx:hr></gpxtpx:TrackPointExtension></extensions></trkpt>
  <trkpt lat="52.5132088" lon="13.3943490"><ele>36.6</ele><time>2025-09-21T10:57:00Z</time><extensions><gpxtpx:TrackPointExtension><gpxtpx:hr>155</gpxtpx:hr></gpxtpx:TrackPointExtension></extensions></trkpt>
  <trkpt lat="52.5131920" lon="13.3941193"><ele>36.6</ele><time>2025-09-21T10:57:05Z</time><extensions><gpxtpx:TrackPointExtension><gpxtpx:hr>154</gpxtpx:hr></gpxtpx:TrackPointExtension></extensions></trkpt>
  <trkpt lat="52.5131850" lon="13.3939051"><ele>36.6</ele><time>2025-09-21T10:57:10Z</time><extensions><gpxtpx:TrackPointExtension><gpxtpx:hr>155</gpxtpx:hr></gpxtpx:TrackPointExtension></extensions></trkpt>
  <trkpt lat="52.5131702" lon="13.3936669"><ele>36.5</ele><time>2025-09-21T10:57:15Z</time><extensions><gpxtpx:TrackPointExtension><gpxtpx:hr>155</gpxtpx:hr></gpxtpx:TrackPointExtension></extensions></trkpt>
  <trkpt lat="52.5131602" lon="13.3934496"><ele>36.5</ele><time>2025-09-21T10:57:20Z</time><extensions><gpxtpx:TrackPointExtension><gpxtpx:hr>155</gpxtpx:hr></gpxtpx:TrackPointExtension></extensions></trkpt>
  <trkpt lat="52.5132233" lon="13.3933303"><ele>36.5</ele><time>2025-09-21T10:57:25Z</time><extensions><gpxtpx:TrackPointExtension><gpxtpx:hr>155</gpxtpx:hr></gpxtpx:TrackPointExtension></extensions></trkpt>
  <trkpt lat="52.5132005" lon="13.3930954"><ele>36.5</ele><time>2025-09-21T10:57:30Z</time><extensions><gpxtpx:TrackPointExtension><gpxtpx:hr>156</gpxtpx:hr></gpxtpx:TrackPointExtension></extensions></trkpt>
  <trkpt lat="52.5131919" lon="13.3928768"><ele>36.5</ele><time>2025-09-21T10:57:35Z</time><extensions><gpxtpx:TrackPointExtension><gpxtpx:hr>155</gpxtpx:hr></gpxtpx:TrackPointExtension></extensions></trkpt>
  <trkpt lat="52.5131819" lon="13.3926601"><ele>36.4</ele><time>2025-09-21T10:57:40Z</time><extensions><gpxtpx:TrackPointExtension><gpxtpx:hr>156</gpxtpx:hr></gpxtpx:TrackPointExtension></extensions></trkpt>
  <trkpt lat="52.5132740" lon="13.3925775"><ele>36.4</ele><time>2025-09-21T10:57:45Z</time><extensions><gpxtpx:TrackPointExtension><gpxtpx:hr>157</gpxtpx:hr></gpxtpx:TrackPointExtension></extensions></trkpt>
  <trkpt lat="52.5134136" lon="13.3925461"><ele>36.4</ele><time>2025-09-21T10:57:50Z</time><extensions><gpxtpx:TrackPointExtension><gpxtpx:hr>158</gpxtpx:hr></gpxtpx:TrackPointExtension></extensions></trkpt>
  <trkpt lat="52.5135459" lon="13.3925226"><ele>36.4</ele><time>2025-09-21T10:57:55Z</time><extensions><gpxtpx:TrackPointExtension><gpxtpx:hr>158</gpxtpx:hr></gpxtpx:TrackPointExtension></extensions></trkpt>
  <trkpt lat="52.5136924" lon="13.3925026"><ele>36.4</ele><time>2025-09-21T10:58:00Z</time><extensions><gpxtpx:TrackPointExtension><gpxtpx:hr>158</gpxtpx:hr></gpxtpx:TrackPointExtension></extensions></trkpt>
  <trkpt lat="52.5138289" lon="13.3924785"><ele>36.3</ele><time>2025-09-21T10:58:05Z</time><extensions><gpxtpx:TrackPointExtension><gpxtpx:hr>157</gpxtpx:hr></gpxtpx:TrackPointExtension></extensions></trkpt>
  <trkpt lat="52.5139669" lon="13.3924630"><ele>36.3</ele><time>2025-09-21T10:58:10Z</time><extensions><gpxtpx:TrackPointExtension><gpxtpx:hr>157</gpxtpx:hr></gpxtpx:TrackPointExtension></extensions></trkpt>
  <trkpt lat="52.5140326" lon="13.3923492"><ele>36.3</ele><time>2025-09-21T10:58:15Z</time><extensions><gpxtpx:TrackPointExtension><gpxtpx:hr>156</gpxtpx:hr></gpxtpx:TrackPointExtension></extensions></trkpt>
  <trkpt lat="52.5140185" lon="13.3921308"><ele>36.3</ele><time>2025-09-21T10:58:20Z</time><extensions><gpxtpx:TrackPointExtension><gpxtpx:hr>156</gpxtpx:hr></gpxtpx:TrackPointExtension></extensions></trkpt>
  <trkpt lat="52.5140184" lon="13.3919046"><ele>36.3</ele><time>2025-09-21T10:58:25Z</time><extensions><gpxtpx:TrackPointExtension><gpxtpx:hr>156</gpxtpx:hr></gpxtpx:TrackPointExtension></extensions></trkpt>
  <trkpt lat="52.5139916" lon="13.3916840"><ele>36.2</ele><time>2025-09-21T10:58:30Z</time><extensions><gpxtpx:TrackPointExtension><gpxtpx:hr>156</gpxtpx:hr></gpxtpx:TrackPointExtension></extensions></trkpt>
  <trkpt lat="52.5139910" lon="13.3914476"><ele>36.2</ele><time>2025-09-21T10:58:35Z</time><extensions><gpxtpx:TrackPointExtension><gpxtpx:hr>156</gpxtpx:hr></gpxtpx:TrackPointExtension></extensions></trkpt>
  <trkpt lat="52.5140469" lon="13.3913369"><ele>36.2</ele><time>2025-09-21T10:58:40Z</time><extensions><gpxtpx:TrackPointExtension><gpxtpx:hr>156</gpxtpx:hr></gpxtpx:TrackPointExtension></extensions></trkpt>
  <trkpt lat="52.5140588" lon="13.3911724"><ele>36.2</ele><time>2025-09-21T10:58:45Z</time><extensions><gpxtpx:TrackPointExtension><gpxtpx:hr>157</gpxtpx:hr></gpxtpx:TrackPointExtension></extensions></trkpt>
  <trkpt lat="52.5141658" lon="13.3910955"><ele>36.2</ele><time>2025-09-21T10:58:50Z</time><extensions><gpxtpx:TrackPointExtension><gpxtpx:hr>158</gpxtpx:hr></gpxtpx:TrackPointExtension></extensions></trkpt>
  <trkpt lat="52.5142966" lon="13.3910775"><ele>36.1</ele><time>2025-09-21T10:58:55Z</time><extensions><gpxtpx:TrackPointExtension><gpxtpx:hr>158</gpxtpx:hr></gpxtpx:TrackPointExtension></extensions></trkpt>
  <trkpt lat="52.5144409" lon="13.3910587"><ele>36.1</ele><time>2025-09-21T10:59:00Z</time><extensions><gpxtpx:TrackPointExtension><gpxtpx:hr>157</gpxtpx:hr></gpxtpx:TrackPointExtension></extensions></trkpt>
  <trkpt lat="52.5145756" lon="13.3910301"><ele>36.1</ele><time>2025-09-21T10:59:05Z</time><extensions><gpxtpx:TrackPointExtension><gpxtpx:hr>157</gpxtpx:hr></gpxtpx:TrackPointExtension></extensions></trkpt>
  <trkpt lat="52.5147098" lon="13.3910243"><ele>36.1</ele><time>2025-09-21T10:59:10Z</time><extensions><gpxtpx:TrackPointExtension><gpxtpx:hr>158</gpxtpx:hr></gpxtpx:TrackPointExtension></extensions></trkpt>
  <trkpt lat="52.5148431" lon="13.3909562"><ele>36.1</ele><time>2025-09-21T10:59:15Z</time><extensions><gpxtpx:TrackPointExtension><gpxtpx:hr>157</gpxtpx:hr></gpxtpx:TrackPointExtension></extensions></trkpt>
  <trkpt lat="52.5149717" lon="13.3909693"><ele>36.0</ele><time>2025-09-21T10:59:20Z</time><extensions><gpxtpx:TrackPointExtension><gpxtpx:hr>157</gpxtpx:hr></gpxtpx:TrackPointExtension></extensions></trkpt>
  <trkpt lat="52.5151078" lon="13.3909373"><ele>36.0</ele><time>2025-09-21T10:59:25Z</time><extensions><gpxtpx:TrackPointExtension><gpxtpx:hr>157</gpxtpx:hr></gpxtpx:TrackPointExtension></extensions></trkpt>
  <trkpt lat="52.5152488" lon="13.3909176"><ele>36.0</ele><time>2025-09-21T10:59:30Z</time><extensions><gpxtpx:TrackPointExtension><gpxtpx:hr>157</gpxtpx:hr></gpxtpx:TrackPointExtension></extensions></trkpt>
  <trkpt lat="52.5153793" lon="13.3909024"><ele>36.0</ele><time>2025-09-21T10:59:35Z</time><extensions><gpxtpx:TrackPointExtension><gpxtpx:hr>156</gpxtpx:hr></gpxtpx:TrackPointExtension></extensions></trkpt>
  <trkpt lat="52.5155175" lon="13.3908690"><ele>35.9</ele><time>2025-09-21T10:59:40Z</time><extensions><gpxtpx:TrackPointExtension><gpxtpx:hr>155</gpxtpx:hr></gpxtpx:TrackPointExtension></extensions></trkpt>
  <trkpt lat="52.5156557" lon="13.3908459"><ele>35.9</ele><time>2025-09-21T10:59:45Z</time><extensions><gpxtpx:TrackPointExtension><gpxtpx:hr>154</gpxtpx:hr></gpxtpx:TrackPointExtension></extensions></trkpt>
  <trkpt lat="52.5157754" lon="13.3907927"><ele>35.9</ele><time>2025-09-21T10:59:50Z</time><extensions><gpxtpx:TrackPointExtension><gpxtpx:hr>153</gpxtpx:hr></gpxtpx:TrackPointExtension></extensions></trkpt>
  <trkpt lat="52.5159146" lon="13.3907768"><ele>35.9</ele><time>2025-09-21T10:59:55Z</time><extensions><gpxtpx:TrackPointExtension><gpxtpx:hr>154</gpxtpx:hr></gpxtpx:TrackPointExtension></extensions></trkpt>
  <trkpt lat="52.5160500" lon="13.3907440"><ele>35.9</ele><time>2025-09-21T11:00:00Z</time><extensions><gpxtpx:TrackPointExtension><gpxtpx:hr>153</gpxtpx:hr></gpxtpx:TrackPointExtension></extensions></trkpt>
  <trkpt lat="52.5161836" lon="13.3907290"><ele>35.8</ele><time>2025-09-21T11:00:05Z</time><extensions><gpxtpx:TrackPointExtension><gpxtpx:hr>153</gpxtpx:hr></gpxtpx:TrackPointExtension></extensions></trkpt>
  <trkpt lat="52.5163167" lon="13.3907020"><ele>35.8</ele><time>2025-09-21T11:00:10Z</time><extensions><gpxtpx:TrackPointExtension><gpxtpx:hr>154</gpxtpx:hr></gpxtpx:TrackPointExtension></extensions></trkpt>
  <trkpt lat="52.5164612" lon="13.3906850"><ele>35.8</ele><time>2025-09-21T11:00:15Z</time><extensions><gpxtpx:TrackPointExtension><gpxtpx:hr>153</gpxtpx:hr></gpxtpx:TrackPointExtension></extensions></trkpt>
  <trkpt lat="52.5166000" lon="13.3906516"><ele>35.8</ele><time>2025-09-21T11:00:20Z</time><extensions><gpxtpx:TrackPointExtension><gpxtpx:hr>154</gpxtpx:hr></gpxtpx:TrackPointExtension></extensions></trkpt>
  <trkpt lat="52.5167300" lon="13.3906195"><ele>35.8</ele><time>2025-09-21T11:00:25Z</time><extensions><gpxtpx:TrackPointExtension><gpxtpx:hr>155</gpxtpx:hr></gpxtpx:TrackPointExtension></extensions></trkpt>
  <trkpt lat="52.5168681" lon="13.3906026"><ele>35.7</ele><time>2025-09-21T11:00:30Z</time><extensions><gpxtpx:TrackPointExtension><gpxtpx:hr>154</gpxtpx:hr></gpxtpx:TrackPointExtension></extensions></trkpt>
  <trkpt lat="52.5168578" lon="13.3903795"><ele>35.7</ele><time>2025-09-21T11:00:35Z</time><extensions><gpxtpx:TrackPointExtension><gpxtpx:hr>154</gpxtpx:hr></gpxtpx:TrackPointExtension></extensions></trkpt>
  <trkpt lat="52.5168456" lon="13.3901578"><ele>35.7</ele><time>2025-09-21T11:00:40Z</time><extensions><gpxtpx:TrackPointExtension><gpxtpx:hr>155</gpxtpx:hr></gpxtpx:TrackPointExtension></extensions></trkpt>
  <trkpt lat="52.5168354" lon="13.3899342"><ele>35.7</ele><time>2025-09-21T11:00:45Z</time><extensions><gpxtpx:TrackPointExtension><gpxtpx:hr>155</gpxtpx:hr></gpxtpx:TrackPointExtension></extensions></trkpt>
  <trkpt lat="52.5168228" lon="13.3897157"><ele>35.7</ele><time>2025-09-21T11:00:50Z</time><extensions><gpxtpx:TrackPointExtension><gpxtpx:hr>155</gpxtpx:hr></gpxtpx:TrackPointExtension></extensions></trkpt>
  <trkpt lat="52.5168065" lon="13.3894901"><ele>35.6</ele><time>2025-09-21T11:00:55Z</time><extensions><gpxtpx:TrackPointExtension><gpxtpx:hr>156</gpxtpx:hr></gpxtpx:TrackPointExtension></extensions></trkpt>
  <trkpt lat="52.5167929" lon="13.3892678"><ele>35.6</ele><time>2025-09-21T11:01:00Z</time><extensions><gpxtpx:TrackPointExtension><gpxtpx:hr>155</gpxtpx:hr></gpxtpx:TrackPointExtension></extensions></trkpt>
  <trkpt lat="52.5167815" lon="13.3890340"><ele>35.6</ele><time>2025-09-21T11:01:05Z</time><extensions><gpxtpx:TrackPointExtension><gpxtpx:hr>155</gpxtpx:hr></gpxtpx:TrackPointExtension></extensions></trkpt>
  <trkpt lat="52.5169150" lon="13.3890030"><ele>35.6</ele><time>2025-09-21T11:01:10Z</time><extensions><gpxtpx:TrackPointExtension><gpxtpx:hr>154</gpxtpx:hr></gpxtpx:TrackPointExtension></extensions></trkpt>
  <trkpt lat="52.5170284" lon="13.3889333"><ele>35.6</ele><time>2025-09-21T11:01:15Z</time><extensions><gpxtpx:TrackPointExtension><gpxtpx:hr>155</gpxtpx:hr></gpxtpx:TrackPointExtension></extensions></trkpt>
  <trkpt lat="52.5170041" lon="13.3887200"><ele>35.5</ele><time>2025-09-21T11:01:20Z</time><extensions><gpxtpx:TrackPointExtension><gpxtpx:hr>155</gpxtpx:hr></gpxtpx:TrackPointExtension></extensions></trkpt>
  <trkpt lat="52.5170344" lon="13.3885359"><ele>35.5</ele><time>2025-09-21T11:01:25Z</time><extensions><gpxtpx:TrackPointExtension><gpxtpx:hr>155</gpxtpx:hr></gpxtpx:TrackPointExtension></extensions></trkpt>
  <trkpt lat="52.5170209" lon="13.3883087"><ele>35.5</ele><time>2025-09-21T11:01:30Z</time><extensions><gpxtpx:TrackPointExtension><gpxtpx:hr>155</gpxtpx:hr></gpxtpx:TrackPointExtension></extensions></trkpt>
  <trkpt lat="52.5169994" lon="13.3881000"><ele>35.5</ele><time>2025-09-21T11:01:35Z</time><extensions><gpxtpx:TrackPointExtension><gpxtpx:hr>156</gpxtpx:hr></gpxtpx:TrackPointExtension></extensions></trkpt>
  <trkpt lat="52.5169913" lon="13.3878726"><ele>35.4</ele><time>2025-09-21T11:01:40Z</time><extensions><gpxtpx:TrackPointExtension><gpxtpx:hr>155</gpxtpx:hr></gpxtpx:TrackPointExtension></extensions></trkpt>
  <trkpt lat="52.5169677" lon="13.3876513"><ele>35.4</ele><time>2025-09-21T11:01:45Z</time><extensions><gpxtpx:TrackPointExtension><gpxtpx:hr>155</gpxtpx:hr></gpxtpx:TrackPointExtension></extensions></trkpt>
  <trkpt lat="52.5169616" lon="13.3874217"><ele>35.4</ele><time>2025-09-21T11:01:50Z</time><extensions><gpxtpx:TrackPointExtension><gpxtpx:hr>154</gpxtpx:hr></gpxtpx:TrackPointExtension></extensions></trkpt>
  <trkpt lat="52.5169449" lon="13.3871931"><ele>35.4</ele><time>2025-09-21T11:01:55Z</time><extensions><gpxtpx:TrackPointExtension><gpxtpx:hr>154</gpxtpx:hr></gpxtpx:TrackPointExtension></extensions></trkpt>
  <trkpt lat="52.5169226" lon="13.3869773"><ele>35.4</ele><time>2025-09-21T11:02:00Z</time><extensions><gpxtpx:TrackPointExtension><gpxtpx:hr>154</gpxtpx:hr></gpxtpx:TrackPointExtension></extensions></trkpt>
  <trkpt lat="52.5169126" lon="13.3867484"><ele>35.3</ele><time>2025-09-21T11:02:05Z</time><extensions><gpxtpx:TrackPointExtension><gpxtpx:hr>155</gpxtpx:hr></gpxtpx:TrackPointExtension></extensions></trkpt>
  <trkpt lat="52.5168971" lon="13.3865242"><ele>35.3</ele><time>2025-09-21T11:02:10Z</time><extensions><gpxtpx:TrackPointExtension><gpxtpx:hr>155</gpxtpx:hr></gpxtpx:TrackPointExtension></extensions></trkpt>
  <trkpt lat="52.5168813" lon="13.3862995"><ele>35.3</ele><time>2025-09-21T11:02:15Z</time><extensions><gpxtpx:TrackPointExtension><gpxtpx:hr>156</gpxtpx:hr></gpxtpx:TrackPointExtension></extensions></trkpt>
  <trkpt lat="52.5168740" lon="13.3860794"><ele>35.3</ele><time>2025-09-21T11:02:20Z</time><extensions><gpxtpx:TrackPointExtension><gpxtpx:hr>155</gpxtpx:hr></gpxtpx:TrackPointExtension></extensions></trkpt>
  <trkpt lat="52.5168259" lon="13.3859344"><ele>35.3</ele><time>2025-09-21T11:02:25Z</time><extensions><gpxtpx:TrackPointExtension><gpxtpx:hr>155</gpxtpx:hr></gpxtpx:TrackPointExtension></extensions></trkpt>
  <trkpt lat="52.5168067" lon="13.3856965"><ele>35.2</ele><time>2025-09-21T11:02:30Z</time><extensions><gpxtpx:TrackPointExtension><gpxtpx:hr>156</gpxtpx:hr></gpxtpx:TrackPointExtension></extensions></trkpt>
  <trkpt lat="52.5168333" lon="13.3855282"><ele>35.2</ele><time>2025-09-21T11:02:35Z</time><extensions><gpxtpx:TrackPointExtension><gpxtpx:hr>155</gpxtpx:hr></gpxtpx:TrackPointExtension></extensions></trkpt>
  <trkpt lat="52.5168188" lon="13.3853076"><ele>35.2</ele><time>2025-09-21T11:02:40Z</time><extensions><gpxtpx:TrackPointExtension><gpxtpx:hr>154</gpxtpx:hr></gpxtpx:TrackPointExtension></extensions></trkpt>
  <trkpt lat="52.5168055" lon="13.3850785"><ele>35.2</ele><time>2025-09-21T11:02:45Z</time><extensions><gpxtpx:TrackPointExtension><gpxtpx:hr>154</gpxtpx:hr></gpxtpx:TrackPointExtension></extensions></trkpt>
  <trkpt lat="52.5167943" lon="13.3848620"><ele>35.2</ele><time>2025-09-21T11:02:50Z</time><extensions><gpxtpx:TrackPointExtension><gpxtpx:hr>154</gpxtpx:hr></gpxtpx:TrackPointExtension></extensions></trkpt>
  <trkpt lat="52.5167787" lon="13.3846420"><ele>35.1</ele><time>2025-09-21T11:02:55Z</time><extensions><gpxtpx:TrackPointExtension><gpxtpx:hr>153</gpxtpx:hr></gpxtpx:TrackPointExtension></extensions></trkpt>
  <trkpt lat="52.5167566" lon="13.3844104"><ele>35.1</ele><time>2025-09-21T11:03:00Z</time><extensions><gpxtpx:TrackPointExtension><gpxtpx:hr>153</gpxtpx:hr></gpxtpx:TrackPointExtension></extensions></trkpt>
  <trkpt lat="52.5167542" lon="13.3841949"><ele>35.1</ele><time>2025-09-21T11:03:05Z</time><extensions><gpxtpx:TrackPointExtension><gpxtpx:hr>153</gpxtpx:hr></gpxtpx:TrackPointExtension></extensions></trkpt>
  <trkpt lat="52.5166920" lon="13.3840254"><ele>35.1</ele><time>2025-09-21T11:03:10Z</time><extensions><gpxtpx:TrackPointExtension><gpxtpx:hr>153</gpxtpx:hr></gpxtpx:TrackPointExtension></extensions></trkpt>
  <trkpt lat="52.5167015" lon="13.3838209"><ele>35.1</ele><time>2025-09-21T11:03:15Z</time><extensions><gpxtpx:TrackPointExtension><gpxtpx:hr>152</gpxtpx:hr></gpxtpx:TrackPointExtension></extensions></trkpt>
  <trkpt lat="52.5166879" lon="13.3835974"><ele>35.0</ele><time>2025-09-21T11:03:20Z</time><extensions><gpxtpx:TrackPointExtension><gpxtpx:hr>153</gpxtpx:hr></gpxtpx:TrackPointExtension></extensions></trkpt>
  <trkpt lat="52.5166756" lon="13.3833600"><ele>35.0</ele><time>2025-09-21T11:03:25Z</time><extensions><gpxtpx:TrackPointExtension><gpxtpx:hr>153</gpxtpx:hr></gpxtpx:TrackPointExtension></extensions></trkpt>
  <trkpt lat="52.5166647" lon="13.3831549"><ele>35.0</ele><time>2025-09-21T11:03:30Z</time><extensions><gpxtpx:TrackPointExtension><gpxtpx:hr>153</gpxtpx:hr></gpxtpx:TrackPointExtension></extensions></trkpt>
  <trkpt lat="52.5166547" lon="13.3829283"><ele>35.0</ele><time>2025-09-21T11:03:35Z</time><extensions><gpxtpx:TrackPointExtension><gpxtpx:hr>153</gpxtpx:hr></gpxtpx:TrackPointExtension></extensions></trkpt>
  <trkpt lat="52.5166334" lon="13.3827022"><ele>35.0</ele><time>2025-09-21T11:03:40Z</time><extensions><gpxtpx:TrackPointExtension><gpxtpx:hr>153</gpxtpx:hr></gpxtpx:TrackPointExtension></extensions></trkpt>
  <trkpt lat="52.5166264" lon="13.3824686"><ele>34.9</ele><time>2025-09-21T11:03:45Z</time><extensions><gpxtpx:TrackPointExtension><gpxtpx:hr>153</gpxtpx:hr></gpxtpx:TrackPointExtension></extensions></trkpt>
  <trkpt lat="52.5166132" lon="13.3822513"><ele>34.9</ele><time>2025-09-21T11:03:50Z</time><extensions><gpxtpx:TrackPointExtension><gpxtpx:hr>152</gpxtpx:hr></gpxtpx:TrackPointExtension></extensions></trkpt>
  <trkpt lat="52.5165959" lon="13.3820336"><ele>34.9</ele><time>2025-09-21T11:03:55Z</time><extensions><gpxtpx:TrackPointExtension><gpxtpx:hr>152</gpxtpx:hr></gpxtpx:TrackPointExtension></extensions></trkpt>
  <trkpt lat="52.5165741" lon="13.3817967"><ele>34.9</ele><time>2025-09-21T11:04:00Z</time><extensions><gpxtpx:TrackPointExtension><gpxtpx:hr>152</gpxtpx:hr></gpxtpx:TrackPointExtension></extensions></trkpt>
  <trkpt lat="52.5165620" lon="13.3815805"><ele>34.9</ele><time>2025-09-21T11:04:05Z</time><extensions><gpxtpx:TrackPointExtension><gpxtpx:hr>152</gpxtpx:hr></gpxtpx:TrackPointExtension></extensions></trkpt>
  <trkpt lat="52.5165517" lon="13.3813547"><ele>34.8</ele><time>2025-09-21T11:04:10Z</time><extensions><gpxtpx:TrackPointExtension><gpxtpx:hr>151</gpxtpx:hr></gpxtpx:TrackPointExtension></extensions></trkpt>
  <trkpt lat="52.5165342" lon="13.3811310"><ele>34.8</ele><time>2025-09-21T11:04:15Z</time><extensions><gpxtpx:TrackPointExtension><gpxtpx:hr>152</gpxtpx:hr></gpxtpx:TrackPointExtension></extensions></trkpt>
  <trkpt lat="52.5165035" lon="13.3809719"><ele>34.8</ele><time>2025-09-21T11:04:20Z</time><extensions><gpxtpx:TrackPointExtension><gpxtpx:hr>153</gpxtpx:hr></gpxtpx:TrackPointExtension></extensions></trkpt>
  <trkpt lat="52.5164815" lon="13.3807376"><ele>34.8</ele><time>2025-09-21T11:04:25Z</time><extensions><gpxtpx:TrackPointExtension><gpxtpx:hr>154</gpxtpx:hr></gpxtpx:TrackPointExtension></extensions></trkpt>
  <trkpt lat="52.5164963" lon="13.3805521"><ele>34.7</ele><time>2025-09-21T11:04:30Z</time><extensions><gpxtpx:TrackPointExtension><gpxtpx:hr>154</gpxtpx:hr></gpxtpx:TrackPointExtension></extensions></trkpt>
  <trkpt lat="52.5164821" lon="13.3803244"><ele>34.7</ele><time>2025-09-21T11:04:35Z</time><extensions><gpxtpx:TrackPointExtension><gpxtpx:hr>154</gpxtpx:hr></gpxtpx:TrackPointExtension></extensions></trkpt>
  <trkpt lat="52.5164665" lon="13.3800910"><ele>34.7</ele><time>2025-09-21T11:04:40Z</time><extensions><gpxtpx:TrackPointExtension><gpxtpx:hr>154</gpxtpx:hr></gpxtpx:TrackPointExtension></extensions></trkpt>
  <trkpt lat="52.5164299" lon="13.3799351"><ele>34.7</ele><time>2025-09-21T11:04:45Z</time><extensions><gpxtpx:TrackPointExtension><gpxtpx:hr>154</gpxtpx:hr></gpxtpx:TrackPointExtension></extensions></trkpt>
  <trkpt lat="52.5164145" lon="13.3796978"><ele>34.7</ele><time>2025-09-21T11:04:50Z</time><extensions><gpxtpx:TrackPointExtension><gpxtpx:hr>154</gpxtpx:hr></gpxtpx:TrackPointExtension></extensions></trkpt>
  <trkpt lat="52.5164063" lon="13.3794852"><ele>34.6</ele><time>2025-09-21T11:04:55Z</time><extensions><gpxtpx:TrackPointExtension><gpxtpx:hr>153</gpxtpx:hr></gpxtpx:TrackPointExtension></extensions></trkpt>
  <trkpt lat="52.5163225" lon="13.3793394"><ele>34.6</ele><time>2025-09-21T11:05:00Z</time><extensions><gpxtpx:TrackPointExtension><gpxtpx:hr>153</gpxtpx:hr></gpxtpx:TrackPointExtension></extensions></trkpt>
  <trkpt lat="52.5162975" lon="13.3791098"><ele>34.6</ele><time>2025-09-21T11:05:05Z</time><extensions><gpxtpx:TrackPointExtension><gpxtpx:hr>154</gpxtpx:hr></gpxtpx:TrackPointExtension></extensions></trkpt>
  <trkpt lat="52.5162907" lon="13.3788940"><ele>34.6</ele><time>2025-09-21T11:05:10Z</time><extensions><gpxtpx:TrackPointExtension><gpxtpx:hr>154</gpxtpx:hr></gpxtpx:TrackPointExtension></extensions></trkpt>
  <trkpt lat="52.5162772" lon="13.3786610"><ele>34.6</ele><time>2025-09-21T11:05:15Z</time><extensions><gpxtpx:TrackPointExtension><gpxtpx:hr>154</gpxtpx:hr></gpxtpx:TrackPointExtension></extensions></trkpt>
  <trkpt lat="52.5162616" lon="13.3784449"><ele>34.5</ele><time>2025-09-21T11:05:20Z</time><extensions><gpxtpx:TrackPointExtension><gpxtpx:hr>153</gpxtpx:hr></gpxtpx:TrackPointExtension></extensions></trkpt>
  <trkpt lat="52.5163202" lon="13.3782683"><ele>34.5</ele><time>2025-09-21T11:05:25Z</time><extensions><gpxtpx:TrackPointExtension><gpxtpx:hr>153</gpxtpx:hr></gpxtpx:TrackPointExtension></extensions></trkpt>
  <trkpt lat="52.5162883" lon="13.3780563"><ele>34.5</ele><time>2025-09-21T11:05:30Z</time><extensions><gpxtpx:TrackPointExtension><gpxtpx:hr>153</gpxtpx:hr></gpxtpx:TrackPointExtension></extensions></trkpt>
  <trkpt lat="52.5162796" lon="13.3778303"><ele>34.5</ele><time>2025-09-21T11:05:35Z</time><extensions><gpxtpx:TrackPointExtension><gpxtpx:hr>153</gpxtpx:hr></gpxtpx:TrackPointExtension></extensions></trkpt>
  <trkpt lat="52.5162602" lon="13.3775914"><ele>34.5</ele><time>2025-09-21T11:05:40Z</time><extensions><gpxtpx:TrackPointExtension><gpxtpx:hr>153</gpxtpx:hr></gpxtpx:TrackPointExtension></extensions></trkpt>
  <trkpt lat="52.5162510" lon="13.3773849"><ele>34.4</ele><time>2025-09-21T11:05:45Z</time><extensions><gpxtpx:TrackPointExtension><gpxtpx:hr>153</gpxtpx:hr></gpxtpx:TrackPointExtension></extensions></trkpt>
  <trkpt lat="52.5162092" lon="13.3771942"><ele>34.4</ele><time>2025-09-21T11:05:50Z</time><extensions><gpxtpx:TrackPointExtension><gpxtpx:hr>154</gpxtpx:hr></gpxtpx:TrackPointExtension></extensions></trkpt>
  <trkpt lat="52.5160814" lon="13.3771284"><ele>34.4</ele><time>2025-09-21T11:05:55Z</time><extensions><gpxtpx:TrackPointExtension><gpxtpx:hr>153</gpxtpx:hr></gpxtpx:TrackPointExtension></extensions></trkpt>
  <trkpt lat="52.5160459" lon="13.3769361"><ele>34.4</ele><time>2025-09-21T11:06:00Z</time><extensions><gpxtpx:TrackPointExtension><gpxtpx:hr>154</gpxtpx:hr></gpxtpx:TrackPointExtension></extensions></trkpt>
  <trkpt lat="52.5160225" lon="13.3767029"><ele>34.4</ele><time>2025-09-21T11:06:05Z</time><extensions><gpxtpx:TrackPointExtension><gpxtpx:hr>154</gpxtpx:hr></gpxtpx:TrackPointExtension></extensions></trkpt>
  <trkpt lat="52.5160212" lon="13.3764859"><ele>34.3</ele><time>2025-09-21T11:06:10Z</time><extensions><gpxtpx:TrackPointExtension><gpxtpx:hr>153</gpxtpx:hr></gpxtpx:TrackPointExtension></extensions></trkpt>
  <trkpt lat="52.5160247" lon="13.3762655"><ele>34.3</ele><time>2025-09-21T11:06:15Z</time><extensions><gpxtpx:TrackPointExtension><gpxtpx:hr>154</gpxtpx:hr></gpxtpx:TrackPointExtension></extensions></trkpt>
  <trkpt lat="52.5160067" lon="13.3760380"><ele>34.3</ele><time>2025-09-21T11:06:20Z</time><extensions><gpxtpx:TrackPointExtension><gpxtpx:hr>154</gpxtpx:hr></gpxtpx:TrackPointExtension></extensions></trkpt>
  <trkpt lat="52.5159872" lon="13.3758212"><ele>34.3</ele><time>2025-09-21T11:06:25Z</time><extensions><gpxtpx:TrackPointExtension><gpxtpx:hr>153</gpxtpx:hr></gpxtpx:TrackPointExtension></extensions></trkpt>
  <trkpt lat="52.5159687" lon="13.3755826"><ele>34.3</ele><time>2025-09-21T11:06:30Z</time><extensions><gpxtpx:TrackPointExtension><gpxtpx:hr>154</gpxtpx:hr></gpxtpx:TrackPointExtension></extensions></trkpt>
  <trkpt lat="52.5159649" lon="13.3753608"><ele>34.2</ele><time>2025-09-21T11:06:35Z</time><extensions><gpxtpx:TrackPointExtension><gpxtpx:hr>154</gpxtpx:hr></gpxtpx:TrackPointExtension></extensions></trkpt>
  <trkpt lat="52.5159544" lon="13.3751366"><ele>34.2</ele><time>2025-09-21T11:06:40Z</time><extensions><gpxtpx:TrackPointExtension><gpxtpx:hr>154</gpxtpx:hr></gpxtpx:TrackPointExtension></extensions></trkpt>
  <trkpt lat="52.5159407" lon="13.3749061"><ele>34.2</ele><time>2025-09-21T11:06:45Z</time><extensions><gpxtpx:TrackPointExtension><gpxtpx:hr>155</gpxtpx:hr></gpxtpx:TrackPointExtension></extensions></trkpt>
  <trkpt lat="52.5159284" lon="13.3746772"><ele>34.2</ele><time>2025-09-21T11:06:50Z</time><extensions><gpxtpx:TrackPointExtension><gpxtpx:hr>155</gpxtpx:hr></gpxtpx:TrackPointExtension></extensions></trkpt>
  <trkpt lat="52.5159157" lon="13.3744554"><ele>34.2</ele><time>2025-09-21T11:06:55Z</time><extensions><gpxtpx:TrackPointExtension><gpxtpx:hr>155</gpxtpx:hr></gpxtpx:TrackPointExtension></extensions></trkpt>
  <trkpt lat="52.5158935" lon="13.3742532"><ele>34.1</ele><time>2025-09-21T11:07:00Z</time><extensions><gpxtpx:TrackPointExtension><gpxtpx:hr>155</gpxtpx:hr></gpxtpx:TrackPointExtension></extensions></trkpt>
  <trkpt lat="52.5158805" lon="13.3740280"><ele>34.1</ele><time>2025-09-21T11:07:05Z</time><extensions><gpxtpx:TrackPointExtension><gpxtpx:hr>155</gpxtpx:hr></gpxtpx:TrackPointExtension></extensions></trkpt>
  <trkpt lat="52.5158121" lon="13.3738527"><ele>34.1</ele><time>2025-09-21T11:07:10Z</time><extensions><gpxtpx:TrackPointExtension><gpxtpx:hr>155</gpxtpx:hr></gpxtpx:TrackPointExtension></extensions></trkpt>
  <trkpt lat="52.5156898" lon="13.3737833"><ele>34.1</ele><time>2025-09-21T11:07:15Z</time><extensions><gpxtpx:TrackPointExtension><gpxtpx:hr>156</gpxtpx:hr></gpxtpx:TrackPointExtension></extensions></trkpt>
  <trkpt lat="52.5155584" lon="13.3737177"><ele>34.1</ele><time>2025-09-21T11:07:20Z</time><extensions><gpxtpx:TrackPointExtension><gpxtpx:hr>157</gpxtpx:hr></gpxtpx:TrackPointExtension></extensions></trkpt>
  <trkpt lat="52.5154267" lon="13.3736473"><ele>34.0</ele><time>2025-09-21T11:07:25Z</time><extensions><gpxtpx:TrackPointExtension><gpxtpx:hr>157</gpxtpx:hr></gpxtpx:TrackPointExtension></extensions></trkpt>
  <trkpt lat="52.5152942" lon="13.3735842"><ele>34.0</ele><time>2025-09-21T11:07:30Z</time><extensions><gpxtpx:TrackPointExtension><gpxtpx:hr>157</gpxtpx:hr></gpxtpx:TrackPointExtension></extensions></trkpt>
  <trkpt lat="52.5151683" lon="13.3735062"><ele>34.0</ele><time>2025-09-21T11:07:35Z</time><extensions><gpxtpx:TrackPointExtension><gpxtpx:hr>157</gpxtpx:hr></gpxtpx:TrackPointExtension></extensions></trkpt>
  <trkpt lat="52.5150330" lon="13.3734445"><ele>34.0</ele><time>2025-09-21T11:07:40Z</time><extensions><gpxtpx:TrackPointExtension><gpxtpx:hr>157</gpxtpx:hr></gpxtpx:TrackPointExtension></extensions></trkpt>
  <trkpt lat="52.5149011" lon="13.3733752"><ele>34.0</ele><time>2025-09-21T11:07:45Z</time><extensions><gpxtpx:TrackPointExtension><gpxtpx:hr>157</gpxtpx:hr></gpxtpx:TrackPointExtension></extensions></trkpt>
  <trkpt lat="52.5147675" lon="13.3733022"><ele>33.9</ele><time>2025-09-21T11:07:50Z</time><extensions><gpxtpx:TrackPointExtension><gpxtpx:hr>156</gpxtpx:hr></gpxtpx:TrackPointExtension></extensions></trkpt>
  <trkpt lat="52.5146396" lon="13.3732220"><ele>33.9</ele><time>2025-09-21T11:07:55Z</time><extensions><gpxtpx:TrackPointExtension><gpxtpx:hr>156</gpxtpx:hr></gpxtpx:TrackPointExtension></extensions></trkpt>
  <trkpt lat="52.5145064" lon="13.3731451"><ele>33.9</ele><time>2025-09-21T11:08:00Z</time><extensions><gpxtpx:TrackPointExtension><gpxtpx:hr>156</gpxtpx:hr></gpxtpx:TrackPointExtension></extensions></trkpt>
  <trkpt lat="52.5143861" lon="13.3730763"><ele>33.9</ele><time>2025-09-21T11:08:05Z</time><extensions><gpxtpx:TrackPointExtension><gpxtpx:hr>156</gpxtpx:hr></gpxtpx:TrackPointExtension></extensions></trkpt>
  <trkpt lat="52.5143261" lon="13.3728964"><ele>33.9</ele><time>2025-09-21T11:08:10Z</time><extensions><gpxtpx:TrackPointExtension><gpxtpx:hr>156</gpxtpx:hr></gpxtpx:TrackPointExtension></extensions></trkpt>
  <trkpt lat="52.5142553" lon="13.3727371"><ele>33.9</ele><time>2025-09-21T11:08:15Z</time><extensions><gpxtpx:TrackPointExtension><gpxtpx:hr>156</gpxtpx:hr></gpxtpx:TrackPointExtension></extensions></trkpt>
  <trkpt lat="52.5142822" lon="13.3725235"><ele>33.8</ele><time>2025-09-21T11:08:20Z</time><extensions><gpxtpx:TrackPointExtension><gpxtpx:hr>155</gpxtpx:hr></gpxtpx:TrackPointExtension></extensions></trkpt>
  <trkpt lat="52.5143083" lon="13.3722818"><ele>33.8</ele><time>2025-09-21T11:08:25Z</time><extensions><gpxtpx:TrackPointExtension><gpxtpx:hr>155</gpxtpx:hr></gpxtpx:TrackPointExtension></extensions></trkpt>
  <trkpt lat="52.5143347" lon="13.3720673"><ele>33.8</ele><time>2025-09-21T11:08:30Z</time><extensions><gpxtpx:TrackPointExtension><gpxtpx:hr>155</gpxtpx:hr></gpxtpx:TrackPointExtension></extensions></trkpt>
  <trkpt lat="52.5143654" lon="13.3718440"><ele>33.8</ele><time>2025-09-21T11:08:35Z</time><extensions><gpxtpx:TrackPointExtension><gpxtpx:hr>156</gpxtpx:hr></gpxtpx:TrackPointExtension></extensions></trkpt>
  <trkpt lat="52.5143877" lon="13.3716322"><ele>33.8</ele><time>2025-09-21T11:08:40Z</time><extensions><gpxtpx:TrackPointExtension><gpxtpx:hr>156</gpxtpx:hr></gpxtpx:TrackPointExtension></extensions></trkpt>
  <trkpt lat="52.5144526" lon="13.3714677"><ele>33.7</ele><time>2025-09-21T11:08:45Z</time><extensions><gpxtpx:TrackPointExtension><gpxtpx:hr>156</gpxtpx:hr></gpxtpx:TrackPointExtension></extensions></trkpt>
 </trkseg></trk></gpx>