<?xml version="1.0" encoding="UTF-8"?>
<gpx version="1.1" creator="iRunning blog" xmlns="http://www.topografix.com/GPX/1/1" xmlns:gpxtpx="http://www.garmin.com/xmlschemas/TrackPointExtension/v1">
 <metadata><time>2026-09-15T05:03:00Z</time></metadata>
 <trk><name>Central Park Loop</name><type>running</type><trkseg>
  <trkpt lat="40.7689575" lon="-73.9799523"><time>2026-09-15T05:03:00Z</time><extensions><gpxtpx:TrackPointExtension><gpxtpx:hr>129</gpxtpx:hr></gpxtpx:TrackPointExtension></extensions></trkpt>
  <trkpt lat="40.7690739" lon="-73.9799703"><time>2026-09-15T05:03:05Z</time><extensions><gpxtpx:TrackPointExtension><gpxtpx:hr>127</gpxtpx:hr></gpxtpx:TrackPointExtension></extensions></trkpt>
  <trkpt lat="40.7692054" lon="-73.9799392"><time>2026-09-15T05:03:10Z</time><extensions><gpxtpx:TrackPointExtension><gpxtpx:hr>126</gpxtpx:hr></gpxtpx:TrackPointExtension></extensions></trkpt>
  <trkpt lat="40.7693336" lon="-73.9798880"><time>2026-09-15T05:03:15Z</time><extensions><gpxtpx:TrackPointExtension><gpxtpx:hr>126</gpxtpx:hr></gpxtpx:TrackPointExtension></extensions></trkpt>
  <trkpt lat="40.7694533" lon="-73.9798337"><time>2026-09-15T05:03:20Z</time><extensions><gpxtpx:TrackPointExtension><gpxtpx:hr>125</gpxtpx:hr></gpxtpx:TrackPointExtension></extensions></trkpt>
  <trkpt lat="40.7695567" lon="-73.9797733"><time>2026-09-15T05:03:25Z</time><extensions><gpxtpx:TrackPointExtension><gpxtpx:hr>125</gpxtpx:hr></gpxtpx:TrackPointExtension></extensions></trkpt>
  <trkpt lat="40.7696664" lon="-73.9796609"><time>2026-09-15T05:03:30Z</time><extensions><gpxtpx:TrackPointExtension><gpxtpx:hr>125</gpxtpx:hr></gpxtpx:TrackPointExtension></extensions></trkpt>
  <trkpt lat="40.7697955" lon="-73.9795932"><time>2026-09-15T05:03:35Z</time><extensions><gpxtpx:TrackPointExtension><gpxtpx:hr>124</gpxtpx:hr></gpxtpx:TrackPointExtension></extensions></trkpt>
  <trkpt lat="40.7699045" lon="-73.9794899"><time>2026-09-15T05:03:40Z</time><extensions><gpxtpx:TrackPointExtension><gpxtpx:hr>123</gpxtpx:hr></gpxtpx:TrackPointExtension></extensions></trkpt>
  <trkpt lat="40.7700082" lon="-73.9793842"><time>2026-09-15T05:03:45Z</time><extensions><gpxtpx:TrackPointExtension><gpxtpx:hr>124</gpxtpx:hr></gpxtpx:TrackPointExtension></extensions></trkpt>
  <trkpt lat="40.7701004" lon="-73.9792833"><time>2026-09-15T05:03:50Z</time><extensions><gpxtpx:TrackPointExtension><gpxtpx:hr>125</gpxtpx:hr></gpxtpx:TrackPointExtension></extensions></trkpt>
  <trkpt lat="40.7702128" lon="-73.9791849"><time>2026-09-15T05:03:55Z</time><extensions><gpxtpx:TrackPointExtension><gpxtpx:hr>124</gpxtpx:hr></gpxtpx:TrackPointExtension></extensions></trkpt>
  <trkpt lat="40.7703033" lon="-73.9790770"><time>2026-09-15T05:04:00Z</time><extensions><gpxtpx:TrackPointExtension><gpxtpx:hr>125</gpxtpx:hr></gpxtpx:TrackPointExtension></extensions></trkpt>
  <trkpt lat="40.7704011" lon="-73.9789678"><time>2026-09-15T05:04:05Z</time><extensions><gpxtpx:TrackPointExtension><gpxtpx:hr>125</gpxtpx:hr></gpxtpx:TrackPointExtension></extensions></trkpt>
  <trkpt lat="40.7705009" lon="-73.9788627"><time>2026-09-15T05:04:10Z</time><extensions><gpxtpx:TrackPointExtension><gpxtpx:hr>126</gpxtpx:hr></gpxtpx:TrackPointExtension></extensions></trkpt>
  <trkpt lat="40.7705840" lon="-73.9787452"><time>2026-09-15T05:04:15Z</time><extensions><gpxtpx:TrackPointExtension><gpxtpx:hr>127</gpxtpx:hr></gpxtpx:TrackPointExtension></extensions></trkpt>
  <trkpt lat="40.7706863" lon="-73.9786000"><time>2026-09-15T05:04:20Z</time><extensions><gpxtpx:TrackPointExtension><gpxtpx:hr>127</gpxtpx:hr></gpxtpx:TrackPointExtension></extensions></trkpt>
  <trkpt lat="40.7707737" lon="-73.9784994"><time>2026-09-15T05:04:25Z</time><extensions><gpxtpx:TrackPointExtension><gpxtpx:hr>127</gpxtpx:hr></gpxtpx:TrackPointExtension></extensions></trkpt>
  <trkpt lat="40.7708731" lon="-73.9783866"><time>2026-09-15T05:04:30Z</time><extensions><gpxtpx:TrackPointExtension><gpxtpx:hr>126</gpxtpx:hr></gpxtpx:TrackPointExtension></extensions></trkpt>
  <trkpt lat="40.7709664" lon="-73.9782775"><time>2026-09-15T05:04:35Z</time><extensions><gpxtpx:TrackPointExtension><gpxtpx:hr>127</gpxtpx:hr></gpxtpx:TrackPointExtension></extensions></trkpt>
  <trkpt lat="40.7710483" lon="-73.9781277"><time>2026-09-15T05:04:40Z</time><extensions><gpxtpx:TrackPointExtension><gpxtpx:hr>128</gpxtpx:hr></gpxtpx:TrackPointExtension></extensions></trkpt>
  <trkpt lat="40.7711292" lon="-73.9780159"><time>2026-09-15T05:04:45Z</time><extensions><gpxtpx:TrackPointExtension><gpxtpx:hr>128</gpxtpx:hr></gpxtpx:TrackPointExtension></extensions></trkpt>
  <trkpt lat="40.7712259" lon="-73.9778842"><time>2026-09-15T05:04:50Z</time><extensions><gpxtpx:TrackPointExtension><gpxtpx:hr>129</gpxtpx:hr></gpxtpx:TrackPointExtension></extensions></trkpt>
  <trkpt lat="40.7713110" lon="-73.9777451"><time>2026-09-15T05:04:55Z</time><extensions><gpxtpx:TrackPointExtension><gpxtpx:hr>130</gpxtpx:hr></gpxtpx:TrackPointExtension></extensions></trkpt>
  <trkpt lat="40.7713965" lon="-73.9776207"><time>2026-09-15T05:05:00Z</time><extensions><gpxtpx:TrackPointExtension><gpxtpx:hr>130</gpxtpx:hr></gpxtpx:TrackPointExtension></extensions></trkpt>
  <trkpt lat="40.7714621" lon="-73.9774854"><time>2026-09-15T05:05:05Z</time><extensions><gpxtpx:TrackPointExtension><gpxtpx:hr>130</gpxtpx:hr></gpxtpx:TrackPointExtension></extensions></trkpt>
  <trkpt lat="40.7715603" lon="-73.9773775"><time>2026-09-15T05:05:10Z</time><extensions><gpxtpx:TrackPointExtension><gpxtpx:hr>129</gpxtpx:hr></gpxtpx:TrackPointExtension></extensions></trkpt>
  <trkpt lat="40.7716744" lon="-73.9772640"><time>2026-09-15T05:05:15Z</time><extensions><gpxtpx:TrackPointExtension><gpxtpx:hr>128</gpxtpx:hr></gpxtpx:TrackPointExtension></extensions></trkpt>
  <trkpt lat="40.7717668" lon="-73.9771594"><time>2026-09-15T05:05:20Z</time><extensions><gpxtpx:TrackPointExtension><gpxtpx:hr>127</gpxtpx:hr></gpxtpx:TrackPointExtension></extensions></trkpt>
  <trkpt lat="40.7718826" lon="-73.9770731"><time>2026-09-15T05:05:25Z</time><extensions><gpxtpx:TrackPointExtension><gpxtpx:hr>129</gpxtpx:hr></gpxtpx:TrackPointExtension></extensions></trkpt>
  <trkpt lat="40.7719974" lon="-73.9770043"><time>2026-09-15T05:05:30Z</time><extensions><gpxtpx:TrackPointExtension><gpxtpx:hr>129</gpxtpx:hr></gpxtpx:TrackPointExtension></extensions></trkpt>
  <trkpt lat="40.7721017" lon="-73.9769072"><time>2026-09-15T05:05:35Z</time><extensions><gpxtpx:TrackPointExtension><gpxtpx:hr>130</gpxtpx:hr></gpxtpx:TrackPointExtension></extensions></trkpt>
  <trkpt lat="40.7722326" lon="-73.9768583"><time>2026-09-15T05:05:40Z</time><extensions><gpxtpx:TrackPointExtension><gpxtpx:hr>130</gpxtpx:hr></gpxtpx:TrackPointExtension></extensions></trkpt>
  <trkpt lat="40.7723411" lon="-73.9767727"><time>2026-09-15T05:05:45Z</time><extensions><gpxtpx:TrackPointExtension><gpxtpx:hr>130</gpxtpx:hr></gpxtpx:TrackPointExtension></extensions></trkpt>
  <trkpt lat="40.7724510" lon="-73.9767197"><time>2026-09-15T05:05:50Z</time><extensions><gpxtpx:TrackPointExtension><gpxtpx:hr>129</gpxtpx:hr></gpxtpx:TrackPointExtension></extensions></trkpt>
  <trkpt lat="40.7725916" lon="-73.9766733"><time>2026-09-15T05:05:55Z</time><extensions><gpxtpx:TrackPointExtension><gpxtpx:hr>129</gpxtpx:hr></gpxtpx:TrackPointExtension></extensions></trkpt>
  <trkpt lat="40.7726933" lon="-73.9766391"><time>2026-09-15T05:06:00Z</time><extensions><gpxtpx:TrackPointExtension><gpxtpx:hr>129</gpxtpx:hr></gpxtpx:TrackPointExtension></extensions></trkpt>
  <trkpt lat="40.7728236" lon="-73.9765844"><time>2026-09-15T05:06:05Z</time><extensions><gpxtpx:TrackPointExtension><gpxtpx:hr>130</gpxtpx:hr></gpxtpx:TrackPointExtension></extensions></trkpt>
  <trkpt lat="40.7729702" lon="-73.9765241"><time>2026-09-15T05:06:10Z</time><extensions><gpxtpx:TrackPointExtension><gpxtpx:hr>131</gpxtpx:hr></gpxtpx:TrackPointExtension></extensions></trkpt>
  <trkpt lat="40.7730870" lon="-73.9764868"><time>2026-09-15T05:06:15Z</time><extensions><gpxtpx:TrackPointExtension><gpxtpx:hr>132</gpxtpx:hr></gpxtpx:TrackPointExtension></extensions></trkpt>
  <trkpt lat="40.7731962" lon="-73.9764122"><time>2026-09-15T05:06:20Z</time><extensions><gpxtpx:TrackPointExtension><gpxtpx:hr>132</gpxtpx:hr></gpxtpx:TrackPointExtension></extensions></trkpt>
  <trkpt lat="40.7733220" lon="-73.9763531"><time>2026-09-15T05:06:25Z</time><extensions><gpxtpx:TrackPointExtension><gpxtpx:hr>133</gpxtpx:hr></gpxtpx:TrackPointExtension></extensions></trkpt>
  <trkpt lat="40.7734436" lon="-73.9762868"><time>2026-09-15T05:06:30Z</time><extensions><gpxtpx:TrackPointExtension><gpxtpx:hr>132</gpxtpx:hr></gpxtpx:TrackPointExtension></extensions></trkpt>
  <trkpt lat="40.7735644" lon="-73.9762315"><time>2026-09-15T05:06:35Z</time><extensions><gpxtpx:TrackPointExtension><gpxtpx:hr>131</gpxtpx:hr></gpxtpx:TrackPointExtension></extensions></trkpt>
  <trkpt lat="40.7736777" lon="-73.9761621"><time>2026-09-15T05:06:40Z</time><extensions><gpxtpx:TrackPointExtension><gpxtpx:hr>131</gpxtpx:hr></gpxtpx:TrackPointExtension></extensions></trkpt>
  <trkpt lat="40.7737903" lon="-73.9760889"><time>2026-09-15T05:06:45Z</time><extensions><gpxtpx:TrackPointExtension><gpxtpx:hr>132</gpxtpx:hr></gpxtpx:TrackPointExtension></extensions></trkpt>
  <trkpt lat="40.7739017" lon="-73.9759946"><time>2026-09-15T05:06:50Z</time><extensions><gpxtpx:TrackPointExtension><gpxtpx:hr>132</gpxtpx:hr></gpxtpx:TrackPointExtension></extensions></trkpt>
  <trkpt lat="40.7740307" lon="-73.9759409"><time>2026-09-15T05:06:55Z</time><extensions><gpxtpx:TrackPointExtension><gpxtpx:hr>132</gpxtpx:hr></gpxtpx:TrackPointExtension></extensions></trkpt>
  <trkpt lat="40.7741261" lon="-73.9758312"><time>2026-09-15T05:07:00Z</time><extensions><gpxtpx:TrackPointExtension><gpxtpx:hr>132</gpxtpx:hr></gpxtpx:TrackPointExtension></extensions></trkpt>
  <trkpt lat="40.7742373" lon="-73.9757395"><time>2026-09-15T05:07:05Z</time><extensions><gpxtpx:TrackPointExtension><gpxtpx:hr>132</gpxtpx:hr></gpxtpx:TrackPointExtension></extensions></trkpt>
  <trkpt lat="40.7743495" lon="-73.9756516"><time>2026-09-15T05:07:10Z</time><extensions><gpxtpx:TrackPointExtension><gpxtpx:hr>133</gpxtpx:hr></gpxtpx:TrackPointExtension></extensions></trkpt>
  <trkpt lat="40.7744446" lon="-73.9755468"><time>2026-09-15T05:07:15Z</time><extensions><gpxtpx:TrackPointExtension><gpxtpx:hr>134</gpxtpx:hr></gpxtpx:TrackPointExtension></extensions></trkpt>
  <trkpt lat="40.7745428" lon="-73.9754177"><time>2026-09-15T05:07:20Z</time><extensions><gpxtpx:TrackPointExtension><gpxtpx:hr>135</gpxtpx:hr></gpxtpx:TrackPointExtension></extensions></trkpt>
  <trkpt lat="40.7746074" lon="-73.9752847"><time>2026-09-15T05:07:25Z</time><extensions><gpxtpx:TrackPointExtension><gpxtpx:hr>136</gpxtpx:hr></gpxtpx:TrackPointExtension></extensions></trkpt>
  <trkpt lat="40.7746475" lon="-73.9751142"><time>2026-09-15T05:07:30Z</time><extensions><gpxtpx:TrackPointExtension><gpxtpx:hr>136</gpxtpx:hr></gpxtpx:TrackPointExtension></extensions></trkpt>
  <trkpt lat="40.7746699" lon="-73.9749570"><time>2026-09-15T05:07:35Z</time><extensions><gpxtpx:TrackPointExtension><gpxtpx:hr>137</gpxtpx:hr></gpxtpx:TrackPointExtension></extensions></trkpt>
  <trkpt lat="40.7747165" lon="-73.9747738"><time>2026-09-15T05:07:40Z</time><extensions><gpxtpx:TrackPointExtension><gpxtpx:hr>136</gpxtpx:hr></gpxtpx:TrackPointExtension></extensions></trkpt>
  <trkpt lat="40.7747649" lon="-73.9746432"><time>2026-09-15T05:07:45Z</time><extensions><gpxtpx:TrackPointExtension><gpxtpx:hr>138</gpxtpx:hr></gpxtpx:TrackPointExtension></extensions></trkpt>
  <trkpt lat="40.7748171" lon="-73.9744872"><time>2026-09-15T05:07:50Z</time><extensions><gpxtpx:TrackPointExtension><gpxtpx:hr>139</gpxtpx:hr></gpxtpx:TrackPointExtension></extensions></trkpt>
  <trkpt lat="40.7748947" lon="-73.9743445"><time>2026-09-15T05:07:55Z</time><extensions><gpxtpx:TrackPointExtension><gpxtpx:hr>139</gpxtpx:hr></gpxtpx:TrackPointExtension></extensions></trkpt>
  <trkpt lat="40.7749925" lon="-73.9742291"><time>2026-09-15T05:08:00Z</time><extensions><gpxtpx:TrackPointExtension><gpxtpx:hr>138</gpxtpx:hr></gpxtpx:TrackPointExtension></extensions></trkpt>
  <trkpt lat="40.7751130" lon="-73.9741553"><time>2026-09-15T05:08:05Z</time><extensions><gpxtpx:TrackPointExtension><gpxtpx:hr>138</gpxtpx:hr></gpxtpx:TrackPointExtension></extensions></trkpt>
  <trkpt lat="40.7752422" lon="-73.9740888"><time>2026-09-15T05:08:10Z</time><extensions><gpxtpx:TrackPointExtension><gpxtpx:hr>139</gpxtpx:hr></gpxtpx:TrackPointExtension></extensions></trkpt>
  <trkpt lat="40.7753499" lon="-73.9740343"><time>2026-09-15T05:08:15Z</time><extensions><gpxtpx:TrackPointExtension><gpxtpx:hr>139</gpxtpx:hr></gpxtpx:TrackPointExtension></extensions></trkpt>
  <trkpt lat="40.7754787" lon="-73.9739983"><time>2026-09-15T05:08:20Z</time><extensions><gpxtpx:TrackPointExtension><gpxtpx:hr>138</gpxtpx:hr></gpxtpx:TrackPointExtension></extensions></trkpt>
  <trkpt lat="40.7756090" lon="-73.9740070"><time>2026-09-15T05:08:25Z</time><extensions><gpxtpx:TrackPointExtension><gpxtpx:hr>140</gpxtpx:hr></gpxtpx:TrackPointExtension></extensions></trkpt>
  <trkpt lat="40.7757347" lon="-73.9740036"><time>2026-09-15T05:08:30Z</time><extensions><gpxtpx:TrackPointExtension><gpxtpx:hr>140</gpxtpx:hr></gpxtpx:TrackPointExtension></extensions></trkpt>
  <trkpt lat="40.7758729" lon="-73.9740207"><time>2026-09-15T05:08:35Z</time><extensions><gpxtpx:TrackPointExtension><gpxtpx:hr>141</gpxtpx:hr></gpxtpx:TrackPointExtension></extensions></trkpt>
  <trkpt lat="40.7759868" lon="-73.9740290"><time>2026-09-15T05:08:40Z</time><extensions><gpxtpx:TrackPointExtension><gpxtpx:hr>141</gpxtpx:hr></gpxtpx:TrackPointExtension></extensions></trkpt>
  <trkpt lat="40.7761134" lon="-73.9740332"><time>2026-09-15T05:08:45Z</time><extensions><gpxtpx:TrackPointExtension><gpxtpx:hr>142</gpxtpx:hr></gpxtpx:TrackPointExtension></extensions></trkpt>
  <trkpt lat="40.7762425" lon="-73.9740592"><time>2026-09-15T05:08:50Z</time><extensions><gpxtpx:TrackPointExtension><gpxtpx:hr>143</gpxtpx:hr></gpxtpx:TrackPointExtension></extensions></trkpt>
  <trkpt lat="40.7763760" lon="-73.9740876"><time>2026-09-15T05:08:55Z</time><extensions><gpxtpx:TrackPointExtension><gpxtpx:hr>144</gpxtpx:hr></gpxtpx:TrackPointExtension></extensions></trkpt>
  <trkpt lat="40.7765140" lon="-73.9740838"><time>2026-09-15T05:09:00Z</time><extensions><gpxtpx:TrackPointExtension><gpxtpx:hr>143</gpxtpx:hr></gpxtpx:TrackPointExtension></extensions></trkpt>
  <trkpt lat="40.7766416" lon="-73.9741038"><time>2026-09-15T05:09:05Z</time><extensions><gpxtpx:TrackPointExtension><gpxtpx:hr>143</gpxtpx:hr></gpxtpx:TrackPointExtension></extensions></trkpt>
  <trkpt lat="40.7767586" lon="-73.9741416"><time>2026-09-15T05:09:10Z</time><extensions><gpxtpx:TrackPointExtension><gpxtpx:hr>144</gpxtpx:hr></gpxtpx:TrackPointExtension></extensions></trkpt>
  <trkpt lat="40.7768916" lon="-73.9741493"><time>2026-09-15T05:09:15Z</time><extensions><gpxtpx:TrackPointExtension><gpxtpx:hr>144</gpxtpx:hr></gpxtpx:TrackPointExtension></extensions></trkpt>
  <trkpt lat="40.7770148" lon="-73.9741638"><time>2026-09-15T05:09:20Z</time><extensions><gpxtpx:TrackPointExtension><gpxtpx:hr>145</gpxtpx:hr></gpxtpx:TrackPointExtension></extensions></trkpt>
  <trkpt lat="40.7771359" lon="-73.9741384"><time>2026-09-15T05:09:25Z</time><extensions><gpxtpx:TrackPointExtension><gpxtpx:hr>146</gpxtpx:hr></gpxtpx:TrackPointExtension></extensions></trkpt>
  <trkpt lat="40.7772784" lon="-73.9741187"><time>2026-09-15T05:09:30Z</time><extensions><gpxtpx:TrackPointExtension><gpxtpx:hr>146</gpxtpx:hr></gpxtpx:TrackPointExtension></extensions></trkpt>
  <trkpt lat="40.7774033" lon="-73.9740745"><time>2026-09-15T05:09:35Z</time><extensions><gpxtpx:TrackPointExtension><gpxtpx:hr>146</gpxtpx:hr></gpxtpx:TrackPointExtension></extensions></trkpt>
  <trkpt lat="40.7775220" lon="-73.9740303"><time>2026-09-15T05:09:40Z</time><extensions><gpxtpx:TrackPointExtension><gpxtpx:hr>145</gpxtpx:hr></gpxtpx:TrackPointExtension></extensions></trkpt>
  <trkpt lat="40.7776403" lon="-73.9739612"><time>2026-09-15T05:09:45Z</time><extensions><gpxtpx:TrackPointExtension><gpxtpx:hr>146</gpxtpx:hr></gpxtpx:TrackPointExtension></extensions></trkpt>
  <trkpt lat="40.7777631" lon="-73.9738905"><time>2026-09-15T05:09:50Z</time><extensions><gpxtpx:TrackPointExtension><gpxtpx:hr>146</gpxtpx:hr></gpxtpx:TrackPointExtension></extensions></trkpt>
  <trkpt lat="40.7778533" lon="-73.9737864"><time>2026-09-15T05:09:55Z</time><extensions><gpxtpx:TrackPointExtension><gpxtpx:hr>147</gpxtpx:hr></gpxtpx:TrackPointExtension></extensions></trkpt>
  <trkpt lat="40.7779672" lon="-73.9736746"><time>2026-09-15T05:10:00Z</time><extensions><gpxtpx:TrackPointExtension><gpxtpx:hr>146</gpxtpx:hr></gpxtpx:TrackPointExtension></extensions></trkpt>
  <trkpt lat="40.7780644" lon="-73.9735566"><time>2026-09-15T05:10:05Z</time><extensions><gpxtpx:TrackPointExtension><gpxtpx:hr>146</gpxtpx:hr></gpxtpx:TrackPointExtension></extensions></trkpt>
  <trkpt lat="40.7781227" lon="-73.9734237"><time>2026-09-15T05:10:10Z</time><extensions><gpxtpx:TrackPointExtension><gpxtpx:hr>145</gpxtpx:hr></gpxtpx:TrackPointExtension></extensions></trkpt>
  <trkpt lat="40.7782066" lon="-73.9732800"><time>2026-09-15T05:10:15Z</time><extensions><gpxtpx:TrackPointExtension><gpxtpx:hr>145</gpxtpx:hr></gpxtpx:TrackPointExtension></extensions></trkpt>
  <trkpt lat="40.7782878" lon="-73.9731574"><time>2026-09-15T05:10:20Z</time><extensions><gpxtpx:TrackPointExtension><gpxtpx:hr>145</gpxtpx:hr></gpxtpx:TrackPointExtension></extensions></trkpt>
  <trkpt lat="40.7783631" lon="-73.9730089"><time>2026-09-15T05:10:25Z</time><extensions><gpxtpx:TrackPointExtension><gpxtpx:hr>145</gpxtpx:hr></gpxtpx:TrackPointExtension></extensions></trkpt>
  <trkpt lat="40.7784317" lon="-73.9728813"><time>2026-09-15T05:10:30Z</time><extensions><gpxtpx:TrackPointExtension><gpxtpx:hr>146</gpxtpx:hr></gpxtpx:TrackPointExtension></extensions></trkpt>
  <trkpt lat="40.7785241" lon="-73.9727496"><time>2026-09-15T05:10:35Z</time><extensions><gpxtpx:TrackPointExtension><gpxtpx:hr>147</gpxtpx:hr></gpxtpx:TrackPointExtension></extensions></trkpt>
  <trkpt lat="40.7785855" lon="-73.9726082"><time>2026-09-15T05:10:40Z</time><extensions><gpxtpx:TrackPointExtension><gpxtpx:hr>147</gpxtpx:hr></gpxtpx:TrackPointExtension></extensions></trkpt>
  <trkpt lat="40.7786630" lon="-73.9724688"><time>2026-09-15T05:10:45Z</time><extensions><gpxtpx:TrackPointExtension><gpxtpx:hr>148</gpxtpx:hr></gpxtpx:TrackPointExtension></extensions></trkpt>
  <trkpt lat="40.7787631" lon="-73.9723459"><time>2026-09-15T05:10:50Z</time><extensions><gpxtpx:TrackPointExtension><gpxtpx:hr>147</gpxtpx:hr></gpxtpx:TrackPointExtension></extensions></trkpt>
  <trkpt lat="40.7788473" lon="-73.9722210"><time>2026-09-15T05:10:55Z</time><extensions><gpxtpx:TrackPointExtension><gpxtpx:hr>148</gpxtpx:hr></gpxtpx:TrackPointExtension></extensions></trkpt>
  <trkpt lat="40.7789508" lon="-73.9721113"><time>2026-09-15T05:11:00Z</time><extensions><gpxtpx:TrackPointExtension><gpxtpx:hr>148</gpxtpx:hr></gpxtpx:TrackPointExtension></extensions></trkpt>
  <trkpt lat="40.7790436" lon="-73.9719911"><time>2026-09-15T05:11:05Z</time><extensions><gpxtpx:TrackPointExtension><gpxtpx:hr>148</gpxtpx:hr></gpxtpx:TrackPointExtension></extensions></trkpt>
  <trkpt lat="40.7791409" lon="-73.9718913"><time>2026-09-15T05:11:10Z</time><extensions><gpxtpx:TrackPointExtension><gpxtpx:hr>147</gpxtpx:hr></gpxtpx:TrackPointExtension></extensions></trkpt>
  <trkpt lat="40.7792499" lon="-73.9718168"><time>2026-09-15T05:11:15Z</time><extensions><gpxtpx:TrackPointExtension><gpxtpx:hr>147</gpxtpx:hr></gpxtpx:TrackPointExtension></extensions></trkpt>
  <trkpt lat="40.7793507" lon="-73.9717143"><time>2026-09-15T05:11:20Z</time><extensions><gpxtpx:TrackPointExtension><gpxtpx:hr>147</gpxtpx:hr></gpxtpx:TrackPointExtension></extensions></trkpt>
  <trkpt lat="40.7794727" lon="-73.9716206"><time>2026-09-15T05:11:25Z</time><extensions><gpxtpx:TrackPointExtension><gpxtpx:hr>146</gpxtpx:hr></gpxtpx:TrackPointExtension></extensions></trkpt>
  <trkpt lat="40.7795699" lon="-73.9715071"><time>2026-09-15T05:11:30Z</time><extensions><gpxtpx:TrackPointExtension><gpxtpx:hr>146</gpxtpx:hr></gpxtpx:TrackPointExtension></extensions></trkpt>
  <trkpt lat="40.7796778" lon="-73.9714005"><time>2026-09-15T05:11:35Z</time><extensions><gpxtpx:TrackPointExtension><gpxtpx:hr>146</gpxtpx:hr></gpxtpx:TrackPointExtension></extensions></trkpt>
  <trkpt lat="40.7797555" lon="-73.9712853"><time>2026-09-15T05:11:40Z</time><extensions><gpxtpx:TrackPointExtension><gpxtpx:hr>146</gpxtpx:hr></gpxtpx:TrackPointExtension></extensions></trkpt>
  <trkpt lat="40.7798603" lon="-73.9711678"><time>2026-09-15T05:11:45Z</time><extensions><gpxtpx:TrackPointExtension><gpxtpx:hr>146</gpxtpx:hr></gpxtpx:TrackPointExtension></extensions></trkpt>
  <trkpt lat="40.7799587" lon="-73.9710543"><time>2026-09-15T05:11:50Z</time><extensions><gpxtpx:TrackPointExtension><gpxtpx:hr>148</gpxtpx:hr></gpxtpx:TrackPointExtension></extensions></trkpt>
  <trkpt lat="40.7800699" lon="-73.9708991"><time>2026-09-15T05:11:55Z</time><extensions><gpxtpx:TrackPointExtension><gpxtpx:hr>149</gpxtpx:hr></gpxtpx:TrackPointExtension></extensions></trkpt>
  <trkpt lat="40.7801698" lon="-73.9707384"><time>2026-09-15T05:12:00Z</time><extensions><gpxtpx:TrackPointExtension><gpxtpx:hr>151</gpxtpx:hr></gpxtpx:TrackPointExtension></extensions></trkpt>
  <trkpt lat="40.7802851" lon="-73.9705992"><time>2026-09-15T05:12:05Z</time><extensions><gpxtpx:TrackPointExtension><gpxtpx:hr>153</gpxtpx:hr></gpxtpx:TrackPointExtension></extensions></trkpt>
  <trkpt lat="40.7803887" lon="-73.9704110"><time>2026-09-15T05:12:10Z</time><extensions><gpxtpx:TrackPointExtension><gpxtpx:hr>153</gpxtpx:hr></gpxtpx:TrackPointExtension></extensions></trkpt>
  <trkpt lat="40.7804954" lon="-73.9702451"><time>2026-09-15T05:12:15Z</time><extensions><gpxtpx:TrackPointExtension><gpxtpx:hr>154</gpxtpx:hr></gpxtpx:TrackPointExtension></extensions></trkpt>
  <trkpt lat="40.7806117" lon="-73.9700924"><time>2026-09-15T05:12:20Z</time><extensions><gpxtpx:TrackPointExtension><gpxtpx:hr>155</gpxtpx:hr></gpxtpx:TrackPointExtension></extensions></trkpt>
  <trkpt lat="40.7807209" lon="-73.9699082"><time>2026-09-15T05:12:25Z</time><extensions><gpxtpx:TrackPointExtension><gpxtpx:hr>155</gpxtpx:hr></gpxtpx:TrackPointExtension></extensions></trkpt>
  <trkpt lat="40.7808356" lon="-73.9697882"><time>2026-09-15T05:12:30Z</time><extensions><gpxtpx:TrackPointExtension><gpxtpx:hr>156</gpxtpx:hr></gpxtpx:TrackPointExtension></extensions></trkpt>
  <trkpt lat="40.7809662" lon="-73.9696657"><time>2026-09-15T05:12:35Z</time><extensions><gpxtpx:TrackPointExtension><gpxtpx:hr>155</gpxtpx:hr></gpxtpx:TrackPointExtension></extensions></trkpt>
  <trkpt lat="40.7811197" lon="-73.9695521"><time>2026-09-15T05:12:40Z</time><extensions><gpxtpx:TrackPointExtension><gpxtpx:hr>155</gpxtpx:hr></gpxtpx:TrackPointExtension></extensions></trkpt>
  <trkpt lat="40.7812734" lon="-73.9694540"><time>2026-09-15T05:12:45Z</time><extensions><gpxtpx:TrackPointExtension><gpxtpx:hr>157</gpxtpx:hr></gpxtpx:TrackPointExtension></extensions></trkpt>
  <trkpt lat="40.7814265" lon="-73.9694219"><time>2026-09-15T05:12:50Z</time><extensions><gpxtpx:TrackPointExtension><gpxtpx:hr>156</gpxtpx:hr></gpxtpx:TrackPointExtension></extensions></trkpt>
  <trkpt lat="40.7815701" lon="-73.9694030"><time>2026-09-15T05:12:55Z</time><extensions><gpxtpx:TrackPointExtension><gpxtpx:hr>157</gpxtpx:hr></gpxtpx:TrackPointExtension></extensions></trkpt>
  <trkpt lat="40.7817553" lon="-73.9694000"><time>2026-09-15T05:13:00Z</time><extensions><gpxtpx:TrackPointExtension><gpxtpx:hr>157</gpxtpx:hr></gpxtpx:TrackPointExtension></extensions></trkpt>
  <trkpt lat="40.7819165" lon="-73.9694213"><time>2026-09-15T05:13:05Z</time><extensions><gpxtpx:TrackPointExtension><gpxtpx:hr>157</gpxtpx:hr></gpxtpx:TrackPointExtension></extensions></trkpt>
  <trkpt lat="40.7820790" lon="-73.9694347"><time>2026-09-15T05:13:10Z</time><extensions><gpxtpx:TrackPointExtension><gpxtpx:hr>157</gpxtpx:hr></gpxtpx:TrackPointExtension></extensions></trkpt>
  <trkpt lat="40.7822416" lon="-73.9694624"><time>2026-09-15T05:13:15Z</time><extensions><gpxtpx:TrackPointExtension><gpxtpx:hr>157</gpxtpx:hr></gpxtpx:TrackPointExtension></extensions></trkpt>
  <trkpt lat="40.7824076" lon="-73.9694287"><time>2026-09-15T05:13:20Z</time><extensions><gpxtpx:TrackPointExtension><gpxtpx:hr>158</gpxtpx:hr></gpxtpx:TrackPointExtension></extensions></trkpt>
  <trkpt lat="40.7825635" lon="-73.9693797"><time>2026-09-15T05:13:25Z</time><extensions><gpxtpx:TrackPointExtension><gpxtpx:hr>158</gpxtpx:hr></gpxtpx:TrackPointExtension></extensions></trkpt>
  <trkpt lat="40.7827103" lon="-73.9692981"><time>2026-09-15T05:13:30Z</time><extensions><gpxtpx:TrackPointExtension><gpxtpx:hr>159</gpxtpx:hr></gpxtpx:TrackPointExtension></extensions></trkpt>
  <trkpt lat="40.7828535" lon="-73.9691771"><time>2026-09-15T05:13:35Z</time><extensions><gpxtpx:TrackPointExtension><gpxtpx:hr>160</gpxtpx:hr></gpxtpx:TrackPointExtension></extensions></trkpt>
  <trkpt lat="40.7829651" lon="-73.9690266"><time>2026-09-15T05:13:40Z</time><extensions><gpxtpx:TrackPointExtension><gpxtpx:hr>162</gpxtpx:hr></gpxtpx:TrackPointExtension></extensions></trkpt>
  <trkpt lat="40.7830711" lon="-73.9688588"><time>2026-09-15T05:13:45Z</time><extensions><gpxtpx:TrackPointExtension><gpxtpx:hr>163</gpxtpx:hr></gpxtpx:TrackPointExtension></extensions></trkpt>
  <trkpt lat="40.7831748" lon="-73.9686866"><time>2026-09-15T05:13:50Z</time><extensions><gpxtpx:TrackPointExtension><gpxtpx:hr>164</gpxtpx:hr></gpxtpx:TrackPointExtension></extensions></trkpt>
  <trkpt lat="40.7832567" lon="-73.9685183"><time>2026-09-15T05:13:55Z</time><extensions><gpxtpx:TrackPointExtension><gpxtpx:hr>165</gpxtpx:hr></gpxtpx:TrackPointExtension></extensions></trkpt>
  <trkpt lat="40.7833603" lon="-73.9683348"><time>2026-09-15T05:14:00Z</time><extensions><gpxtpx:TrackPointExtension><gpxtpx:hr>165</gpxtpx:hr></gpxtpx:TrackPointExtension></extensions></trkpt>
  <trkpt lat="40.7834827" lon="-73.9681714"><time>2026-09-15T05:14:05Z</time><extensions><gpxtpx:TrackPointExtension><gpxtpx:hr>165</gpxtpx:hr></gpxtpx:TrackPointExtension></extensions></trkpt>
  <trkpt lat="40.7835908" lon="-73.9680230"><time>2026-09-15T05:14:10Z</time><extensions><gpxtpx:TrackPointExtension><gpxtpx:hr>165</gpxtpx:hr></gpxtpx:TrackPointExtension></extensions></trkpt>
  <trkpt lat="40.7837200" lon="-73.9678938"><time>2026-09-15T05:14:15Z</time><extensions><gpxtpx:TrackPointExtension><gpxtpx:hr>166</gpxtpx:hr></gpxtpx:TrackPointExtension></extensions></trkpt>
  <trkpt lat="40.7838426" lon="-73.9677436"><time>2026-09-15T05:14:20Z</time><extensions><gpxtpx:TrackPointExtension><gpxtpx:hr>166</gpxtpx:hr></gpxtpx:TrackPointExtension></extensions></trkpt>
  <trkpt lat="40.7839804" lon="-73.9676178"><time>2026-09-15T05:14:25Z</time><extensions><gpxtpx:TrackPointExtension><gpxtpx:hr>166</gpxtpx:hr></gpxtpx:TrackPointExtension></extensions></trkpt>
  <trkpt lat="40.7841307" lon="-73.9675109"><time>2026-09-15T05:14:30Z</time><extensions><gpxtpx:TrackPointExtension><gpxtpx:hr>166</gpxtpx:hr></gpxtpx:TrackPointExtension></extensions></trkpt>
  <trkpt lat="40.7842528" lon="-73.9673680"><time>2026-09-15T05:14:35Z</time><extensions><gpxtpx:TrackPointExtension><gpxtpx:hr>167</gpxtpx:hr></gpxtpx:TrackPointExtension></extensions></trkpt>
  <trkpt lat="40.7843952" lon="-73.9672854"><time>2026-09-15T05:14:40Z</time><extensions><gpxtpx:TrackPointExtension><gpxtpx:hr>167</gpxtpx:hr></gpxtpx:TrackPointExtension></extensions></trkpt>
  <trkpt lat="40.7845374" lon="-73.9671964"><time>2026-09-15T05:14:45Z</time><extensions><gpxtpx:TrackPointExtension><gpxtpx:hr>167</gpxtpx:hr></gpxtpx:TrackPointExtension></extensions></trkpt>
  <trkpt lat="40.7847029" lon="-73.9671394"><time>2026-09-15T05:14:50Z</time><extensions><gpxtpx:TrackPointExtension><gpxtpx:hr>167</gpxtpx:hr></gpxtpx:TrackPointExtension></extensions></trkpt>
  <trkpt lat="40.7848724" lon="-73.9671074"><time>2026-09-15T05:14:55Z</time><extensions><gpxtpx:TrackPointExtension><gpxtpx:hr>167</gpxtpx:hr></gpxtpx:TrackPointExtension></extensions></trkpt>
  <trkpt lat="40.7850365" lon="-73.9671179"><time>2026-09-15T05:15:00Z</time><extensions><gpxtpx:TrackPointExtension><gpxtpx:hr>166</gpxtpx:hr></gpxtpx:TrackPointExtension></extensions></trkpt>
  <trkpt lat="40.7851849" lon="-73.9671622"><time>2026-09-15T05:15:05Z</time><extensions><gpxtpx:TrackPointExtension><gpxtpx:hr>166</gpxtpx:hr></gpxtpx:TrackPointExtension></extensions></trkpt>
  <trkpt lat="40.7853429" lon="-73.9672337"><time>2026-09-15T05:15:10Z</time><extensions><gpxtpx:TrackPointExtension><gpxtpx:hr>168</gpxtpx:hr></gpxtpx:TrackPointExtension></extensions></trkpt>
  <trkpt lat="40.7855008" lon="-73.9672826"><time>2026-09-15T05:15:15Z</time><extensions><gpxtpx:TrackPointExtension><gpxtpx:hr>169</gpxtpx:hr></gpxtpx:TrackPointExtension></extensions></trkpt>
  <trkpt lat="40.7856687" lon="-73.9673421"><time>2026-09-15T05:15:20Z</time><extensions><gpxtpx:TrackPointExtension><gpxtpx:hr>171</gpxtpx:hr></gpxtpx:TrackPointExtension></extensions></trkpt>
  <trkpt lat="40.7858314" lon="-73.9674151"><time>2026-09-15T05:15:25Z</time><extensions><gpxtpx:TrackPointExtension><gpxtpx:hr>172</gpxtpx:hr></gpxtpx:TrackPointExtension></extensions></trkpt>
  <trkpt lat="40.7859682" lon="-73.9674921"><time>2026-09-15T05:15:30Z</time><extensions><gpxtpx:TrackPointExtension><gpxtpx:hr>173</gpxtpx:hr></gpxtpx:TrackPointExtension></extensions></trkpt>
  <trkpt lat="40.7861426" lon="-73.9675164"><time>2026-09-15T05:15:35Z</time><extensions><gpxtpx:TrackPointExtension><gpxtpx:hr>174</gpxtpx:hr></gpxtpx:TrackPointExtension></extensions></trkpt>
  <trkpt lat="40.7863069" lon="-73.9675628"><time>2026-09-15T05:15:40Z</time><extensions><gpxtpx:TrackPointExtension><gpxtpx:hr>174</gpxtpx:hr></gpxtpx:TrackPointExtension></extensions></trkpt>
  <trkpt lat="40.7864520" lon="-73.9675635"><time>2026-09-15T05:15:45Z</time><extensions><gpxtpx:TrackPointExtension><gpxtpx:hr>175</gpxtpx:hr></gpxtpx:TrackPointExtension></extensions></trkpt>
  <trkpt lat="40.7866268" lon="-73.9675417"><time>2026-09-15T05:15:50Z</time><extensions><gpxtpx:TrackPointExtension><gpxtpx:hr>176</gpxtpx:hr></gpxtpx:TrackPointExtension></extensions></trkpt>
  <trkpt lat="40.7867950" lon="-73.9674934"><time>2026-09-15T05:15:55Z</time><extensions><gpxtpx:TrackPointExtension><gpxtpx:hr>174</gpxtpx:hr></gpxtpx:TrackPointExtension></extensions></trkpt>
  <trkpt lat="40.7869535" lon="-73.9674519"><time>2026-09-15T05:16:00Z</time><extensions><gpxtpx:TrackPointExtension><gpxtpx:hr>174</gpxtpx:hr></gpxtpx:TrackPointExtension></extensions></trkpt>
  <trkpt lat="40.7870951" lon="-73.9673752"><time>2026-09-15T05:16:05Z</time><extensions><gpxtpx:TrackPointExtension><gpxtpx:hr>174</gpxtpx:hr></gpxtpx:TrackPointExtension></extensions></trkpt>
  <trkpt lat="40.7872630" lon="-73.9672712"><time>2026-09-15T05:16:10Z</time><extensions><gpxtpx:TrackPointExtension><gpxtpx:hr>175</gpxtpx:hr></gpxtpx:TrackPointExtension></extensions></trkpt>
  <trkpt lat="40.7873870" lon="-73.9671704"><time>2026-09-15T05:16:15Z</time><extensions><gpxtpx:TrackPointExtension><gpxtpx:hr>176</gpxtpx:hr></gpxtpx:TrackPointExtension></extensions></trkpt>
  <trkpt lat="40.7875470" lon="-73.9670532"><time>2026-09-15T05:16:20Z</time><extensions><gpxtpx:TrackPointExtension><gpxtpx:hr>176</gpxtpx:hr></gpxtpx:TrackPointExtension></extensions></trkpt>
  <trkpt lat="40.7876757" lon="-73.9669314"><time>2026-09-15T05:16:25Z</time><extensions><gpxtpx:TrackPointExtension><gpxtpx:hr>175</gpxtpx:hr></gpxtpx:TrackPointExtension></extensions></trkpt>
  <trkpt lat="40.7877779" lon="-73.9668157"><time>2026-09-15T05:16:30Z</time><extensions><gpxtpx:TrackPointExtension><gpxtpx:hr>174</gpxtpx:hr></gpxtpx:TrackPointExtension></extensions></trkpt>
  <trkpt lat="40.7878706" lon="-73.9667228"><time>2026-09-15T05:16:35Z</time><extensions><gpxtpx:TrackPointExtension><gpxtpx:hr>174</gpxtpx:hr></gpxtpx:TrackPointExtension></extensions></trkpt>
  <trkpt lat="40.7879720" lon="-73.9666252"><time>2026-09-15T05:16:40Z</time><extensions><gpxtpx:TrackPointExtension><gpxtpx:hr>173</gpxtpx:hr></gpxtpx:TrackPointExtension></extensions></trkpt>
  <trkpt lat="40.7880692" lon="-73.9664943"><time>2026-09-15T05:16:45Z</time><extensions><gpxtpx:TrackPointExtension><gpxtpx:hr>173</gpxtpx:hr></gpxtpx:TrackPointExtension></extensions></trkpt>
  <trkpt lat="40.7881604" lon="-73.9663514"><time>2026-09-15T05:16:50Z</time><extensions><gpxtpx:TrackPointExtension><gpxtpx:hr>171</gpxtpx:hr></gpxtpx:TrackPointExtension></extensions></trkpt>
  <trkpt lat="40.7882453" lon="-73.9662367"><time>2026-09-15T05:16:55Z</time><extensions><gpxtpx:TrackPointExtension><gpxtpx:hr>170</gpxtpx:hr></gpxtpx:TrackPointExtension></extensions></trkpt>
  <trkpt lat="40.7883222" lon="-73.9660837"><time>2026-09-15T05:17:00Z</time><extensions><gpxtpx:TrackPointExtension><gpxtpx:hr>168</gpxtpx:hr></gpxtpx:TrackPointExtension></extensions></trkpt>
  <trkpt lat="40.7883938" lon="-73.9659610"><time>2026-09-15T05:17:05Z</time><extensions><gpxtpx:TrackPointExtension><gpxtpx:hr>168</gpxtpx:hr></gpxtpx:TrackPointExtension></extensions></trkpt>
  <trkpt lat="40.7884536" lon="-73.9658027"><time>2026-09-15T05:17:10Z</time><extensions><gpxtpx:TrackPointExtension><gpxtpx:hr>167</gpxtpx:hr></gpxtpx:TrackPointExtension></extensions></trkpt>
  <trkpt lat="40.7885223" lon="-73.9656542"><time>2026-09-15T05:17:15Z</time><extensions><gpxtpx:TrackPointExtension><gpxtpx:hr>166</gpxtpx:hr></gpxtpx:TrackPointExtension></extensions></trkpt>
  <trkpt lat="40.7885707" lon="-73.9654926"><time>2026-09-15T05:17:20Z</time><extensions><gpxtpx:TrackPointExtension><gpxtpx:hr>166</gpxtpx:hr></gpxtpx:TrackPointExtension></extensions></trkpt>
  <trkpt lat="40.7886278" lon="-73.9653546"><time>2026-09-15T05:17:25Z</time><extensions><gpxtpx:TrackPointExtension><gpxtpx:hr>166</gpxtpx:hr></gpxtpx:TrackPointExtension></extensions></trkpt>
  <trkpt lat="40.7886698" lon="-73.9651684"><time>2026-09-15T05:17:30Z</time><extensions><gpxtpx:TrackPointExtension><gpxtpx:hr>165</gpxtpx:hr></gpxtpx:TrackPointExtension></extensions></trkpt>
  <trkpt lat="40.7887230" lon="-73.9650043"><time>2026-09-15T05:17:35Z</time><extensions><gpxtpx:TrackPointExtension><gpxtpx:hr>165</gpxtpx:hr></gpxtpx:TrackPointExtension></extensions></trkpt>
  <trkpt lat="40.7887541" lon="-73.9648604"><time>2026-09-15T05:17:40Z</time><extensions><gpxtpx:TrackPointExtension><gpxtpx:hr>164</gpxtpx:hr></gpxtpx:TrackPointExtension></extensions></trkpt>
  <trkpt lat="40.7888337" lon="-73.9647134"><time>2026-09-15T05:17:45Z</time><extensions><gpxtpx:TrackPointExtension><gpxtpx:hr>162</gpxtpx:hr></gpxtpx:TrackPointExtension></extensions></trkpt>
  <trkpt lat="40.7889057" lon="-73.9645711"><time>2026-09-15T05:17:50Z</time><extensions><gpxtpx:TrackPointExtension><gpxtpx:hr>163</gpxtpx:hr></gpxtpx:TrackPointExtension></extensions></trkpt>
  <trkpt lat="40.7889955" lon="-73.9644396"><time>2026-09-15T05:17:55Z</time><extensions><gpxtpx:TrackPointExtension><gpxtpx:hr>163</gpxtpx:hr></gpxtpx:TrackPointExtension></extensions></trkpt>
  <trkpt lat="40.7890954" lon="-73.9643384"><time>2026-09-15T05:18:00Z</time><extensions><gpxtpx:TrackPointExtension><gpxtpx:hr>161</gpxtpx:hr></gpxtpx:TrackPointExtension></extensions></trkpt>
  <trkpt lat="40.7892229" lon="-73.9642522"><time>2026-09-15T05:18:05Z</time><extensions><gpxtpx:TrackPointExtension><gpxtpx:hr>160</gpxtpx:hr></gpxtpx:TrackPointExtension></extensions></trkpt>
  <trkpt lat="40.7893430" lon="-73.9642042"><time>2026-09-15T05:18:10Z</time><extensions><gpxtpx:TrackPointExtension><gpxtpx:hr>160</gpxtpx:hr></gpxtpx:TrackPointExtension></extensions></trkpt>
  <trkpt lat="40.7894732" lon="-73.9641741"><time>2026-09-15T05:18:15Z</time><extensions><gpxtpx:TrackPointExtension><gpxtpx:hr>160</gpxtpx:hr></gpxtpx:TrackPointExtension></extensions></trkpt>
  <trkpt lat="40.7895987" lon="-73.9641904"><time>2026-09-15T05:18:20Z</time><extensions><gpxtpx:TrackPointExtension><gpxtpx:hr>160</gpxtpx:hr></gpxtpx:TrackPointExtension></extensions></trkpt>
  <trkpt lat="40.7897278" lon="-73.9641806"><time>2026-09-15T05:18:25Z</time><extensions><gpxtpx:TrackPointExtension><gpxtpx:hr>159</gpxtpx:hr></gpxtpx:TrackPointExtension></extensions></trkpt>
  <trkpt lat="40.7898574" lon="-73.9642094"><time>2026-09-15T05:18:30Z</time><extensions><gpxtpx:TrackPointExtension><gpxtpx:hr>160</gpxtpx:hr></gpxtpx:TrackPointExtension></extensions></trkpt>
  <trkpt lat="40.7899932" lon="-73.9642172"><time>2026-09-15T05:18:35Z</time><extensions><gpxtpx:TrackPointExtension><gpxtpx:hr>159</gpxtpx:hr></gpxtpx:TrackPointExtension></extensions></trkpt>
  <trkpt lat="40.7901274" lon="-73.9642277"><time>2026-09-15T05:18:40Z</time><extensions><gpxtpx:TrackPointExtension><gpxtpx:hr>157</gpxtpx:hr></gpxtpx:TrackPointExtension></extensions></trkpt>
  <trkpt lat="40.7902543" lon="-73.9641911"><time>2026-09-15T05:18:45Z</time><extensions><gpxtpx:TrackPointExtension><gpxtpx:hr>158</gpxtpx:hr></gpxtpx:TrackPointExtension></extensions></trkpt>
  <trkpt lat="40.7903831" lon="-73.9641451"><time>2026-09-15T05:18:50Z</time><extensions><gpxtpx:TrackPointExtension><gpxtpx:hr>157</gpxtpx:hr></gpxtpx:TrackPointExtension></extensions></trkpt>
  <trkpt lat="40.7905097" lon="-73.9640943"><time>2026-09-15T05:18:55Z</time><extensions><gpxtpx:TrackPointExtension><gpxtpx:hr>158</gpxtpx:hr></gpxtpx:TrackPointExtension></extensions></trkpt>
  <trkpt lat="40.7906271" lon="-73.9640069"><time>2026-09-15T05:19:00Z</time><extensions><gpxtpx:TrackPointExtension><gpxtpx:hr>157</gpxtpx:hr></gpxtpx:TrackPointExtension></extensions></trkpt>
  <trkpt lat="40.7907158" lon="-73.9638933"><time>2026-09-15T05:19:05Z</time><extensions><gpxtpx:TrackPointExtension><gpxtpx:hr>157</gpxtpx:hr></gpxtpx:TrackPointExtension></extensions></trkpt>
  <trkpt lat="40.7907969" lon="-73.9637634"><time>2026-09-15T05:19:10Z</time><extensions><gpxtpx:TrackPointExtension><gpxtpx:hr>156</gpxtpx:hr></gpxtpx:TrackPointExtension></extensions></trkpt>
  <trkpt lat="40.7908822" lon="-73.9636241"><time>2026-09-15T05:19:15Z</time><extensions><gpxtpx:TrackPointExtension><gpxtpx:hr>157</gpxtpx:hr></gpxtpx:TrackPointExtension></extensions></trkpt>
  <trkpt lat="40.7909674" lon="-73.9634305"><time>2026-09-15T05:19:20Z</time><extensions><gpxtpx:TrackPointExtension><gpxtpx:hr>158</gpxtpx:hr></gpxtpx:TrackPointExtension></extensions></trkpt>
  <trkpt lat="40.7910416" lon="-73.9632378"><time>2026-09-15T05:19:25Z</time><extensions><gpxtpx:TrackPointExtension><gpxtpx:hr>158</gpxtpx:hr></gpxtpx:TrackPointExtension></extensions></trkpt>
  <trkpt lat="40.7911411" lon="-73.9630645"><time>2026-09-15T05:19:30Z</time><extensions><gpxtpx:TrackPointExtension><gpxtpx:hr>159</gpxtpx:hr></gpxtpx:TrackPointExtension></extensions></trkpt>
  <trkpt lat="40.7912475" lon="-73.9629234"><time>2026-09-15T05:19:35Z</time><extensions><gpxtpx:TrackPointExtension><gpxtpx:hr>159</gpxtpx:hr></gpxtpx:TrackPointExtension></extensions></trkpt>
  <trkpt lat="40.7913843" lon="-73.9627797"><time>2026-09-15T05:19:40Z</time><extensions><gpxtpx:TrackPointExtension><gpxtpx:hr>158</gpxtpx:hr></gpxtpx:TrackPointExtension></extensions></trkpt>
  <trkpt lat="40.7915141" lon="-73.9626659"><time>2026-09-15T05:19:45Z</time><extensions><gpxtpx:TrackPointExtension><gpxtpx:hr>159</gpxtpx:hr></gpxtpx:TrackPointExtension></extensions></trkpt>
  <trkpt lat="40.7916702" lon="-73.9625612"><time>2026-09-15T05:19:50Z</time><extensions><gpxtpx:TrackPointExtension><gpxtpx:hr>160</gpxtpx:hr></gpxtpx:TrackPointExtension></extensions></trkpt>
  <trkpt lat="40.7918147" lon="-73.9624724"><time>2026-09-15T05:19:55Z</time><extensions><gpxtpx:TrackPointExtension><gpxtpx:hr>160</gpxtpx:hr></gpxtpx:TrackPointExtension></extensions></trkpt>
  <trkpt lat="40.7919720" lon="-73.9623969"><time>2026-09-15T05:20:00Z</time><extensions><gpxtpx:TrackPointExtension><gpxtpx:hr>159</gpxtpx:hr></gpxtpx:TrackPointExtension></extensions></trkpt>
  <trkpt lat="40.7921081" lon="-73.9623320"><time>2026-09-15T05:20:05Z</time><extensions><gpxtpx:TrackPointExtension><gpxtpx:hr>159</gpxtpx:hr></gpxtpx:TrackPointExtension></extensions></trkpt>
  <trkpt lat="40.7922682" lon="-73.9622402"><time>2026-09-15T05:20:10Z</time><extensions><gpxtpx:TrackPointExtension><gpxtpx:hr>160</gpxtpx:hr></gpxtpx:TrackPointExtension></extensions></trkpt>
  <trkpt lat="40.7924224" lon="-73.9621588"><time>2026-09-15T05:20:15Z</time><extensions><gpxtpx:TrackPointExtension><gpxtpx:hr>160</gpxtpx:hr></gpxtpx:TrackPointExtension></extensions></trkpt>
  <trkpt lat="40.7925746" lon="-73.9620555"><time>2026-09-15T05:20:20Z</time><extensions><gpxtpx:TrackPointExtension><gpxtpx:hr>160</gpxtpx:hr></gpxtpx:TrackPointExtension></extensions></trkpt>
  <trkpt lat="40.7927165" lon="-73.9619865"><time>2026-09-15T05:20:25Z</time><extensions><gpxtpx:TrackPointExtension><gpxtpx:hr>159</gpxtpx:hr></gpxtpx:TrackPointExtension></extensions></trkpt>
  <trkpt lat="40.7928736" lon="-73.9618803"><time>2026-09-15T05:20:30Z</time><extensions><gpxtpx:TrackPointExtension><gpxtpx:hr>161</gpxtpx:hr></gpxtpx:TrackPointExtension></extensions></trkpt>
  <trkpt lat="40.7930107" lon="-73.9617782"><time>2026-09-15T05:20:35Z</time><extensions><gpxtpx:TrackPointExtension><gpxtpx:hr>160</gpxtpx:hr></gpxtpx:TrackPointExtension></extensions></trkpt>
  <trkpt lat="40.7931684" lon="-73.9616932"><time>2026-09-15T05:20:40Z</time><extensions><gpxtpx:TrackPointExtension><gpxtpx:hr>162</gpxtpx:hr></gpxtpx:TrackPointExtension></extensions></trkpt>
  <trkpt lat="40.7933081" lon="-73.9615568"><time>2026-09-15T05:20:45Z</time><extensions><gpxtpx:TrackPointExtension><gpxtpx:hr>161</gpxtpx:hr></gpxtpx:TrackPointExtension></extensions></trkpt>
  <trkpt lat="40.7934151" lon="-73.9614208"><time>2026-09-15T05:20:50Z</time><extensions><gpxtpx:TrackPointExtension><gpxtpx:hr>163</gpxtpx:hr></gpxtpx:TrackPointExtension></extensions></trkpt>
  <trkpt lat="40.7935299" lon="-73.9612598"><time>2026-09-15T05:20:55Z</time><extensions><gpxtpx:TrackPointExtension><gpxtpx:hr>162</gpxtpx:hr></gpxtpx:TrackPointExtension></extensions></trkpt>
  <trkpt lat="40.7936593" lon="-73.9611262"><time>2026-09-15T05:21:00Z</time><extensions><gpxtpx:TrackPointExtension><gpxtpx:hr>163</gpxtpx:hr></gpxtpx:TrackPointExtension></extensions></trkpt>
  <trkpt lat="40.7937458" lon="-73.9609279"><time>2026-09-15T05:21:05Z</time><extensions><gpxtpx:TrackPointExtension><gpxtpx:hr>163</gpxtpx:hr></gpxtpx:TrackPointExtension></extensions></trkpt>
  <trkpt lat="40.7938180" lon="-73.9607641"><time>2026-09-15T05:21:10Z</time><extensions><gpxtpx:TrackPointExtension><gpxtpx:hr>163</gpxtpx:hr></gpxtpx:TrackPointExtension></extensions></trkpt>
  <trkpt lat="40.7938855" lon="-73.9605604"><time>2026-09-15T05:21:15Z</time><extensions><gpxtpx:TrackPointExtension><gpxtpx:hr>164</gpxtpx:hr></gpxtpx:TrackPointExtension></extensions></trkpt>
  <trkpt lat="40.7939467" lon="-73.9603461"><time>2026-09-15T05:21:20Z</time><extensions><gpxtpx:TrackPointExtension><gpxtpx:hr>164</gpxtpx:hr></gpxtpx:TrackPointExtension></extensions></trkpt>
  <trkpt lat="40.7940060" lon="-73.9601222"><time>2026-09-15T05:21:25Z</time><extensions><gpxtpx:TrackPointExtension><gpxtpx:hr>166</gpxtpx:hr></gpxtpx:TrackPointExtension></extensions></trkpt>
  <trkpt lat="40.7940598" lon="-73.9599353"><time>2026-09-15T05:21:30Z</time><extensions><gpxtpx:TrackPointExtension><gpxtpx:hr>166</gpxtpx:hr></gpxtpx:TrackPointExtension></extensions></trkpt>
  <trkpt lat="40.7941151" lon="-73.9597503"><time>2026-09-15T05:21:35Z</time><extensions><gpxtpx:TrackPointExtension><gpxtpx:hr>166</gpxtpx:hr></gpxtpx:TrackPointExtension></extensions></trkpt>
  <trkpt lat="40.7942224" lon="-73.9595572"><time>2026-09-15T05:21:40Z</time><extensions><gpxtpx:TrackPointExtension><gpxtpx:hr>165</gpxtpx:hr></gpxtpx:TrackPointExtension></extensions></trkpt>
  <trkpt lat="40.7943265" lon="-73.9594048"><time>2026-09-15T05:21:45Z</time><extensions><gpxtpx:TrackPointExtension><gpxtpx:hr>166</gpxtpx:hr></gpxtpx:TrackPointExtension></extensions></trkpt>
  <trkpt lat="40.7944737" lon="-73.9592919"><time>2026-09-15T05:21:50Z</time><extensions><gpxtpx:TrackPointExtension><gpxtpx:hr>167</gpxtpx:hr></gpxtpx:TrackPointExtension></extensions></trkpt>
  <trkpt lat="40.7946312" lon="-73.9592195"><time>2026-09-15T05:21:55Z</time><extensions><gpxtpx:TrackPointExtension><gpxtpx:hr>167</gpxtpx:hr></gpxtpx:TrackPointExtension></extensions></trkpt>
  <trkpt lat="40.7947728" lon="-73.9591483"><time>2026-09-15T05:22:00Z</time><extensions><gpxtpx:TrackPointExtension><gpxtpx:hr>168</gpxtpx:hr></gpxtpx:TrackPointExtension></extensions></trkpt>
  <trkpt lat="40.7949406" lon="-73.9590716"><time>2026-09-15T05:22:05Z</time><extensions><gpxtpx:TrackPointExtension><gpxtpx:hr>168</gpxtpx:hr></gpxtpx:TrackPointExtension></extensions></trkpt>
  <trkpt lat="40.7950743" lon="-73.9589467"><time>2026-09-15T05:22:10Z</time><extensions><gpxtpx:TrackPointExtension><gpxtpx:hr>168</gpxtpx:hr></gpxtpx:TrackPointExtension></extensions></trkpt>
  <trkpt lat="40.7951797" lon="-73.9587955"><time>2026-09-15T05:22:15Z</time><extensions><gpxtpx:TrackPointExtension><gpxtpx:hr>169</gpxtpx:hr></gpxtpx:TrackPointExtension></extensions></trkpt>
  <trkpt lat="40.7952834" lon="-73.9586255"><time>2026-09-15T05:22:20Z</time><extensions><gpxtpx:TrackPointExtension><gpxtpx:hr>169</gpxtpx:hr></gpxtpx:TrackPointExtension></extensions></trkpt>
  <trkpt lat="40.7953423" lon="-73.9584180"><time>2026-09-15T05:22:25Z</time><extensions><gpxtpx:TrackPointExtension><gpxtpx:hr>169</gpxtpx:hr></gpxtpx:TrackPointExtension></extensions></trkpt>
  <trkpt lat="40.7954017" lon="-73.9582060"><time>2026-09-15T05:22:30Z</time><extensions><gpxtpx:TrackPointExtension><gpxtpx:hr>169</gpxtpx:hr></gpxtpx:TrackPointExtension></extensions></trkpt>
  <trkpt lat="40.7954446" lon="-73.9580165"><time>2026-09-15T05:22:35Z</time><extensions><gpxtpx:TrackPointExtension><gpxtpx:hr>170</gpxtpx:hr></gpxtpx:TrackPointExtension></extensions></trkpt>
  <trkpt lat="40.7955083" lon="-73.9578023"><time>2026-09-15T05:22:40Z</time><extensions><gpxtpx:TrackPointExtension><gpxtpx:hr>172</gpxtpx:hr></gpxtpx:TrackPointExtension></extensions></trkpt>
  <trkpt lat="40.7955967" lon="-73.9576154"><time>2026-09-15T05:22:45Z</time><extensions><gpxtpx:TrackPointExtension><gpxtpx:hr>171</gpxtpx:hr></gpxtpx:TrackPointExtension></extensions></trkpt>
  <trkpt lat="40.7956967" lon="-73.9574569"><time>2026-09-15T05:22:50Z</time><extensions><gpxtpx:TrackPointExtension><gpxtpx:hr>171</gpxtpx:hr></gpxtpx:TrackPointExtension></extensions></trkpt>
  <trkpt lat="40.7957978" lon="-73.9572819"><time>2026-09-15T05:22:55Z</time><extensions><gpxtpx:TrackPointExtension><gpxtpx:hr>171</gpxtpx:hr></gpxtpx:TrackPointExtension></extensions></trkpt>
  <trkpt lat="40.7959236" lon="-73.9571503"><time>2026-09-15T05:23:00Z</time><extensions><gpxtpx:TrackPointExtension><gpxtpx:hr>172</gpxtpx:hr></gpxtpx:TrackPointExtension></extensions></trkpt>
  <trkpt lat="40.7960543" lon="-73.9569929"><time>2026-09-15T05:23:05Z</time><extensions><gpxtpx:TrackPointExtension><gpxtpx:hr>172</gpxtpx:hr></gpxtpx:TrackPointExtension></extensions></trkpt>
  <trkpt lat="40.7961941" lon="-73.9569070"><time>2026-09-15T05:23:10Z</time><extensions><gpxtpx:TrackPointExtension><gpxtpx:hr>171</gpxtpx:hr></gpxtpx:TrackPointExtension></extensions></trkpt>
  <trkpt lat="40.7963569" lon="-73.9568425"><time>2026-09-15T05:23:15Z</time><extensions><gpxtpx:TrackPointExtension><gpxtpx:hr>172</gpxtpx:hr></gpxtpx:TrackPointExtension></extensions></trkpt>
  <trkpt lat="40.7965235" lon="-73.9567990"><time>2026-09-15T05:23:20Z</time><extensions><gpxtpx:TrackPointExtension><gpxtpx:hr>173</gpxtpx:hr></gpxtpx:TrackPointExtension></extensions></trkpt>
  <trkpt lat="40.7966780" lon="-73.9567835"><time>2026-09-15T05:23:25Z</time><extensions><gpxtpx:TrackPointExtension><gpxtpx:hr>173</gpxtpx:hr></gpxtpx:TrackPointExtension></extensions></trkpt>
  <trkpt lat="40.7968423" lon="-73.9568435"><time>2026-09-15T05:23:30Z</time><extensions><gpxtpx:TrackPointExtension><gpxtpx:hr>174</gpxtpx:hr></gpxtpx:TrackPointExtension></extensions></trkpt>
  <trkpt lat="40.7969793" lon="-73.9569236"><time>2026-09-15T05:23:35Z</time><extensions><gpxtpx:TrackPointExtension><gpxtpx:hr>174</gpxtpx:hr></gpxtpx:TrackPointExtension></extensions></trkpt>
  <trkpt lat="40.7971424" lon="-73.9570068"><time>2026-09-15T05:23:40Z</time><extensions><gpxtpx:TrackPointExtension><gpxtpx:hr>173</gpxtpx:hr></gpxtpx:TrackPointExtension></extensions></trkpt>
  <trkpt lat="40.7973015" lon="-73.9570482"><time>2026-09-15T05:23:45Z</time><extensions><gpxtpx:TrackPointExtension><gpxtpx:hr>174</gpxtpx:hr></gpxtpx:TrackPointExtension></extensions></trkpt>
  <trkpt lat="40.7974639" lon="-73.9570400"><time>2026-09-15T05:23:50Z</time><extensions><gpxtpx:TrackPointExtension><gpxtpx:hr>174</gpxtpx:hr></gpxtpx:TrackPointExtension></extensions></trkpt>
  <trkpt lat="40.7975958" lon="-73.9570387"><time>2026-09-15T05:23:55Z</time><extensions><gpxtpx:TrackPointExtension><gpxtpx:hr>174</gpxtpx:hr></gpxtpx:TrackPointExtension></extensions></trkpt>
  <trkpt lat="40.7977158" lon="-73.9570449"><time>2026-09-15T05:24:00Z</time><extensions><gpxtpx:TrackPointExtension><gpxtpx:hr>172</gpxtpx:hr></gpxtpx:TrackPointExtension></extensions></trkpt>
  <trkpt lat="40.7978496" lon="-73.9570898"><time>2026-09-15T05:24:05Z</time><extensions><gpxtpx:TrackPointExtension><gpxtpx:hr>172</gpxtpx:hr></gpxtpx:TrackPointExtension></extensions></trkpt>
  <trkpt lat="40.7979670" lon="-73.9571835"><time>2026-09-15T05:24:10Z</time><extensions><gpxtpx:TrackPointExtension><gpxtpx:hr>173</gpxtpx:hr></gpxtpx:TrackPointExtension></extensions></trkpt>
  <trkpt lat="40.7980550" lon="-73.9573061"><time>2026-09-15T05:24:15Z</time><extensions><gpxtpx:TrackPointExtension><gpxtpx:hr>172</gpxtpx:hr></gpxtpx:TrackPointExtension></extensions></trkpt>
  <trkpt lat="40.7981453" lon="-73.9574346"><time>2026-09-15T05:24:20Z</time><extensions><gpxtpx:TrackPointExtension><gpxtpx:hr>170</gpxtpx:hr></gpxtpx:TrackPointExtension></extensions></trkpt>
  <trkpt lat="40.7981743" lon="-73.9576235"><time>2026-09-15T05:24:25Z</time><extensions><gpxtpx:TrackPointExtension><gpxtpx:hr>169</gpxtpx:hr></gpxtpx:TrackPointExtension></extensions></trkpt>
  <trkpt lat="40.7982102" lon="-73.9577464"><time>2026-09-15T05:24:30Z</time><extensions><gpxtpx:TrackPointExtension><gpxtpx:hr>168</gpxtpx:hr></gpxtpx:TrackPointExtension></extensions></trkpt>
  <trkpt lat="40.7982499" lon="-73.9579191"><time>2026-09-15T05:24:35Z</time><extensions><gpxtpx:TrackPointExtension><gpxtpx:hr>168</gpxtpx:hr></gpxtpx:TrackPointExtension></extensions></trkpt>
  <trkpt lat="40.7982918" lon="-73.9580958"><time>2026-09-15T05:24:40Z</time><extensions><gpxtpx:TrackPointExtension><gpxtpx:hr>167</gpxtpx:hr></gpxtpx:TrackPointExtension></extensions></trkpt>
  <trkpt lat="40.7983692" lon="-73.9582488"><time>2026-09-15T05:24:45Z</time><extensions><gpxtpx:TrackPointExtension><gpxtpx:hr>167</gpxtpx:hr></gpxtpx:TrackPointExtension></extensions></trkpt>
  <trkpt lat="40.7984565" lon="-73.9583647"><time>2026-09-15T05:24:50Z</time><extensions><gpxtpx:TrackPointExtension><gpxtpx:hr>167</gpxtpx:hr></gpxtpx:TrackPointExtension></extensions></trkpt>
  <trkpt lat="40.7985784" lon="-73.9584636"><time>2026-09-15T05:24:55Z</time><extensions><gpxtpx:TrackPointExtension><gpxtpx:hr>166</gpxtpx:hr></gpxtpx:TrackPointExtension></extensions></trkpt>
  <trkpt lat="40.7986856" lon="-73.9585027"><time>2026-09-15T05:25:00Z</time><extensions><gpxtpx:TrackPointExtension><gpxtpx:hr>165</gpxtpx:hr></gpxtpx:TrackPointExtension></extensions></trkpt>
  <trkpt lat="40.7988196" lon="-73.9585338"><time>2026-09-15T05:25:05Z</time><extensions><gpxtpx:TrackPointExtension><gpxtpx:hr>165</gpxtpx:hr></gpxtpx:TrackPointExtension></extensions></trkpt>
  <trkpt lat="40.7989448" lon="-73.9585294"><time>2026-09-15T05:25:10Z</time><extensions><gpxtpx:TrackPointExtension><gpxtpx:hr>165</gpxtpx:hr></gpxtpx:TrackPointExtension></extensions></trkpt>
  <trkpt lat="40.7990672" lon="-73.9584725"><time>2026-09-15T05:25:15Z</time><extensions><gpxtpx:TrackPointExtension><gpxtpx:hr>165</gpxtpx:hr></gpxtpx:TrackPointExtension></extensions></trkpt>
  <trkpt lat="40.7991832" lon="-73.9583839"><time>2026-09-15T05:25:20Z</time><extensions><gpxtpx:TrackPointExtension><gpxtpx:hr>164</gpxtpx:hr></gpxtpx:TrackPointExtension></extensions></trkpt>
  <trkpt lat="40.7993042" lon="-73.9582871"><time>2026-09-15T05:25:25Z</time><extensions><gpxtpx:TrackPointExtension><gpxtpx:hr>162</gpxtpx:hr></gpxtpx:TrackPointExtension></extensions></trkpt>
  <trkpt lat="40.7993998" lon="-73.9581860"><time>2026-09-15T05:25:30Z</time><extensions><gpxtpx:TrackPointExtension><gpxtpx:hr>161</gpxtpx:hr></gpxtpx:TrackPointExtension></extensions></trkpt>
  <trkpt lat="40.7994709" lon="-73.9580306"><time>2026-09-15T05:25:35Z</time><extensions><gpxtpx:TrackPointExtension><gpxtpx:hr>160</gpxtpx:hr></gpxtpx:TrackPointExtension></extensions></trkpt>
  <trkpt lat="40.7995449" lon="-73.9579010"><time>2026-09-15T05:25:40Z</time><extensions><gpxtpx:TrackPointExtension><gpxtpx:hr>161</gpxtpx:hr></gpxtpx:TrackPointExtension></extensions></trkpt>
  <trkpt lat="40.7995722" lon="-73.9577268"><time>2026-09-15T05:25:45Z</time><extensions><gpxtpx:TrackPointExtension><gpxtpx:hr>159</gpxtpx:hr></gpxtpx:TrackPointExtension></extensions></trkpt>
  <trkpt lat="40.7995465" lon="-73.9575603"><time>2026-09-15T05:25:50Z</time><extensions><gpxtpx:TrackPointExtension><gpxtpx:hr>159</gpxtpx:hr></gpxtpx:TrackPointExtension></extensions></trkpt>
  <trkpt lat="40.7994962" lon="-73.9574117"><time>2026-09-15T05:25:55Z</time><extensions><gpxtpx:TrackPointExtension><gpxtpx:hr>158</gpxtpx:hr></gpxtpx:TrackPointExtension></extensions></trkpt>
  <trkpt lat="40.7994671" lon="-73.9572508"><time>2026-09-15T05:26:00Z</time><extensions><gpxtpx:TrackPointExtension><gpxtpx:hr>159</gpxtpx:hr></gpxtpx:TrackPointExtension></extensions></trkpt>
  <trkpt lat="40.7994351" lon="-73.9570787"><time>2026-09-15T05:26:05Z</time><extensions><gpxtpx:TrackPointExtension><gpxtpx:hr>157</gpxtpx:hr></gpxtpx:TrackPointExtension></extensions></trkpt>
  <trkpt lat="40.7994106" lon="-73.9568909"><time>2026-09-15T05:26:10Z</time><extensions><gpxtpx:TrackPointExtension><gpxtpx:hr>157</gpxtpx:hr></gpxtpx:TrackPointExtension></extensions></trkpt>
  <trkpt lat="40.7994083" lon="-73.9567232"><time>2026-09-15T05:26:15Z</time><extensions><gpxtpx:TrackPointExtension><gpxtpx:hr>156</gpxtpx:hr></gpxtpx:TrackPointExtension></extensions></trkpt>
  <trkpt lat="40.7993979" lon="-73.9565675"><time>2026-09-15T05:26:20Z</time><extensions><gpxtpx:TrackPointExtension><gpxtpx:hr>154</gpxtpx:hr></gpxtpx:TrackPointExtension></extensions></trkpt>
  <trkpt lat="40.7993471" lon="-73.9563741"><time>2026-09-15T05:26:25Z</time><extensions><gpxtpx:TrackPointExtension><gpxtpx:hr>154</gpxtpx:hr></gpxtpx:TrackPointExtension></extensions></trkpt>
  <trkpt lat="40.7993352" lon="-73.9562078"><time>2026-09-15T05:26:30Z</time><extensions><gpxtpx:TrackPointExtension><gpxtpx:hr>153</gpxtpx:hr></gpxtpx:TrackPointExtension></extensions></trkpt>
  <trkpt lat="40.7993015" lon="-73.9560587"><time>2026-09-15T05:26:35Z</time><extensions><gpxtpx:TrackPointExtension><gpxtpx:hr>153</gpxtpx:hr></gpxtpx:TrackPointExtension></extensions></trkpt>
  <trkpt lat="40.7992637" lon="-73.9559105"><time>2026-09-15T05:26:40Z</time><extensions><gpxtpx:TrackPointExtension><gpxtpx:hr>153</gpxtpx:hr></gpxtpx:TrackPointExtension></extensions></trkpt>
  <trkpt lat="40.7992164" lon="-73.9557326"><time>2026-09-15T05:26:45Z</time><extensions><gpxtpx:TrackPointExtension><gpxtpx:hr>154</gpxtpx:hr></gpxtpx:TrackPointExtension></extensions></trkpt>
  <trkpt lat="40.7991474" lon="-73.9555172"><time>2026-09-15T05:26:50Z</time><extensions><gpxtpx:TrackPointExtension><gpxtpx:hr>154</gpxtpx:hr></gpxtpx:TrackPointExtension></extensions></trkpt>
  <trkpt lat="40.7990597" lon="-73.9553602"><time>2026-09-15T05:26:55Z</time><extensions><gpxtpx:TrackPointExtension><gpxtpx:hr>155</gpxtpx:hr></gpxtpx:TrackPointExtension></extensions></trkpt>
  <trkpt lat="40.7989538" lon="-73.9551780"><time>2026-09-15T05:27:00Z</time><extensions><gpxtpx:TrackPointExtension><gpxtpx:hr>156</gpxtpx:hr></gpxtpx:TrackPointExtension></extensions></trkpt>
  <trkpt lat="40.7988634" lon="-73.9550090"><time>2026-09-15T05:27:05Z</time><extensions><gpxtpx:TrackPointExtension><gpxtpx:hr>157</gpxtpx:hr></gpxtpx:TrackPointExtension></extensions></trkpt>
  <trkpt lat="40.7987495" lon="-73.9548484"><time>2026-09-15T05:27:10Z</time><extensions><gpxtpx:TrackPointExtension><gpxtpx:hr>158</gpxtpx:hr></gpxtpx:TrackPointExtension></extensions></trkpt>
  <trkpt lat="40.7986374" lon="-73.9546902"><time>2026-09-15T05:27:15Z</time><extensions><gpxtpx:TrackPointExtension><gpxtpx:hr>158</gpxtpx:hr></gpxtpx:TrackPointExtension></extensions></trkpt>
  <trkpt lat="40.7985050" lon="-73.9545569"><time>2026-09-15T05:27:20Z</time><extensions><gpxtpx:TrackPointExtension><gpxtpx:hr>158</gpxtpx:hr></gpxtpx:TrackPointExtension></extensions></trkpt>
  <trkpt lat="40.7983896" lon="-73.9544168"><time>2026-09-15T05:27:25Z</time><extensions><gpxtpx:TrackPointExtension><gpxtpx:hr>157</gpxtpx:hr></gpxtpx:TrackPointExtension></extensions></trkpt>
  <trkpt lat="40.7982412" lon="-73.9543088"><time>2026-09-15T05:27:30Z</time><extensions><gpxtpx:TrackPointExtension><gpxtpx:hr>158</gpxtpx:hr></gpxtpx:TrackPointExtension></extensions></trkpt>
  <trkpt lat="40.7980794" lon="-73.9542980"><time>2026-09-15T05:27:35Z</time><extensions><gpxtpx:TrackPointExtension><gpxtpx:hr>158</gpxtpx:hr></gpxtpx:TrackPointExtension></extensions></trkpt>
  <trkpt lat="40.7979187" lon="-73.9542970"><time>2026-09-15T05:27:40Z</time><extensions><gpxtpx:TrackPointExtension><gpxtpx:hr>157</gpxtpx:hr></gpxtpx:TrackPointExtension></extensions></trkpt>
  <trkpt lat="40.7977491" lon="-73.9543422"><time>2026-09-15T05:27:45Z</time><extensions><gpxtpx:TrackPointExtension><gpxtpx:hr>158</gpxtpx:hr></gpxtpx:TrackPointExtension></extensions></trkpt>
  <trkpt lat="40.7975916" lon="-73.9544104"><time>2026-09-15T05:27:50Z</time><extensions><gpxtpx:TrackPointExtension><gpxtpx:hr>158</gpxtpx:hr></gpxtpx:TrackPointExtension></extensions></trkpt>
  <trkpt lat="40.7974352" lon="-73.9544609"><time>2026-09-15T05:27:55Z</time><extensions><gpxtpx:TrackPointExtension><gpxtpx:hr>158</gpxtpx:hr></gpxtpx:TrackPointExtension></extensions></trkpt>
  <trkpt lat="40.7972873" lon="-73.9545786"><time>2026-09-15T05:28:00Z</time><extensions><gpxtpx:TrackPointExtension><gpxtpx:hr>158</gpxtpx:hr></gpxtpx:TrackPointExtension></extensions></trkpt>
  <trkpt lat="40.7971615" lon="-73.9546939"><time>2026-09-15T05:28:05Z</time><extensions><gpxtpx:TrackPointExtension><gpxtpx:hr>159</gpxtpx:hr></gpxtpx:TrackPointExtension></extensions></trkpt>
  <trkpt lat="40.7970052" lon="-73.9547602"><time>2026-09-15T05:28:10Z</time><extensions><gpxtpx:TrackPointExtension><gpxtpx:hr>159</gpxtpx:hr></gpxtpx:TrackPointExtension></extensions></trkpt>
  <trkpt lat="40.7968774" lon="-73.9548879"><time>2026-09-15T05:28:15Z</time><extensions><gpxtpx:TrackPointExtension><gpxtpx:hr>159</gpxtpx:hr></gpxtpx:TrackPointExtension></extensions></trkpt>
  <trkpt lat="40.7967351" lon="-73.9550285"><time>2026-09-15T05:28:20Z</time><extensions><gpxtpx:TrackPointExtension><gpxtpx:hr>160</gpxtpx:hr></gpxtpx:TrackPointExtension></extensions></trkpt>
  <trkpt lat="40.7966018" lon="-73.9551572"><time>2026-09-15T05:28:25Z</time><extensions><gpxtpx:TrackPointExtension><gpxtpx:hr>161</gpxtpx:hr></gpxtpx:TrackPointExtension></extensions></trkpt>
  <trkpt lat="40.7964710" lon="-73.9553023"><time>2026-09-15T05:28:30Z</time><extensions><gpxtpx:TrackPointExtension><gpxtpx:hr>161</gpxtpx:hr></gpxtpx:TrackPointExtension></extensions></trkpt>
  <trkpt lat="40.7963634" lon="-73.9554311"><time>2026-09-15T05:28:35Z</time><extensions><gpxtpx:TrackPointExtension><gpxtpx:hr>162</gpxtpx:hr></gpxtpx:TrackPointExtension></extensions></trkpt>
  <trkpt lat="40.7962220" lon="-73.9555712"><time>2026-09-15T05:28:40Z</time><extensions><gpxtpx:TrackPointExtension><gpxtpx:hr>163</gpxtpx:hr></gpxtpx:TrackPointExtension></extensions></trkpt>
  <trkpt lat="40.7960674" lon="-73.9556793"><time>2026-09-15T05:28:45Z</time><extensions><gpxtpx:TrackPointExtension><gpxtpx:hr>163</gpxtpx:hr></gpxtpx:TrackPointExtension></extensions></trkpt>
  <trkpt lat="40.7959082" lon="-73.9557012"><time>2026-09-15T05:28:50Z</time><extensions><gpxtpx:TrackPointExtension><gpxtpx:hr>162</gpxtpx:hr></gpxtpx:TrackPointExtension></extensions></trkpt>
  <trkpt lat="40.7957645" lon="-73.9556424"><time>2026-09-15T05:28:55Z</time><extensions><gpxtpx:TrackPointExtension><gpxtpx:hr>164</gpxtpx:hr></gpxtpx:TrackPointExtension></extensions></trkpt>
  <trkpt lat="40.7956466" lon="-73.9555122"><time>2026-09-15T05:29:00Z</time><extensions><gpxtpx:TrackPointExtension><gpxtpx:hr>166</gpxtpx:hr></gpxtpx:TrackPointExtension></extensions></trkpt>
  <trkpt lat="40.7955716" lon="-73.9553229"><time>2026-09-15T05:29:05Z</time><extensions><gpxtpx:TrackPointExtension><gpxtpx:hr>165</gpxtpx:hr></gpxtpx:TrackPointExtension></extensions></trkpt>
  <trkpt lat="40.7955406" lon="-73.9551174"><time>2026-09-15T05:29:10Z</time><extensions><gpxtpx:TrackPointExtension><gpxtpx:hr>166</gpxtpx:hr></gpxtpx:TrackPointExtension></extensions></trkpt>
  <trkpt lat="40.7956034" lon="-73.9549101"><time>2026-09-15T05:29:15Z</time><extensions><gpxtpx:TrackPointExtension><gpxtpx:hr>166</gpxtpx:hr></gpxtpx:TrackPointExtension></extensions></trkpt>
  <trkpt lat="40.7957129" lon="-73.9547500"><time>2026-09-15T05:29:20Z</time><extensions><gpxtpx:TrackPointExtension><gpxtpx:hr>166</gpxtpx:hr></gpxtpx:TrackPointExtension></extensions></trkpt>
  <trkpt lat="40.7958159" lon="-73.9545659"><time>2026-09-15T05:29:25Z</time><extensions><gpxtpx:TrackPointExtension><gpxtpx:hr>166</gpxtpx:hr></gpxtpx:TrackPointExtension></extensions></trkpt>
  <trkpt lat="40.7959050" lon="-73.9543942"><time>2026-09-15T05:29:30Z</time><extensions><gpxtpx:TrackPointExtension><gpxtpx:hr>166</gpxtpx:hr></gpxtpx:TrackPointExtension></extensions></trkpt>
  <trkpt lat="40.7959707" lon="-73.9542190"><time>2026-09-15T05:29:35Z</time><extensions><gpxtpx:TrackPointExtension><gpxtpx:hr>166</gpxtpx:hr></gpxtpx:TrackPointExtension></extensions></trkpt>
  <trkpt lat="40.7959947" lon="-73.9539947"><time>2026-09-15T05:29:40Z</time><extensions><gpxtpx:TrackPointExtension><gpxtpx:hr>166</gpxtpx:hr></gpxtpx:TrackPointExtension></extensions></trkpt>
  <trkpt lat="40.7959961" lon="-73.9537785"><time>2026-09-15T05:29:45Z</time><extensions><gpxtpx:TrackPointExtension><gpxtpx:hr>165</gpxtpx:hr></gpxtpx:TrackPointExtension></extensions></trkpt>
  <trkpt lat="40.7959195" lon="-73.9535822"><time>2026-09-15T05:29:50Z</time><extensions><gpxtpx:TrackPointExtension><gpxtpx:hr>166</gpxtpx:hr></gpxtpx:TrackPointExtension></extensions></trkpt>
  <trkpt lat="40.7958059" lon="-73.9534200"><time>2026-09-15T05:29:55Z</time><extensions><gpxtpx:TrackPointExtension><gpxtpx:hr>167</gpxtpx:hr></gpxtpx:TrackPointExtension></extensions></trkpt>
  <trkpt lat="40.7956649" lon="-73.9533344"><time>2026-09-15T05:30:00Z</time><extensions><gpxtpx:TrackPointExtension><gpxtpx:hr>167</gpxtpx:hr></gpxtpx:TrackPointExtension></extensions></trkpt>
  <trkpt lat="40.7955159" lon="-73.9533101"><time>2026-09-15T05:30:05Z</time><extensions><gpxtpx:TrackPointExtension><gpxtpx:hr>168</gpxtpx:hr></gpxtpx:TrackPointExtension></extensions></trkpt>
  <trkpt lat="40.7953504" lon="-73.9533564"><time>2026-09-15T05:30:10Z</time><extensions><gpxtpx:TrackPointExtension><gpxtpx:hr>168</gpxtpx:hr></gpxtpx:TrackPointExtension></extensions></trkpt>
  <trkpt lat="40.7952120" lon="-73.9534948"><time>2026-09-15T05:30:15Z</time><extensions><gpxtpx:TrackPointExtension><gpxtpx:hr>170</gpxtpx:hr></gpxtpx:TrackPointExtension></extensions></trkpt>
  <trkpt lat="40.7951324" lon="-73.9536751"><time>2026-09-15T05:30:20Z</time><extensions><gpxtpx:TrackPointExtension><gpxtpx:hr>170</gpxtpx:hr></gpxtpx:TrackPointExtension></extensions></trkpt>
  <trkpt lat="40.7950648" lon="-73.9538673"><time>2026-09-15T05:30:25Z</time><extensions><gpxtpx:TrackPointExtension><gpxtpx:hr>170</gpxtpx:hr></gpxtpx:TrackPointExtension></extensions></trkpt>
  <trkpt lat="40.7949858" lon="-73.9540559"><time>2026-09-15T05:30:30Z</time><extensions><gpxtpx:TrackPointExtension><gpxtpx:hr>171</gpxtpx:hr></gpxtpx:TrackPointExtension></extensions></trkpt>
  <trkpt lat="40.7948810" lon="-73.9542517"><time>2026-09-15T05:30:35Z</time><extensions><gpxtpx:TrackPointExtension><gpxtpx:hr>170</gpxtpx:hr></gpxtpx:TrackPointExtension></extensions></trkpt>
  <trkpt lat="40.7947802" lon="-73.9543929"><time>2026-09-15T05:30:40Z</time><extensions><gpxtpx:TrackPointExtension><gpxtpx:hr>171</gpxtpx:hr></gpxtpx:TrackPointExtension></extensions></trkpt>
  <trkpt lat="40.7946529" lon="-73.9545406"><time>2026-09-15T05:30:45Z</time><extensions><gpxtpx:TrackPointExtension><gpxtpx:hr>171</gpxtpx:hr></gpxtpx:TrackPointExtension></extensions></trkpt>
  <trkpt lat="40.7945264" lon="-73.9546636"><time>2026-09-15T05:30:50Z</time><extensions><gpxtpx:TrackPointExtension><gpxtpx:hr>173</gpxtpx:hr></gpxtpx:TrackPointExtension></extensions></trkpt>
  <trkpt lat="40.7943743" lon="-73.9547341"><time>2026-09-15T05:30:55Z</time><extensions><gpxtpx:TrackPointExtension><gpxtpx:hr>174</gpxtpx:hr></gpxtpx:TrackPointExtension></extensions></trkpt>
  <trkpt lat="40.7942249" lon="-73.9548238"><time>2026-09-15T05:31:00Z</time><extensions><gpxtpx:TrackPointExtension><gpxtpx:hr>174</gpxtpx:hr></gpxtpx:TrackPointExtension></extensions></trkpt>
  <trkpt lat="40.7940530" lon="-73.9548840"><time>2026-09-15T05:31:05Z</time><extensions><gpxtpx:TrackPointExtension><gpxtpx:hr>174</gpxtpx:hr></gpxtpx:TrackPointExtension></extensions></trkpt>
  <trkpt lat="40.7938805" lon="-73.9548907"><time>2026-09-15T05:31:10Z</time><extensions><gpxtpx:TrackPointExtension><gpxtpx:hr>173</gpxtpx:hr></gpxtpx:TrackPointExtension></extensions></trkpt>
  <trkpt lat="40.7937296" lon="-73.9549419"><time>2026-09-15T05:31:15Z</time><extensions><gpxtpx:TrackPointExtension><gpxtpx:hr>173</gpxtpx:hr></gpxtpx:TrackPointExtension></extensions></trkpt>
  <trkpt lat="40.7935679" lon="-73.9549635"><time>2026-09-15T05:31:20Z</time><extensions><gpxtpx:TrackPointExtension><gpxtpx:hr>173</gpxtpx:hr></gpxtpx:TrackPointExtension></extensions></trkpt>
  <trkpt lat="40.7934348" lon="-73.9549924"><time>2026-09-15T05:31:25Z</time><extensions><gpxtpx:TrackPointExtension><gpxtpx:hr>173</gpxtpx:hr></gpxtpx:TrackPointExtension></extensions></trkpt>
  <trkpt lat="40.7933032" lon="-73.9550238"><time>2026-09-15T05:31:30Z</time><extensions><gpxtpx:TrackPointExtension><gpxtpx:hr>173</gpxtpx:hr></gpxtpx:TrackPointExtension></extensions></trkpt>
  <trkpt lat="40.7931826" lon="-73.9550294"><time>2026-09-15T05:31:35Z</time><extensions><gpxtpx:TrackPointExtension><gpxtpx:hr>171</gpxtpx:hr></gpxtpx:TrackPointExtension></extensions></trkpt>
  <trkpt lat="40.7930465" lon="-73.9550586"><time>2026-09-15T05:31:40Z</time><extensions><gpxtpx:TrackPointExtension><gpxtpx:hr>171</gpxtpx:hr></gpxtpx:TrackPointExtension></extensions></trkpt>
  <trkpt lat="40.7929190" lon="-73.9550359"><time>2026-09-15T05:31:45Z</time><extensions><gpxtpx:TrackPointExtension><gpxtpx:hr>171</gpxtpx:hr></gpxtpx:TrackPointExtension></extensions></trkpt>
  <trkpt lat="40.7927743" lon="-73.9550006"><time>2026-09-15T05:31:50Z</time><extensions><gpxtpx:TrackPointExtension><gpxtpx:hr>170</gpxtpx:hr></gpxtpx:TrackPointExtension></extensions></trkpt>
  <trkpt lat="40.7926417" lon="-73.9549940"><time>2026-09-15T05:31:55Z</time><extensions><gpxtpx:TrackPointExtension><gpxtpx:hr>170</gpxtpx:hr></gpxtpx:TrackPointExtension></extensions></trkpt>
  <trkpt lat="40.7925340" lon="-73.9549665"><time>2026-09-15T05:32:00Z</time><extensions><gpxtpx:TrackPointExtension><gpxtpx:hr>168</gpxtpx:hr></gpxtpx:TrackPointExtension></extensions></trkpt>
  <trkpt lat="40.7923949" lon="-73.9549757"><time>2026-09-15T05:32:05Z</time><extensions><gpxtpx:TrackPointExtension><gpxtpx:hr>167</gpxtpx:hr></gpxtpx:TrackPointExtension></extensions></trkpt>
  <trkpt lat="40.7922611" lon="-73.9550169"><time>2026-09-15T05:32:10Z</time><extensions><gpxtpx:TrackPointExtension><gpxtpx:hr>168</gpxtpx:hr></gpxtpx:TrackPointExtension></extensions></trkpt>
  <trkpt lat="40.7921461" lon="-73.9550878"><time>2026-09-15T05:32:15Z</time><extensions><gpxtpx:TrackPointExtension><gpxtpx:hr>168</gpxtpx:hr></gpxtpx:TrackPointExtension></extensions></trkpt>
  <trkpt lat="40.7920545" lon="-73.9551820"><time>2026-09-15T05:32:20Z</time><extensions><gpxtpx:TrackPointExtension><gpxtpx:hr>167</gpxtpx:hr></gpxtpx:TrackPointExtension></extensions></trkpt>
  <trkpt lat="40.7919297" lon="-73.9553186"><time>2026-09-15T05:32:25Z</time><extensions><gpxtpx:TrackPointExtension><gpxtpx:hr>166</gpxtpx:hr></gpxtpx:TrackPointExtension></extensions></trkpt>
  <trkpt lat="40.7918442" lon="-73.9554236"><time>2026-09-15T05:32:30Z</time><extensions><gpxtpx:TrackPointExtension><gpxtpx:hr>166</gpxtpx:hr></gpxtpx:TrackPointExtension></extensions></trkpt>
  <trkpt lat="40.7917563" lon="-73.9555343"><time>2026-09-15T05:32:35Z</time><extensions><gpxtpx:TrackPointExtension><gpxtpx:hr>164</gpxtpx:hr></gpxtpx:TrackPointExtension></extensions></trkpt>
  <trkpt lat="40.7916511" lon="-73.9556512"><time>2026-09-15T05:32:40Z</time><extensions><gpxtpx:TrackPointExtension><gpxtpx:hr>163</gpxtpx:hr></gpxtpx:TrackPointExtension></extensions></trkpt>
  <trkpt lat="40.7915682" lon="-73.9557708"><time>2026-09-15T05:32:45Z</time><extensions><gpxtpx:TrackPointExtension><gpxtpx:hr>164</gpxtpx:hr></gpxtpx:TrackPointExtension></extensions></trkpt>
  <trkpt lat="40.7914693" lon="-73.9558926"><time>2026-09-15T05:32:50Z</time><extensions><gpxtpx:TrackPointExtension><gpxtpx:hr>163</gpxtpx:hr></gpxtpx:TrackPointExtension></extensions></trkpt>
  <trkpt lat="40.7913791" lon="-73.9560062"><time>2026-09-15T05:32:55Z</time><extensions><gpxtpx:TrackPointExtension><gpxtpx:hr>162</gpxtpx:hr></gpxtpx:TrackPointExtension></extensions></trkpt>
  <trkpt lat="40.7912692" lon="-73.9561334"><time>2026-09-15T05:33:00Z</time><extensions><gpxtpx:TrackPointExtension><gpxtpx:hr>161</gpxtpx:hr></gpxtpx:TrackPointExtension></extensions></trkpt>
  <trkpt lat="40.7911736" lon="-73.9562487"><time>2026-09-15T05:33:05Z</time><extensions><gpxtpx:TrackPointExtension><gpxtpx:hr>160</gpxtpx:hr></gpxtpx:TrackPointExtension></extensions></trkpt>
  <trkpt lat="40.7910825" lon="-73.9563529"><time>2026-09-15T05:33:10Z</time><extensions><gpxtpx:TrackPointExtension><gpxtpx:hr>158</gpxtpx:hr></gpxtpx:TrackPointExtension></extensions></trkpt>
  <trkpt lat="40.7909837" lon="-73.9564506"><time>2026-09-15T05:33:15Z</time><extensions><gpxtpx:TrackPointExtension><gpxtpx:hr>157</gpxtpx:hr></gpxtpx:TrackPointExtension></extensions></trkpt>
  <trkpt lat="40.7908733" lon="-73.9565722"><time>2026-09-15T05:33:20Z</time><extensions><gpxtpx:TrackPointExtension><gpxtpx:hr>158</gpxtpx:hr></gpxtpx:TrackPointExtension></extensions></trkpt>
  <trkpt lat="40.7907745" lon="-73.9566607"><time>2026-09-15T05:33:25Z</time><extensions><gpxtpx:TrackPointExtension><gpxtpx:hr>157</gpxtpx:hr></gpxtpx:TrackPointExtension></extensions></trkpt>
  <trkpt lat="40.7906485" lon="-73.9567447"><time>2026-09-15T05:33:30Z</time><extensions><gpxtpx:TrackPointExtension><gpxtpx:hr>157</gpxtpx:hr></gpxtpx:TrackPointExtension></extensions></trkpt>
  <trkpt lat="40.7905532" lon="-73.9568505"><time>2026-09-15T05:33:35Z</time><extensions><gpxtpx:TrackPointExtension><gpxtpx:hr>156</gpxtpx:hr></gpxtpx:TrackPointExtension></extensions></trkpt>
  <trkpt lat="40.7904307" lon="-73.9569318"><time>2026-09-15T05:33:40Z</time><extensions><gpxtpx:TrackPointExtension><gpxtpx:hr>155</gpxtpx:hr></gpxtpx:TrackPointExtension></extensions></trkpt>
  <trkpt lat="40.7903087" lon="-73.9570067"><time>2026-09-15T05:33:45Z</time><extensions><gpxtpx:TrackPointExtension><gpxtpx:hr>155</gpxtpx:hr></gpxtpx:TrackPointExtension></extensions></trkpt>
  <trkpt lat="40.7901965" lon="-73.9570902"><time>2026-09-15T05:33:50Z</time><extensions><gpxtpx:TrackPointExtension><gpxtpx:hr>153</gpxtpx:hr></gpxtpx:TrackPointExtension></extensions></trkpt>
  <trkpt lat="40.7900823" lon="-73.9571665"><time>2026-09-15T05:33:55Z</time><extensions><gpxtpx:TrackPointExtension><gpxtpx:hr>153</gpxtpx:hr></gpxtpx:TrackPointExtension></extensions></trkpt>
  <trkpt lat="40.7899541" lon="-73.9572458"><time>2026-09-15T05:34:00Z</time><extensions><gpxtpx:TrackPointExtension><gpxtpx:hr>152</gpxtpx:hr></gpxtpx:TrackPointExtension></extensions></trkpt>
  <trkpt lat="40.7898403" lon="-73.9573072"><time>2026-09-15T05:34:05Z</time><extensions><gpxtpx:TrackPointExtension><gpxtpx:hr>152</gpxtpx:hr></gpxtpx:TrackPointExtension></extensions></trkpt>
  <trkpt lat="40.7897107" lon="-73.9573400"><time>2026-09-15T05:34:10Z</time><extensions><gpxtpx:TrackPointExtension><gpxtpx:hr>153</gpxtpx:hr></gpxtpx:TrackPointExtension></extensions></trkpt>
  <trkpt lat="40.7895508" lon="-73.9573851"><time>2026-09-15T05:34:15Z</time><extensions><gpxtpx:TrackPointExtension><gpxtpx:hr>154</gpxtpx:hr></gpxtpx:TrackPointExtension></extensions></trkpt>
  <trkpt lat="40.7893907" lon="-73.9573881"><time>2026-09-15T05:34:20Z</time><extensions><gpxtpx:TrackPointExtension><gpxtpx:hr>154</gpxtpx:hr></gpxtpx:TrackPointExtension></extensions></trkpt>
  <trkpt lat="40.7892310" lon="-73.9573136"><time>2026-09-15T05:34:25Z</time><extensions><gpxtpx:TrackPointExtension><gpxtpx:hr>154</gpxtpx:hr></gpxtpx:TrackPointExtension></extensions></trkpt>
  <trkpt lat="40.7891054" lon="-73.9571677"><time>2026-09-15T05:34:30Z</time><extensions><gpxtpx:TrackPointExtension><gpxtpx:hr>154</gpxtpx:hr></gpxtpx:TrackPointExtension></extensions></trkpt>
  <trkpt lat="40.7889624" lon="-73.9570324"><time>2026-09-15T05:34:35Z</time><extensions><gpxtpx:TrackPointExtension><gpxtpx:hr>154</gpxtpx:hr></gpxtpx:TrackPointExtension></extensions></trkpt>
  <trkpt lat="40.7888291" lon="-73.9569569"><time>2026-09-15T05:34:40Z</time><extensions><gpxtpx:TrackPointExtension><gpxtpx:hr>155</gpxtpx:hr></gpxtpx:TrackPointExtension></extensions></trkpt>
  <trkpt lat="40.7886599" lon="-73.9568809"><time>2026-09-15T05:34:45Z</time><extensions><gpxtpx:TrackPointExtension><gpxtpx:hr>155</gpxtpx:hr></gpxtpx:TrackPointExtension></extensions></trkpt>
  <trkpt lat="40.7884993" lon="-73.9568451"><time>2026-09-15T05:34:50Z</time><extensions><gpxtpx:TrackPointExtension><gpxtpx:hr>157</gpxtpx:hr></gpxtpx:TrackPointExtension></extensions></trkpt>
  <trkpt lat="40.7883452" lon="-73.9568426"><time>2026-09-15T05:34:55Z</time><extensions><gpxtpx:TrackPointExtension><gpxtpx:hr>157</gpxtpx:hr></gpxtpx:TrackPointExtension></extensions></trkpt>
  <trkpt lat="40.7881842" lon="-73.9568784"><time>2026-09-15T05:35:00Z</time><extensions><gpxtpx:TrackPointExtension><gpxtpx:hr>159</gpxtpx:hr></gpxtpx:TrackPointExtension></extensions></trkpt>
  <trkpt lat="40.7880208" lon="-73.9569631"><time>2026-09-15T05:35:05Z</time><extensions><gpxtpx:TrackPointExtension><gpxtpx:hr>159</gpxtpx:hr></gpxtpx:TrackPointExtension></extensions></trkpt>
  <trkpt lat="40.7878563" lon="-73.9569809"><time>2026-09-15T05:35:10Z</time><extensions><gpxtpx:TrackPointExtension><gpxtpx:hr>160</gpxtpx:hr></gpxtpx:TrackPointExtension></extensions></trkpt>
  <trkpt lat="40.7877008" lon="-73.9570017"><time>2026-09-15T05:35:15Z</time><extensions><gpxtpx:TrackPointExtension><gpxtpx:hr>160</gpxtpx:hr></gpxtpx:TrackPointExtension></extensions></trkpt>
  <trkpt lat="40.7875320" lon="-73.9570252"><time>2026-09-15T05:35:20Z</time><extensions><gpxtpx:TrackPointExtension><gpxtpx:hr>160</gpxtpx:hr></gpxtpx:TrackPointExtension></extensions></trkpt>
  <trkpt lat="40.7873590" lon="-73.9569863"><time>2026-09-15T05:35:25Z</time><extensions><gpxtpx:TrackPointExtension><gpxtpx:hr>162</gpxtpx:hr></gpxtpx:TrackPointExtension></extensions></trkpt>
  <trkpt lat="40.7872131" lon="-73.9569784"><time>2026-09-15T05:35:30Z</time><extensions><gpxtpx:TrackPointExtension><gpxtpx:hr>163</gpxtpx:hr></gpxtpx:TrackPointExtension></extensions></trkpt>
  <trkpt lat="40.7870388" lon="-73.9569818"><time>2026-09-15T05:35:35Z</time><extensions><gpxtpx:TrackPointExtension><gpxtpx:hr>163</gpxtpx:hr></gpxtpx:TrackPointExtension></extensions></trkpt>
  <trkpt lat="40.7868799" lon="-73.9570148"><time>2026-09-15T05:35:40Z</time><extensions><gpxtpx:TrackPointExtension><gpxtpx:hr>163</gpxtpx:hr></gpxtpx:TrackPointExtension></extensions></trkpt>
  <trkpt lat="40.7867275" lon="-73.9570794"><time>2026-09-15T05:35:45Z</time><extensions><gpxtpx:TrackPointExtension><gpxtpx:hr>164</gpxtpx:hr></gpxtpx:TrackPointExtension></extensions></trkpt>
  <trkpt lat="40.7865827" lon="-73.9571742"><time>2026-09-15T05:35:50Z</time><extensions><gpxtpx:TrackPointExtension><gpxtpx:hr>163</gpxtpx:hr></gpxtpx:TrackPointExtension></extensions></trkpt>
  <trkpt lat="40.7864295" lon="-73.9572603"><time>2026-09-15T05:35:55Z</time><extensions><gpxtpx:TrackPointExtension><gpxtpx:hr>163</gpxtpx:hr></gpxtpx:TrackPointExtension></extensions></trkpt>
  <trkpt lat="40.7862741" lon="-73.9573697"><time>2026-09-15T05:36:00Z</time><extensions><gpxtpx:TrackPointExtension><gpxtpx:hr>164</gpxtpx:hr></gpxtpx:TrackPointExtension></extensions></trkpt>
  <trkpt lat="40.7861463" lon="-73.9574596"><time>2026-09-15T05:36:05Z</time><extensions><gpxtpx:TrackPointExtension><gpxtpx:hr>165</gpxtpx:hr></gpxtpx:TrackPointExtension></extensions></trkpt>
  <trkpt lat="40.7859995" lon="-73.9575848"><time>2026-09-15T05:36:10Z</time><extensions><gpxtpx:TrackPointExtension><gpxtpx:hr>164</gpxtpx:hr></gpxtpx:TrackPointExtension></extensions></trkpt>
  <trkpt lat="40.7858635" lon="-73.9576675"><time>2026-09-15T05:36:15Z</time><extensions><gpxtpx:TrackPointExtension><gpxtpx:hr>166</gpxtpx:hr></gpxtpx:TrackPointExtension></extensions></trkpt>
  <trkpt lat="40.7857102" lon="-73.9577814"><time>2026-09-15T05:36:20Z</time><extensions><gpxtpx:TrackPointExtension><gpxtpx:hr>167</gpxtpx:hr></gpxtpx:TrackPointExtension></extensions></trkpt>
  <trkpt lat="40.7855649" lon="-73.9578835"><time>2026-09-15T05:36:25Z</time><extensions><gpxtpx:TrackPointExtension><gpxtpx:hr>166</gpxtpx:hr></gpxtpx:TrackPointExtension></extensions></trkpt>
  <trkpt lat="40.7854236" lon="-73.9580020"><time>2026-09-15T05:36:30Z</time><extensions><gpxtpx:TrackPointExtension><gpxtpx:hr>167</gpxtpx:hr></gpxtpx:TrackPointExtension></extensions></trkpt>
  <trkpt lat="40.7852724" lon="-73.9581008"><time>2026-09-15T05:36:35Z</time><extensions><gpxtpx:TrackPointExtension><gpxtpx:hr>168</gpxtpx:hr></gpxtpx:TrackPointExtension></extensions></trkpt>
  <trkpt lat="40.7851424" lon="-73.9581918"><time>2026-09-15T05:36:40Z</time><extensions><gpxtpx:TrackPointExtension><gpxtpx:hr>168</gpxtpx:hr></gpxtpx:TrackPointExtension></extensions></trkpt>
  <trkpt lat="40.7849861" lon="-73.9582971"><time>2026-09-15T05:36:45Z</time><extensions><gpxtpx:TrackPointExtension><gpxtpx:hr>167</gpxtpx:hr></gpxtpx:TrackPointExtension></extensions></trkpt>
  <trkpt lat="40.7848453" lon="-73.9584035"><time>2026-09-15T05:36:50Z</time><extensions><gpxtpx:TrackPointExtension><gpxtpx:hr>166</gpxtpx:hr></gpxtpx:TrackPointExtension></extensions></trkpt>
  <trkpt lat="40.7846979" lon="-73.9585101"><time>2026-09-15T05:36:55Z</time><extensions><gpxtpx:TrackPointExtension><gpxtpx:hr>167</gpxtpx:hr></gpxtpx:TrackPointExtension></extensions></trkpt>
  <trkpt lat="40.7845448" lon="-73.9586215"><time>2026-09-15T05:37:00Z</time><extensions><gpxtpx:TrackPointExtension><gpxtpx:hr>169</gpxtpx:hr></gpxtpx:TrackPointExtension></extensions></trkpt>
  <trkpt lat="40.7844220" lon="-73.9587245"><time>2026-09-15T05:37:05Z</time><extensions><gpxtpx:TrackPointExtension><gpxtpx:hr>169</gpxtpx:hr></gpxtpx:TrackPointExtension></extensions></trkpt>
  <trkpt lat="40.7842721" lon="-73.9588393"><time>2026-09-15T05:37:10Z</time><extensions><gpxtpx:TrackPointExtension><gpxtpx:hr>169</gpxtpx:hr></gpxtpx:TrackPointExtension></extensions></trkpt>
  <trkpt lat="40.7841225" lon="-73.9589368"><time>2026-09-15T05:37:15Z</time><extensions><gpxtpx:TrackPointExtension><gpxtpx:hr>170</gpxtpx:hr></gpxtpx:TrackPointExtension></extensions></trkpt>
  <trkpt lat="40.7839946" lon="-73.9590317"><time>2026-09-15T05:37:20Z</time><extensions><gpxtpx:TrackPointExtension><gpxtpx:hr>171</gpxtpx:hr></gpxtpx:TrackPointExtension></extensions></trkpt>
  <trkpt lat="40.7838450" lon="-73.9591461"><time>2026-09-15T05:37:25Z</time><extensions><gpxtpx:TrackPointExtension><gpxtpx:hr>171</gpxtpx:hr></gpxtpx:TrackPointExtension></extensions></trkpt>
  <trkpt lat="40.7836975" lon="-73.9592517"><time>2026-09-15T05:37:30Z</time><extensions><gpxtpx:TrackPointExtension><gpxtpx:hr>171</gpxtpx:hr></gpxtpx:TrackPointExtension></extensions></trkpt>
  <trkpt lat="40.7835409" lon="-73.9593561"><time>2026-09-15T05:37:35Z</time><extensions><gpxtpx:TrackPointExtension><gpxtpx:hr>172</gpxtpx:hr></gpxtpx:TrackPointExtension></extensions></trkpt>
  <trkpt lat="40.7834034" lon="-73.9594621"><time>2026-09-15T05:37:40Z</time><extensions><gpxtpx:TrackPointExtension><gpxtpx:hr>171</gpxtpx:hr></gpxtpx:TrackPointExtension></extensions></trkpt>
  <trkpt lat="40.7832653" lon="-73.9595462"><time>2026-09-15T05:37:45Z</time><extensions><gpxtpx:TrackPointExtension><gpxtpx:hr>172</gpxtpx:hr></gpxtpx:TrackPointExtension></extensions></trkpt>
  <trkpt lat="40.7831254" lon="-73.9596596"><time>2026-09-15T05:37:50Z</time><extensions><gpxtpx:TrackPointExtension><gpxtpx:hr>172</gpxtpx:hr></gpxtpx:TrackPointExtension></extensions></trkpt>
  <trkpt lat="40.7829872" lon="-73.9597705"><time>2026-09-15T05:37:55Z</time><extensions><gpxtpx:TrackPointExtension><gpxtpx:hr>172</gpxtpx:hr></gpxtpx:TrackPointExtension></extensions></trkpt>
  <trkpt lat="40.7828386" lon="-73.9598976"><time>2026-09-15T05:38:00Z</time><extensions><gpxtpx:TrackPointExtension><gpxtpx:hr>172</gpxtpx:hr></gpxtpx:TrackPointExtension></extensions></trkpt>
  <trkpt lat="40.7826880" lon="-73.9599955"><time>2026-09-15T05:38:05Z</time><extensions><gpxtpx:TrackPointExtension><gpxtpx:hr>173</gpxtpx:hr></gpxtpx:TrackPointExtension></extensions></trkpt>
  <trkpt lat="40.7825375" lon="-73.9600832"><time>2026-09-15T05:38:10Z</time><extensions><gpxtpx:TrackPointExtension><gpxtpx:hr>173</gpxtpx:hr></gpxtpx:TrackPointExtension></extensions></trkpt>
  <trkpt lat="40.7824069" lon="-73.9602016"><time>2026-09-15T05:38:15Z</time><extensions><gpxtpx:TrackPointExtension><gpxtpx:hr>172</gpxtpx:hr></gpxtpx:TrackPointExtension></extensions></trkpt>
  <trkpt lat="40.7822610" lon="-73.9602864"><time>2026-09-15T05:38:20Z</time><extensions><gpxtpx:TrackPointExtension><gpxtpx:hr>172</gpxtpx:hr></gpxtpx:TrackPointExtension></extensions></trkpt>
  <trkpt lat="40.7821082" lon="-73.9603982"><time>2026-09-15T05:38:25Z</time><extensions><gpxtpx:TrackPointExtension><gpxtpx:hr>173</gpxtpx:hr></gpxtpx:TrackPointExtension></extensions></trkpt>
  <trkpt lat="40.7819669" lon="-73.9605138"><time>2026-09-15T05:38:30Z</time><extensions><gpxtpx:TrackPointExtension><gpxtpx:hr>172</gpxtpx:hr></gpxtpx:TrackPointExtension></extensions></trkpt>
  <trkpt lat="40.7818345" lon="-73.9606403"><time>2026-09-15T05:38:35Z</time><extensions><gpxtpx:TrackPointExtension><gpxtpx:hr>174</gpxtpx:hr></gpxtpx:TrackPointExtension></extensions></trkpt>
  <trkpt lat="40.7817071" lon="-73.9607612"><time>2026-09-15T05:38:40Z</time><extensions><gpxtpx:TrackPointExtension><gpxtpx:hr>174</gpxtpx:hr></gpxtpx:TrackPointExtension></extensions></trkpt>
  <trkpt lat="40.7816065" lon="-73.9609522"><time>2026-09-15T05:38:45Z</time><extensions><gpxtpx:TrackPointExtension><gpxtpx:hr>174</gpxtpx:hr></gpxtpx:TrackPointExtension></extensions></trkpt>
  <trkpt lat="40.7815457" lon="-73.9610891"><time>2026-09-15T05:38:50Z</time><extensions><gpxtpx:TrackPointExtension><gpxtpx:hr>172</gpxtpx:hr></gpxtpx:TrackPointExtension></extensions></trkpt>
  <trkpt lat="40.7815261" lon="-73.9612525"><time>2026-09-15T05:38:55Z</time><extensions><gpxtpx:TrackPointExtension><gpxtpx:hr>172</gpxtpx:hr></gpxtpx:TrackPointExtension></extensions></trkpt>
  <trkpt lat="40.7815085" lon="-73.9614248"><time>2026-09-15T05:39:00Z</time><extensions><gpxtpx:TrackPointExtension><gpxtpx:hr>172</gpxtpx:hr></gpxtpx:TrackPointExtension></extensions></trkpt>
  <trkpt lat="40.7815103" lon="-73.9616187"><time>2026-09-15T05:39:05Z</time><extensions><gpxtpx:TrackPointExtension><gpxtpx:hr>171</gpxtpx:hr></gpxtpx:TrackPointExtension></extensions></trkpt>
  <trkpt lat="40.7815352" lon="-73.9617667"><time>2026-09-15T05:39:10Z</time><extensions><gpxtpx:TrackPointExtension><gpxtpx:hr>169</gpxtpx:hr></gpxtpx:TrackPointExtension></extensions></trkpt>
  <trkpt lat="40.7815537" lon="-73.9619417"><time>2026-09-15T05:39:15Z</time><extensions><gpxtpx:TrackPointExtension><gpxtpx:hr>168</gpxtpx:hr></gpxtpx:TrackPointExtension></extensions></trkpt>
  <trkpt lat="40.7815905" lon="-73.9620869"><time>2026-09-15T05:39:20Z</time><extensions><gpxtpx:TrackPointExtension><gpxtpx:hr>167</gpxtpx:hr></gpxtpx:TrackPointExtension></extensions></trkpt>
  <trkpt lat="40.7816223" lon="-73.9622647"><time>2026-09-15T05:39:25Z</time><extensions><gpxtpx:TrackPointExtension><gpxtpx:hr>167</gpxtpx:hr></gpxtpx:TrackPointExtension></extensions></trkpt>
  <trkpt lat="40.7816094" lon="-73.9624318"><time>2026-09-15T05:39:30Z</time><extensions><gpxtpx:TrackPointExtension><gpxtpx:hr>166</gpxtpx:hr></gpxtpx:TrackPointExtension></extensions></trkpt>
  <trkpt lat="40.7816162" lon="-73.9626296"><time>2026-09-15T05:39:35Z</time><extensions><gpxtpx:TrackPointExtension><gpxtpx:hr>166</gpxtpx:hr></gpxtpx:TrackPointExtension></extensions></trkpt>
  <trkpt lat="40.7815820" lon="-73.9627896"><time>2026-09-15T05:39:40Z</time><extensions><gpxtpx:TrackPointExtension><gpxtpx:hr>165</gpxtpx:hr></gpxtpx:TrackPointExtension></extensions></trkpt>
  <trkpt lat="40.7815449" lon="-73.9629494"><time>2026-09-15T05:39:45Z</time><extensions><gpxtpx:TrackPointExtension><gpxtpx:hr>164</gpxtpx:hr></gpxtpx:TrackPointExtension></extensions></trkpt>
  <trkpt lat="40.7815079" lon="-73.9631276"><time>2026-09-15T05:39:50Z</time><extensions><gpxtpx:TrackPointExtension><gpxtpx:hr>163</gpxtpx:hr></gpxtpx:TrackPointExtension></extensions></trkpt>
  <trkpt lat="40.7814561" lon="-73.9632836"><time>2026-09-15T05:39:55Z</time><extensions><gpxtpx:TrackPointExtension><gpxtpx:hr>163</gpxtpx:hr></gpxtpx:TrackPointExtension></extensions></trkpt>
  <trkpt lat="40.7814033" lon="-73.9634392"><time>2026-09-15T05:40:00Z</time><extensions><gpxtpx:TrackPointExtension><gpxtpx:hr>162</gpxtpx:hr></gpxtpx:TrackPointExtension></extensions></trkpt>
  <trkpt lat="40.7813515" lon="-73.9635892"><time>2026-09-15T05:40:05Z</time><extensions><gpxtpx:TrackPointExtension><gpxtpx:hr>162</gpxtpx:hr></gpxtpx:TrackPointExtension></extensions></trkpt>
  <trkpt lat="40.7812750" lon="-73.9637385"><time>2026-09-15T05:40:10Z</time><extensions><gpxtpx:TrackPointExtension><gpxtpx:hr>162</gpxtpx:hr></gpxtpx:TrackPointExtension></extensions></trkpt>
  <trkpt lat="40.7811902" lon="-73.9638807"><time>2026-09-15T05:40:15Z</time><extensions><gpxtpx:TrackPointExtension><gpxtpx:hr>161</gpxtpx:hr></gpxtpx:TrackPointExtension></extensions></trkpt>
  <trkpt lat="40.7810945" lon="-73.9639990"><time>2026-09-15T05:40:20Z</time><extensions><gpxtpx:TrackPointExtension><gpxtpx:hr>161</gpxtpx:hr></gpxtpx:TrackPointExtension></extensions></trkpt>
  <trkpt lat="40.7809922" lon="-73.9640983"><time>2026-09-15T05:40:25Z</time><extensions><gpxtpx:TrackPointExtension><gpxtpx:hr>161</gpxtpx:hr></gpxtpx:TrackPointExtension></extensions></trkpt>
  <trkpt lat="40.7808865" lon="-73.9641902"><time>2026-09-15T05:40:30Z</time><extensions><gpxtpx:TrackPointExtension><gpxtpx:hr>160</gpxtpx:hr></gpxtpx:TrackPointExtension></extensions></trkpt>
  <trkpt lat="40.7807794" lon="-73.9642915"><time>2026-09-15T05:40:35Z</time><extensions><gpxtpx:TrackPointExtension><gpxtpx:hr>159</gpxtpx:hr></gpxtpx:TrackPointExtension></extensions></trkpt>
  <trkpt lat="40.7806631" lon="-73.9643527"><time>2026-09-15T05:40:40Z</time><extensions><gpxtpx:TrackPointExtension><gpxtpx:hr>159</gpxtpx:hr></gpxtpx:TrackPointExtension></extensions></trkpt>
  <trkpt lat="40.7805436" lon="-73.9644527"><time>2026-09-15T05:40:45Z</time><extensions><gpxtpx:TrackPointExtension><gpxtpx:hr>159</gpxtpx:hr></gpxtpx:TrackPointExtension></extensions></trkpt>
  <trkpt lat="40.7804366" lon="-73.9645281"><time>2026-09-15T05:40:50Z</time><extensions><gpxtpx:TrackPointExtension><gpxtpx:hr>159</gpxtpx:hr></gpxtpx:TrackPointExtension></extensions></trkpt>
  <trkpt lat="40.7803145" lon="-73.9646057"><time>2026-09-15T05:40:55Z</time><extensions><gpxtpx:TrackPointExtension><gpxtpx:hr>158</gpxtpx:hr></gpxtpx:TrackPointExtension></extensions></trkpt>
  <trkpt lat="40.7801927" lon="-73.9646582"><time>2026-09-15T05:41:00Z</time><extensions><gpxtpx:TrackPointExtension><gpxtpx:hr>158</gpxtpx:hr></gpxtpx:TrackPointExtension></extensions></trkpt>
  <trkpt lat="40.7800743" lon="-73.9647043"><time>2026-09-15T05:41:05Z</time><extensions><gpxtpx:TrackPointExtension><gpxtpx:hr>157</gpxtpx:hr></gpxtpx:TrackPointExtension></extensions></trkpt>
  <trkpt lat="40.7799429" lon="-73.9647817"><time>2026-09-15T05:41:10Z</time><extensions><gpxtpx:TrackPointExtension><gpxtpx:hr>158</gpxtpx:hr></gpxtpx:TrackPointExtension></extensions></trkpt>
  <trkpt lat="40.7798155" lon="-73.9648544"><time>2026-09-15T05:41:15Z</time><extensions><gpxtpx:TrackPointExtension><gpxtpx:hr>157</gpxtpx:hr></gpxtpx:TrackPointExtension></extensions></trkpt>
  <trkpt lat="40.7796999" lon="-73.9649387"><time>2026-09-15T05:41:20Z</time><extensions><gpxtpx:TrackPointExtension><gpxtpx:hr>157</gpxtpx:hr></gpxtpx:TrackPointExtension></extensions></trkpt>
  <trkpt lat="40.7795794" lon="-73.9649976"><time>2026-09-15T05:41:25Z</time><extensions><gpxtpx:TrackPointExtension><gpxtpx:hr>156</gpxtpx:hr></gpxtpx:TrackPointExtension></extensions></trkpt>
  <trkpt lat="40.7794797" lon="-73.9651083"><time>2026-09-15T05:41:30Z</time><extensions><gpxtpx:TrackPointExtension><gpxtpx:hr>155</gpxtpx:hr></gpxtpx:TrackPointExtension></extensions></trkpt>
  <trkpt lat="40.7793896" lon="-73.9651803"><time>2026-09-15T05:41:35Z</time><extensions><gpxtpx:TrackPointExtension><gpxtpx:hr>155</gpxtpx:hr></gpxtpx:TrackPointExtension></extensions></trkpt>
  <trkpt lat="40.7792748" lon="-73.9652979"><time>2026-09-15T05:41:40Z</time><extensions><gpxtpx:TrackPointExtension><gpxtpx:hr>155</gpxtpx:hr></gpxtpx:TrackPointExtension></extensions></trkpt>
  <trkpt lat="40.7791502" lon="-73.9654372"><time>2026-09-15T05:41:45Z</time><extensions><gpxtpx:TrackPointExtension><gpxtpx:hr>155</gpxtpx:hr></gpxtpx:TrackPointExtension></extensions></trkpt>
  <trkpt lat="40.7790225" lon="-73.9655956"><time>2026-09-15T05:41:50Z</time><extensions><gpxtpx:TrackPointExtension><gpxtpx:hr>155</gpxtpx:hr></gpxtpx:TrackPointExtension></extensions></trkpt>
  <trkpt lat="40.7789124" lon="-73.9657284"><time>2026-09-15T05:41:55Z</time><extensions><gpxtpx:TrackPointExtension><gpxtpx:hr>155</gpxtpx:hr></gpxtpx:TrackPointExtension></extensions></trkpt>
  <trkpt lat="40.7787900" lon="-73.9658973"><time>2026-09-15T05:42:00Z</time><extensions><gpxtpx:TrackPointExtension><gpxtpx:hr>157</gpxtpx:hr></gpxtpx:TrackPointExtension></extensions></trkpt>
  <trkpt lat="40.7786698" lon="-73.9660380"><time>2026-09-15T05:42:05Z</time><extensions><gpxtpx:TrackPointExtension><gpxtpx:hr>158</gpxtpx:hr></gpxtpx:TrackPointExtension></extensions></trkpt>
  <trkpt lat="40.7785456" lon="-73.9661896"><time>2026-09-15T05:42:10Z</time><extensions><gpxtpx:TrackPointExtension><gpxtpx:hr>157</gpxtpx:hr></gpxtpx:TrackPointExtension></extensions></trkpt>
  <trkpt lat="40.7783963" lon="-73.9662877"><time>2026-09-15T05:42:15Z</time><extensions><gpxtpx:TrackPointExtension><gpxtpx:hr>158</gpxtpx:hr></gpxtpx:TrackPointExtension></extensions></trkpt>
  <trkpt lat="40.7782663" lon="-73.9663929"><time>2026-09-15T05:42:20Z</time><extensions><gpxtpx:TrackPointExtension><gpxtpx:hr>158</gpxtpx:hr></gpxtpx:TrackPointExtension></extensions></trkpt>
  <trkpt lat="40.7781189" lon="-73.9665042"><time>2026-09-15T05:42:25Z</time><extensions><gpxtpx:TrackPointExtension><gpxtpx:hr>159</gpxtpx:hr></gpxtpx:TrackPointExtension></extensions></trkpt>
  <trkpt lat="40.7779641" lon="-73.9665748"><time>2026-09-15T05:42:30Z</time><extensions><gpxtpx:TrackPointExtension><gpxtpx:hr>159</gpxtpx:hr></gpxtpx:TrackPointExtension></extensions></trkpt>
  <trkpt lat="40.7778215" lon="-73.9666863"><time>2026-09-15T05:42:35Z</time><extensions><gpxtpx:TrackPointExtension><gpxtpx:hr>158</gpxtpx:hr></gpxtpx:TrackPointExtension></extensions></trkpt>
  <trkpt lat="40.7776666" lon="-73.9667559"><time>2026-09-15T05:42:40Z</time><extensions><gpxtpx:TrackPointExtension><gpxtpx:hr>160</gpxtpx:hr></gpxtpx:TrackPointExtension></extensions></trkpt>
  <trkpt lat="40.7775073" lon="-73.9668297"><time>2026-09-15T05:42:45Z</time><extensions><gpxtpx:TrackPointExtension><gpxtpx:hr>160</gpxtpx:hr></gpxtpx:TrackPointExtension></extensions></trkpt>
  <trkpt lat="40.7773526" lon="-73.9669007"><time>2026-09-15T05:42:50Z</time><extensions><gpxtpx:TrackPointExtension><gpxtpx:hr>159</gpxtpx:hr></gpxtpx:TrackPointExtension></extensions></trkpt>
  <trkpt lat="40.7771918" lon="-73.9669372"><time>2026-09-15T05:42:55Z</time><extensions><gpxtpx:TrackPointExtension><gpxtpx:hr>159</gpxtpx:hr></gpxtpx:TrackPointExtension></extensions></trkpt>
  <trkpt lat="40.7770275" lon="-73.9670057"><time>2026-09-15T05:43:00Z</time><extensions><gpxtpx:TrackPointExtension><gpxtpx:hr>159</gpxtpx:hr></gpxtpx:TrackPointExtension></extensions></trkpt>
  <trkpt lat="40.7768872" lon="-73.9670561"><time>2026-09-15T05:43:05Z</time><extensions><gpxtpx:TrackPointExtension><gpxtpx:hr>160</gpxtpx:hr></gpxtpx:TrackPointExtension></extensions></trkpt>
  <trkpt lat="40.7767249" lon="-73.9671291"><time>2026-09-15T05:43:10Z</time><extensions><gpxtpx:TrackPointExtension><gpxtpx:hr>159</gpxtpx:hr></gpxtpx:TrackPointExtension></extensions></trkpt>
  <trkpt lat="40.7765714" lon="-73.9671718"><time>2026-09-15T05:43:15Z</time><extensions><gpxtpx:TrackPointExtension><gpxtpx:hr>161</gpxtpx:hr></gpxtpx:TrackPointExtension></extensions></trkpt>
  <trkpt lat="40.7764094" lon="-73.9672580"><time>2026-09-15T05:43:20Z</time><extensions><gpxtpx:TrackPointExtension><gpxtpx:hr>161</gpxtpx:hr></gpxtpx:TrackPointExtension></extensions></trkpt>
  <trkpt lat="40.7762476" lon="-73.9673223"><time>2026-09-15T05:43:25Z</time><extensions><gpxtpx:TrackPointExtension><gpxtpx:hr>163</gpxtpx:hr></gpxtpx:TrackPointExtension></extensions></trkpt>
  <trkpt lat="40.7760903" lon="-73.9673002"><time>2026-09-15T05:43:30Z</time><extensions><gpxtpx:TrackPointExtension><gpxtpx:hr>163</gpxtpx:hr></gpxtpx:TrackPointExtension></extensions></trkpt>
  <trkpt lat="40.7759230" lon="-73.9672627"><time>2026-09-15T05:43:35Z</time><extensions><gpxtpx:TrackPointExtension><gpxtpx:hr>164</gpxtpx:hr></gpxtpx:TrackPointExtension></extensions></trkpt>
  <trkpt lat="40.7757626" lon="-73.9672622"><time>2026-09-15T05:43:40Z</time><extensions><gpxtpx:TrackPointExtension><gpxtpx:hr>165</gpxtpx:hr></gpxtpx:TrackPointExtension></extensions></trkpt>
  <trkpt lat="40.7755914" lon="-73.9673107"><time>2026-09-15T05:43:45Z</time><extensions><gpxtpx:TrackPointExtension><gpxtpx:hr>166</gpxtpx:hr></gpxtpx:TrackPointExtension></extensions></trkpt>
  <trkpt lat="40.7754690" lon="-73.9674184"><time>2026-09-15T05:43:50Z</time><extensions><gpxtpx:TrackPointExtension><gpxtpx:hr>167</gpxtpx:hr></gpxtpx:TrackPointExtension></extensions></trkpt>
  <trkpt lat="40.7753517" lon="-73.9675535"><time>2026-09-15T05:43:55Z</time><extensions><gpxtpx:TrackPointExtension><gpxtpx:hr>168</gpxtpx:hr></gpxtpx:TrackPointExtension></extensions></trkpt>
  <trkpt lat="40.7752574" lon="-73.9677561"><time>2026-09-15T05:44:00Z</time><extensions><gpxtpx:TrackPointExtension><gpxtpx:hr>168</gpxtpx:hr></gpxtpx:TrackPointExtension></extensions></trkpt>
  <trkpt lat="40.7751734" lon="-73.9679379"><time>2026-09-15T05:44:05Z</time><extensions><gpxtpx:TrackPointExtension><gpxtpx:hr>169</gpxtpx:hr></gpxtpx:TrackPointExtension></extensions></trkpt>
  <trkpt lat="40.7751015" lon="-73.9681141"><time>2026-09-15T05:44:10Z</time><extensions><gpxtpx:TrackPointExtension><gpxtpx:hr>168</gpxtpx:hr></gpxtpx:TrackPointExtension></extensions></trkpt>
  <trkpt lat="40.7749953" lon="-73.9682950"><time>2026-09-15T05:44:15Z</time><extensions><gpxtpx:TrackPointExtension><gpxtpx:hr>167</gpxtpx:hr></gpxtpx:TrackPointExtension></extensions></trkpt>
  <trkpt lat="40.7748850" lon="-73.9684613"><time>2026-09-15T05:44:20Z</time><extensions><gpxtpx:TrackPointExtension><gpxtpx:hr>168</gpxtpx:hr></gpxtpx:TrackPointExtension></extensions></trkpt>
  <trkpt lat="40.7747857" lon="-73.9686057"><time>2026-09-15T05:44:25Z</time><extensions><gpxtpx:TrackPointExtension><gpxtpx:hr>169</gpxtpx:hr></gpxtpx:TrackPointExtension></extensions></trkpt>
  <trkpt lat="40.7746293" lon="-73.9687375"><time>2026-09-15T05:44:30Z</time><extensions><gpxtpx:TrackPointExtension><gpxtpx:hr>169</gpxtpx:hr></gpxtpx:TrackPointExtension></extensions></trkpt>
  <trkpt lat="40.7744993" lon="-73.9688500"><time>2026-09-15T05:44:35Z</time><extensions><gpxtpx:TrackPointExtension><gpxtpx:hr>170</gpxtpx:hr></gpxtpx:TrackPointExtension></extensions></trkpt>
  <trkpt lat="40.7743791" lon="-73.9689753"><time>2026-09-15T05:44:40Z</time><extensions><gpxtpx:TrackPointExtension><gpxtpx:hr>171</gpxtpx:hr></gpxtpx:TrackPointExtension></extensions></trkpt>
  <trkpt lat="40.7742400" lon="-73.9690923"><time>2026-09-15T05:44:45Z</time><extensions><gpxtpx:TrackPointExtension><gpxtpx:hr>172</gpxtpx:hr></gpxtpx:TrackPointExtension></extensions></trkpt>
  <trkpt lat="40.7740778" lon="-73.9691527"><time>2026-09-15T05:44:50Z</time><extensions><gpxtpx:TrackPointExtension><gpxtpx:hr>172</gpxtpx:hr></gpxtpx:TrackPointExtension></extensions></trkpt>
  <trkpt lat="40.7739001" lon="-73.9691640"><time>2026-09-15T05:44:55Z</time><extensions><gpxtpx:TrackPointExtension><gpxtpx:hr>173</gpxtpx:hr></gpxtpx:TrackPointExtension></extensions></trkpt>
  <trkpt lat="40.7737551" lon="-73.9691472"><time>2026-09-15T05:45:00Z</time><extensions><gpxtpx:TrackPointExtension><gpxtpx:hr>174</gpxtpx:hr></gpxtpx:TrackPointExtension></extensions></trkpt>
  <trkpt lat="40.7735786" lon="-73.9690783"><time>2026-09-15T05:45:05Z</time><extensions><gpxtpx:TrackPointExtension><gpxtpx:hr>174</gpxtpx:hr></gpxtpx:TrackPointExtension></extensions></trkpt>
  <trkpt lat="40.7734292" lon="-73.9689991"><time>2026-09-15T05:45:10Z</time><extensions><gpxtpx:TrackPointExtension><gpxtpx:hr>174</gpxtpx:hr></gpxtpx:TrackPointExtension></extensions></trkpt>
  <trkpt lat="40.7732914" lon="-73.9688977"><time>2026-09-15T05:45:15Z</time><extensions><gpxtpx:TrackPointExtension><gpxtpx:hr>175</gpxtpx:hr></gpxtpx:TrackPointExtension></extensions></trkpt>
  <trkpt lat="40.7731241" lon="-73.9688348"><time>2026-09-15T05:45:20Z</time><extensions><gpxtpx:TrackPointExtension><gpxtpx:hr>174</gpxtpx:hr></gpxtpx:TrackPointExtension></extensions></trkpt>
  <trkpt lat="40.7729778" lon="-73.9688048"><time>2026-09-15T05:45:25Z</time><extensions><gpxtpx:TrackPointExtension><gpxtpx:hr>174</gpxtpx:hr></gpxtpx:TrackPointExtension></extensions></trkpt>
  <trkpt lat="40.7728093" lon="-73.9687991"><time>2026-09-15T05:45:30Z</time><extensions><gpxtpx:TrackPointExtension><gpxtpx:hr>174</gpxtpx:hr></gpxtpx:TrackPointExtension></extensions></trkpt>
  <trkpt lat="40.7726418" lon="-73.9688617"><time>2026-09-15T05:45:35Z</time><extensions><gpxtpx:TrackPointExtension><gpxtpx:hr>175</gpxtpx:hr></gpxtpx:TrackPointExtension></extensions></trkpt>
  <trkpt lat="40.7724880" lon="-73.9688991"><time>2026-09-15T05:45:40Z</time><extensions><gpxtpx:TrackPointExtension><gpxtpx:hr>175</gpxtpx:hr></gpxtpx:TrackPointExtension></extensions></trkpt>
  <trkpt lat="40.7723284" lon="-73.9689936"><time>2026-09-15T05:45:45Z</time><extensions><gpxtpx:TrackPointExtension><gpxtpx:hr>175</gpxtpx:hr></gpxtpx:TrackPointExtension></extensions></trkpt>
  <trkpt lat="40.7721821" lon="-73.9690827"><time>2026-09-15T05:45:50Z</time><extensions><gpxtpx:TrackPointExtension><gpxtpx:hr>174</gpxtpx:hr></gpxtpx:TrackPointExtension></extensions></trkpt>
  <trkpt lat="40.7720396" lon="-73.9691483"><time>2026-09-15T05:45:55Z</time><extensions><gpxtpx:TrackPointExtension><gpxtpx:hr>175</gpxtpx:hr></gpxtpx:TrackPointExtension></extensions></trkpt>
  <trkpt lat="40.7718925" lon="-73.9692271"><time>2026-09-15T05:46:00Z</time><extensions><gpxtpx:TrackPointExtension><gpxtpx:hr>174</gpxtpx:hr></gpxtpx:TrackPointExtension></extensions></trkpt>
  <trkpt lat="40.7717438" lon="-73.9693800"><time>2026-09-15T05:46:05Z</time><extensions><gpxtpx:TrackPointExtension><gpxtpx:hr>175</gpxtpx:hr></gpxtpx:TrackPointExtension></extensions></trkpt>
  <trkpt lat="40.7716186" lon="-73.9695152"><time>2026-09-15T05:46:10Z</time><extensions><gpxtpx:TrackPointExtension><gpxtpx:hr>176</gpxtpx:hr></gpxtpx:TrackPointExtension></extensions></trkpt>
  <trkpt lat="40.7715147" lon="-73.9696807"><time>2026-09-15T05:46:15Z</time><extensions><gpxtpx:TrackPointExtension><gpxtpx:hr>175</gpxtpx:hr></gpxtpx:TrackPointExtension></extensions></trkpt>
  <trkpt lat="40.7714483" lon="-73.9697999"><time>2026-09-15T05:46:20Z</time><extensions><gpxtpx:TrackPointExtension><gpxtpx:hr>175</gpxtpx:hr></gpxtpx:TrackPointExtension></extensions></trkpt>
  <trkpt lat="40.7713777" lon="-73.9699636"><time>2026-09-15T05:46:25Z</time><extensions><gpxtpx:TrackPointExtension><gpxtpx:hr>174</gpxtpx:hr></gpxtpx:TrackPointExtension></extensions></trkpt>
  <trkpt lat="40.7713193" lon="-73.9701013"><time>2026-09-15T05:46:30Z</time><extensions><gpxtpx:TrackPointExtension><gpxtpx:hr>172</gpxtpx:hr></gpxtpx:TrackPointExtension></extensions></trkpt>
  <trkpt lat="40.7712339" lon="-73.9702575"><time>2026-09-15T05:46:35Z</time><extensions><gpxtpx:TrackPointExtension><gpxtpx:hr>172</gpxtpx:hr></gpxtpx:TrackPointExtension></extensions></trkpt>
  <trkpt lat="40.7711693" lon="-73.9704065"><time>2026-09-15T05:46:40Z</time><extensions><gpxtpx:TrackPointExtension><gpxtpx:hr>172</gpxtpx:hr></gpxtpx:TrackPointExtension></extensions></trkpt>
  <trkpt lat="40.7710863" lon="-73.9705236"><time>2026-09-15T05:46:45Z</time><extensions><gpxtpx:TrackPointExtension><gpxtpx:hr>171</gpxtpx:hr></gpxtpx:TrackPointExtension></extensions></trkpt>
  <trkpt lat="40.7709894" lon="-73.9706519"><time>2026-09-15T05:46:50Z</time><extensions><gpxtpx:TrackPointExtension><gpxtpx:hr>169</gpxtpx:hr></gpxtpx:TrackPointExtension></extensions></trkpt>
  <trkpt lat="40.7709084" lon="-73.9707666"><time>2026-09-15T05:46:55Z</time><extensions><gpxtpx:TrackPointExtension><gpxtpx:hr>170</gpxtpx:hr></gpxtpx:TrackPointExtension></extensions></trkpt>
  <trkpt lat="40.7708014" lon="-73.9708567"><time>2026-09-15T05:47:00Z</time><extensions><gpxtpx:TrackPointExtension><gpxtpx:hr>168</gpxtpx:hr></gpxtpx:TrackPointExtension></extensions></trkpt>
  <trkpt lat="40.7706801" lon="-73.9709454"><time>2026-09-15T05:47:05Z</time><extensions><gpxtpx:TrackPointExtension><gpxtpx:hr>167</gpxtpx:hr></gpxtpx:TrackPointExtension></extensions></trkpt>
  <trkpt lat="40.7705449" lon="-73.9709975"><time>2026-09-15T05:47:10Z</time><extensions><gpxtpx:TrackPointExtension><gpxtpx:hr>165</gpxtpx:hr></gpxtpx:TrackPointExtension></extensions></trkpt>
  <trkpt lat="40.7704385" lon="-73.9710713"><time>2026-09-15T05:47:15Z</time><extensions><gpxtpx:TrackPointExtension><gpxtpx:hr>166</gpxtpx:hr></gpxtpx:TrackPointExtension></extensions></trkpt>
  <trkpt lat="40.7703188" lon="-73.9711319"><time>2026-09-15T05:47:20Z</time><extensions><gpxtpx:TrackPointExtension><gpxtpx:hr>165</gpxtpx:hr></gpxtpx:TrackPointExtension></extensions></trkpt>
  <trkpt lat="40.7701934" lon="-73.9712129"><time>2026-09-15T05:47:25Z</time><extensions><gpxtpx:TrackPointExtension><gpxtpx:hr>164</gpxtpx:hr></gpxtpx:TrackPointExtension></extensions></trkpt>
  <trkpt lat="40.7700763" lon="-73.9713009"><time>2026-09-15T05:47:30Z</time><extensions><gpxtpx:TrackPointExtension><gpxtpx:hr>162</gpxtpx:hr></gpxtpx:TrackPointExtension></extensions></trkpt>
  <trkpt lat="40.7699836" lon="-73.9713878"><time>2026-09-15T05:47:35Z</time><extensions><gpxtpx:TrackPointExtension><gpxtpx:hr>163</gpxtpx:hr></gpxtpx:TrackPointExtension></extensions></trkpt>
  <trkpt lat="40.7698870" lon="-73.9715129"><time>2026-09-15T05:47:40Z</time><extensions><gpxtpx:TrackPointExtension><gpxtpx:hr>161</gpxtpx:hr></gpxtpx:TrackPointExtension></extensions></trkpt>
  <trkpt lat="40.7697913" lon="-73.9716519"><time>2026-09-15T05:47:45Z</time><extensions><gpxtpx:TrackPointExtension><gpxtpx:hr>160</gpxtpx:hr></gpxtpx:TrackPointExtension></extensions></trkpt>
  <trkpt lat="40.7697159" lon="-73.9717988"><time>2026-09-15T05:47:50Z</time><extensions><gpxtpx:TrackPointExtension><gpxtpx:hr>159</gpxtpx:hr></gpxtpx:TrackPointExtension></extensions></trkpt>
  <trkpt lat="40.7696432" lon="-73.9719331"><time>2026-09-15T05:47:55Z</time><extensions><gpxtpx:TrackPointExtension><gpxtpx:hr>160</gpxtpx:hr></gpxtpx:TrackPointExtension></extensions></trkpt>
  <trkpt lat="40.7695798" lon="-73.9720905"><time>2026-09-15T05:48:00Z</time><extensions><gpxtpx:TrackPointExtension><gpxtpx:hr>160</gpxtpx:hr></gpxtpx:TrackPointExtension></extensions></trkpt>
  <trkpt lat="40.7695378" lon="-73.9722195"><time>2026-09-15T05:48:05Z</time><extensions><gpxtpx:TrackPointExtension><gpxtpx:hr>160</gpxtpx:hr></gpxtpx:TrackPointExtension></extensions></trkpt>
  <trkpt lat="40.7694795" lon="-73.9723955"><time>2026-09-15T05:48:10Z</time><extensions><gpxtpx:TrackPointExtension><gpxtpx:hr>160</gpxtpx:hr></gpxtpx:TrackPointExtension></extensions></trkpt>
  <trkpt lat="40.7694038" lon="-73.9725375"><time>2026-09-15T05:48:15Z</time><extensions><gpxtpx:TrackPointExtension><gpxtpx:hr>160</gpxtpx:hr></gpxtpx:TrackPointExtension></extensions></trkpt>
  <trkpt lat="40.7693104" lon="-73.9726624"><time>2026-09-15T05:48:20Z</time><extensions><gpxtpx:TrackPointExtension><gpxtpx:hr>159</gpxtpx:hr></gpxtpx:TrackPointExtension></extensions></trkpt>
  <trkpt lat="40.7691994" lon="-73.9727507"><time>2026-09-15T05:48:25Z</time><extensions><gpxtpx:TrackPointExtension><gpxtpx:hr>159</gpxtpx:hr></gpxtpx:TrackPointExtension></extensions></trkpt>
  <trkpt lat="40.7690812" lon="-73.9728399"><time>2026-09-15T05:48:30Z</time><extensions><gpxtpx:TrackPointExtension><gpxtpx:hr>158</gpxtpx:hr></gpxtpx:TrackPointExtension></extensions></trkpt>
  <trkpt lat="40.7689707" lon="-73.9728748"><time>2026-09-15T05:48:35Z</time><extensions><gpxtpx:TrackPointExtension><gpxtpx:hr>158</gpxtpx:hr></gpxtpx:TrackPointExtension></extensions></trkpt>
  <trkpt lat="40.7688305" lon="-73.9729424"><time>2026-09-15T05:48:40Z</time><extensions><gpxtpx:TrackPointExtension><gpxtpx:hr>157</gpxtpx:hr></gpxtpx:TrackPointExtension></extensions></trkpt>
  <trkpt lat="40.7687007" lon="-73.9729669"><time>2026-09-15T05:48:45Z</time><extensions><gpxtpx:TrackPointExtension><gpxtpx:hr>156</gpxtpx:hr></gpxtpx:TrackPointExtension></extensions></trkpt>
  <trkpt lat="40.7685854" lon="-73.9730336"><time>2026-09-15T05:48:50Z</time><extensions><gpxtpx:TrackPointExtension><gpxtpx:hr>157</gpxtpx:hr></gpxtpx:TrackPointExtension></extensions></trkpt>
  <trkpt lat="40.7684731" lon="-73.9730504"><time>2026-09-15T05:48:55Z</time><extensions><gpxtpx:TrackPointExtension><gpxtpx:hr>155</gpxtpx:hr></gpxtpx:TrackPointExtension></extensions></trkpt>
  <trkpt lat="40.7683300" lon="-73.9731001"><time>2026-09-15T05:49:00Z</time><extensions><gpxtpx:TrackPointExtension><gpxtpx:hr>155</gpxtpx:hr></gpxtpx:TrackPointExtension></extensions></trkpt>
  <trkpt lat="40.7682103" lon="-73.9731188"><time>2026-09-15T05:49:05Z</time><extensions><gpxtpx:TrackPointExtension><gpxtpx:hr>155</gpxtpx:hr></gpxtpx:TrackPointExtension></extensions></trkpt>
  <trkpt lat="40.7680681" lon="-73.9731241"><time>2026-09-15T05:49:10Z</time><extensions><gpxtpx:TrackPointExtension><gpxtpx:hr>154</gpxtpx:hr></gpxtpx:TrackPointExtension></extensions></trkpt>
  <trkpt lat="40.7679358" lon="-73.9731201"><time>2026-09-15T05:49:15Z</time><extensions><gpxtpx:TrackPointExtension><gpxtpx:hr>155</gpxtpx:hr></gpxtpx:TrackPointExtension></extensions></trkpt>
  <trkpt lat="40.7678261" lon="-73.9731363"><time>2026-09-15T05:49:20Z</time><extensions><gpxtpx:TrackPointExtension><gpxtpx:hr>154</gpxtpx:hr></gpxtpx:TrackPointExtension></extensions></trkpt>
  <trkpt lat="40.7676943" lon="-73.9731189"><time>2026-09-15T05:49:25Z</time><extensions><gpxtpx:TrackPointExtension><gpxtpx:hr>153</gpxtpx:hr></gpxtpx:TrackPointExtension></extensions></trkpt>
  <trkpt lat="40.7675509" lon="-73.9731148"><time>2026-09-15T05:49:30Z</time><extensions><gpxtpx:TrackPointExtension><gpxtpx:hr>153</gpxtpx:hr></gpxtpx:TrackPointExtension></extensions></trkpt>
  <trkpt lat="40.7674491" lon="-73.9730741"><time>2026-09-15T05:49:35Z</time><extensions><gpxtpx:TrackPointExtension><gpxtpx:hr>153</gpxtpx:hr></gpxtpx:TrackPointExtension></extensions></trkpt>
  <trkpt lat="40.7673169" lon="-73.9730596"><time>2026-09-15T05:49:40Z</time><extensions><gpxtpx:TrackPointExtension><gpxtpx:hr>153</gpxtpx:hr></gpxtpx:TrackPointExtension></extensions></trkpt>
  <trkpt lat="40.7671943" lon="-73.9730261"><time>2026-09-15T05:49:45Z</time><extensions><gpxtpx:TrackPointExtension><gpxtpx:hr>152</gpxtpx:hr></gpxtpx:TrackPointExtension></extensions></trkpt>
  <trkpt lat="40.7670689" lon="-73.9729760"><time>2026-09-15T05:49:50Z</time><extensions><gpxtpx:TrackPointExtension><gpxtpx:hr>152</gpxtpx:hr></gpxtpx:TrackPointExtension></extensions></trkpt>
  <trkpt lat="40.7669311" lon="-73.9729245"><time>2026-09-15T05:49:55Z</time><extensions><gpxtpx:TrackPointExtension><gpxtpx:hr>151</gpxtpx:hr></gpxtpx:TrackPointExtension></extensions></trkpt>
  <trkpt lat="40.7668265" lon="-73.9728723"><time>2026-09-15T05:50:00Z</time><extensions><gpxtpx:TrackPointExtension><gpxtpx:hr>150</gpxtpx:hr></gpxtpx:TrackPointExtension></extensions></trkpt>
  <trkpt lat="40.7667038" lon="-73.9727867"><time>2026-09-15T05:50:05Z</time><extensions><gpxtpx:TrackPointExtension><gpxtpx:hr>149</gpxtpx:hr></gpxtpx:TrackPointExtension></extensions></trkpt>
  <trkpt lat="40.7666013" lon="-73.9726924"><time>2026-09-15T05:50:10Z</time><extensions><gpxtpx:TrackPointExtension><gpxtpx:hr>148</gpxtpx:hr></gpxtpx:TrackPointExtension></extensions></trkpt>
  <trkpt lat="40.7664883" lon="-73.9726333"><time>2026-09-15T05:50:15Z</time><extensions><gpxtpx:TrackPointExtension><gpxtpx:hr>149</gpxtpx:hr></gpxtpx:TrackPointExtension></extensions></trkpt>
  <trkpt lat="40.7663721" lon="-73.9725776"><time>2026-09-15T05:50:20Z</time><extensions><gpxtpx:TrackPointExtension><gpxtpx:hr>148</gpxtpx:hr></gpxtpx:TrackPointExtension></extensions></trkpt>
  <trkpt lat="40.7662291" lon="-73.9725482"><time>2026-09-15T05:50:25Z</time><extensions><gpxtpx:TrackPointExtension><gpxtpx:hr>147</gpxtpx:hr></gpxtpx:TrackPointExtension></extensions></trkpt>
  <trkpt lat="40.7661073" lon="-73.9725462"><time>2026-09-15T05:50:30Z</time><extensions><gpxtpx:TrackPointExtension><gpxtpx:hr>148</gpxtpx:hr></gpxtpx:TrackPointExtension></extensions></trkpt>
  <trkpt lat="40.7659929" lon="-73.9725758"><time>2026-09-15T05:50:35Z</time><extensions><gpxtpx:TrackPointExtension><gpxtpx:hr>148</gpxtpx:hr></gpxtpx:TrackPointExtension></extensions></trkpt>
  <trkpt lat="40.7658700" lon="-73.9726478"><time>2026-09-15T05:50:40Z</time><extensions><gpxtpx:TrackPointExtension><gpxtpx:hr>147</gpxtpx:hr></gpxtpx:TrackPointExtension></extensions></trkpt>
  <trkpt lat="40.7659112" lon="-73.9726065"><time>2026-09-15T05:50:45Z</time><extensions><gpxtpx:TrackPointExtension><gpxtpx:hr>147</gpxtpx:hr></gpxtpx:TrackPointExtension></extensions></trkpt>
  <trkpt lat="40.7660624" lon="-73.9725534"><time>2026-09-15T05:50:50Z</time><extensions><gpxtpx:TrackPointExtension><gpxtpx:hr>146</gpxtpx:hr></gpxtpx:TrackPointExtension></extensions></trkpt>
  <trkpt lat="40.7661731" lon="-73.9725316"><time>2026-09-15T05:50:55Z</time><extensions><gpxtpx:TrackPointExtension><gpxtpx:hr>146</gpxtpx:hr></gpxtpx:TrackPointExtension></extensions></trkpt>
  <trkpt lat="40.7662976" lon="-73.9725361"><time>2026-09-15T05:51:00Z</time><extensions><gpxtpx:TrackPointExtension><gpxtpx:hr>146</gpxtpx:hr></gpxtpx:TrackPointExtension></extensions></trkpt>
  <trkpt lat="40.7664145" lon="-73.9725833"><time>2026-09-15T05:51:05Z</time><extensions><gpxtpx:TrackPointExtension><gpxtpx:hr>146</gpxtpx:hr></gpxtpx:TrackPointExtension></extensions></trkpt>
  <trkpt lat="40.7665457" lon="-73.9726534"><time>2026-09-15T05:51:10Z</time><extensions><gpxtpx:TrackPointExtension><gpxtpx:hr>145</gpxtpx:hr></gpxtpx:TrackPointExtension></extensions></trkpt>
  <trkpt lat="40.7666393" lon="-73.9727333"><time>2026-09-15T05:51:15Z</time><extensions><gpxtpx:TrackPointExtension><gpxtpx:hr>145</gpxtpx:hr></gpxtpx:TrackPointExtension></extensions></trkpt>
  <trkpt lat="40.7667413" lon="-73.9727998"><time>2026-09-15T05:51:20Z</time><extensions><gpxtpx:TrackPointExtension><gpxtpx:hr>145</gpxtpx:hr></gpxtpx:TrackPointExtension></extensions></trkpt>
  <trkpt lat="40.7668801" lon="-73.9728993"><time>2026-09-15T05:51:25Z</time><extensions><gpxtpx:TrackPointExtension><gpxtpx:hr>146</gpxtpx:hr></gpxtpx:TrackPointExtension></extensions></trkpt>
  <trkpt lat="40.7669935" lon="-73.9729445"><time>2026-09-15T05:51:30Z</time><extensions><gpxtpx:TrackPointExtension><gpxtpx:hr>145</gpxtpx:hr></gpxtpx:TrackPointExtension></extensions></trkpt>
  <trkpt lat="40.7671141" lon="-73.9729865"><time>2026-09-15T05:51:35Z</time><extensions><gpxtpx:TrackPointExtension><gpxtpx:hr>144</gpxtpx:hr></gpxtpx:TrackPointExtension></extensions></trkpt>
  <trkpt lat="40.7672409" lon="-73.9730365"><time>2026-09-15T05:51:40Z</time><extensions><gpxtpx:TrackPointExtension><gpxtpx:hr>145</gpxtpx:hr></gpxtpx:TrackPointExtension></extensions></trkpt>
  <trkpt lat="40.7673626" lon="-73.9730636"><time>2026-09-15T05:51:45Z</time><extensions><gpxtpx:TrackPointExtension><gpxtpx:hr>146</gpxtpx:hr></gpxtpx:TrackPointExtension></extensions></trkpt>
  <trkpt lat="40.7674832" lon="-73.9730868"><time>2026-09-15T05:51:50Z</time><extensions><gpxtpx:TrackPointExtension><gpxtpx:hr>146</gpxtpx:hr></gpxtpx:TrackPointExtension></extensions></trkpt>
  <trkpt lat="40.7676115" lon="-73.9731028"><time>2026-09-15T05:51:55Z</time><extensions><gpxtpx:TrackPointExtension><gpxtpx:hr>146</gpxtpx:hr></gpxtpx:TrackPointExtension></extensions></trkpt>
  <trkpt lat="40.7677492" lon="-73.9731256"><time>2026-09-15T05:52:00Z</time><extensions><gpxtpx:TrackPointExtension><gpxtpx:hr>146</gpxtpx:hr></gpxtpx:TrackPointExtension></extensions></trkpt>
  <trkpt lat="40.7678625" lon="-73.9731260"><time>2026-09-15T05:52:05Z</time><extensions><gpxtpx:TrackPointExtension><gpxtpx:hr>146</gpxtpx:hr></gpxtpx:TrackPointExtension></extensions></trkpt>
  <trkpt lat="40.7679987" lon="-73.9731313"><time>2026-09-15T05:52:10Z</time><extensions><gpxtpx:TrackPointExtension><gpxtpx:hr>147</gpxtpx:hr></gpxtpx:TrackPointExtension></extensions></trkpt>
  <trkpt lat="40.7681207" lon="-73.9731218"><time>2026-09-15T05:52:15Z</time><extensions><gpxtpx:TrackPointExtension><gpxtpx:hr>145</gpxtpx:hr></gpxtpx:TrackPointExtension></extensions></trkpt>
  <trkpt lat="40.7682581" lon="-73.9731170"><time>2026-09-15T05:52:20Z</time><extensions><gpxtpx:TrackPointExtension><gpxtpx:hr>146</gpxtpx:hr></gpxtpx:TrackPointExtension></extensions></trkpt>
  <trkpt lat="40.7683754" lon="-73.9730952"><time>2026-09-15T05:52:25Z</time><extensions><gpxtpx:TrackPointExtension><gpxtpx:hr>144</gpxtpx:hr></gpxtpx:TrackPointExtension></extensions></trkpt>
  <trkpt lat="40.7685001" lon="-73.9730485"><time>2026-09-15T05:52:30Z</time><extensions><gpxtpx:TrackPointExtension><gpxtpx:hr>144</gpxtpx:hr></gpxtpx:TrackPointExtension></extensions></trkpt>
  <trkpt lat="40.7686220" lon="-73.9730301"><time>2026-09-15T05:52:35Z</time><extensions><gpxtpx:TrackPointExtension><gpxtpx:hr>143</gpxtpx:hr></gpxtpx:TrackPointExtension></extensions></trkpt>
  <trkpt lat="40.7687416" lon="-73.9729536"><time>2026-09-15T05:52:40Z</time><extensions><gpxtpx:TrackPointExtension><gpxtpx:hr>144</gpxtpx:hr></gpxtpx:TrackPointExtension></extensions></trkpt>
  <trkpt lat="40.7688723" lon="-73.9729168"><time>2026-09-15T05:52:45Z</time><extensions><gpxtpx:TrackPointExtension><gpxtpx:hr>144</gpxtpx:hr></gpxtpx:TrackPointExtension></extensions></trkpt>
  <trkpt lat="40.7689956" lon="-73.9728690"><time>2026-09-15T05:52:50Z</time><extensions><gpxtpx:TrackPointExtension><gpxtpx:hr>143</gpxtpx:hr></gpxtpx:TrackPointExtension></extensions></trkpt>
  <trkpt lat="40.7691108" lon="-73.9728178"><time>2026-09-15T05:52:55Z</time><extensions><gpxtpx:TrackPointExtension><gpxtpx:hr>142</gpxtpx:hr></gpxtpx:TrackPointExtension></extensions></trkpt>
  <trkpt lat="40.7692308" lon="-73.9727357"><time>2026-09-15T05:53:00Z</time><extensions><gpxtpx:TrackPointExtension><gpxtpx:hr>142</gpxtpx:hr></gpxtpx:TrackPointExtension></extensions></trkpt>
  <trkpt lat="40.7693388" lon="-73.9726365"><time>2026-09-15T05:53:05Z</time><extensions><gpxtpx:TrackPointExtension><gpxtpx:hr>142</gpxtpx:hr></gpxtpx:TrackPointExtension></extensions></trkpt>
  <trkpt lat="40.7694246" lon="-73.9725284"><time>2026-09-15T05:53:10Z</time><extensions><gpxtpx:TrackPointExtension><gpxtpx:hr>141</gpxtpx:hr></gpxtpx:TrackPointExtension></extensions></trkpt>
  <trkpt lat="40.7694876" lon="-73.9723766"><time>2026-09-15T05:53:15Z</time><extensions><gpxtpx:TrackPointExtension><gpxtpx:hr>142</gpxtpx:hr></gpxtpx:TrackPointExtension></extensions></trkpt>
  <trkpt lat="40.7695498" lon="-73.9722573"><time>2026-09-15T05:53:20Z</time><extensions><gpxtpx:TrackPointExtension><gpxtpx:hr>141</gpxtpx:hr></gpxtpx:TrackPointExtension></extensions></trkpt>
  <trkpt lat="40.7695208" lon="-73.9724137"><time>2026-09-15T05:53:25Z</time><extensions><gpxtpx:TrackPointExtension><gpxtpx:hr>141</gpxtpx:hr></gpxtpx:TrackPointExtension></extensions></trkpt>
  <trkpt lat="40.7695241" lon="-73.9725809"><time>2026-09-15T05:53:30Z</time><extensions><gpxtpx:TrackPointExtension><gpxtpx:hr>142</gpxtpx:hr></gpxtpx:TrackPointExtension></extensions></trkpt>
  <trkpt lat="40.7695650" lon="-73.9727415"><time>2026-09-15T05:53:35Z</time><extensions><gpxtpx:TrackPointExtension><gpxtpx:hr>141</gpxtpx:hr></gpxtpx:TrackPointExtension></extensions></trkpt>
  <trkpt lat="40.7696074" lon="-73.9729015"><time>2026-09-15T05:53:40Z</time><extensions><gpxtpx:TrackPointExtension><gpxtpx:hr>141</gpxtpx:hr></gpxtpx:TrackPointExtension></extensions></trkpt>
  <trkpt lat="40.7696755" lon="-73.9730339"><time>2026-09-15T05:53:45Z</time><extensions><gpxtpx:TrackPointExtension><gpxtpx:hr>142</gpxtpx:hr></gpxtpx:TrackPointExtension></extensions></trkpt>
  <trkpt lat="40.7697451" lon="-73.9731651"><time>2026-09-15T05:53:50Z</time><extensions><gpxtpx:TrackPointExtension><gpxtpx:hr>141</gpxtpx:hr></gpxtpx:TrackPointExtension></extensions></trkpt>
  <trkpt lat="40.7698201" lon="-73.9733132"><time>2026-09-15T05:53:55Z</time><extensions><gpxtpx:TrackPointExtension><gpxtpx:hr>140</gpxtpx:hr></gpxtpx:TrackPointExtension></extensions></trkpt>
  <trkpt lat="40.7698749" lon="-73.9734748"><time>2026-09-15T05:54:00Z</time><extensions><gpxtpx:TrackPointExtension><gpxtpx:hr>139</gpxtpx:hr></gpxtpx:TrackPointExtension></extensions></trkpt>
  <trkpt lat="40.7699244" lon="-73.9736246"><time>2026-09-15T05:54:05Z</time><extensions><gpxtpx:TrackPointExtension><gpxtpx:hr>141</gpxtpx:hr></gpxtpx:TrackPointExtension></extensions></trkpt>
  <trkpt lat="40.7699295" lon="-73.9737868"><time>2026-09-15T05:54:10Z</time><extensions><gpxtpx:TrackPointExtension><gpxtpx:hr>141</gpxtpx:hr></gpxtpx:TrackPointExtension></extensions></trkpt>
  <trkpt lat="40.7699279" lon="-73.9739576"><time>2026-09-15T05:54:15Z</time><extensions><gpxtpx:TrackPointExtension><gpxtpx:hr>140</gpxtpx:hr></gpxtpx:TrackPointExtension></extensions></trkpt>
  <trkpt lat="40.7699358" lon="-73.9741308"><time>2026-09-15T05:54:20Z</time><extensions><gpxtpx:TrackPointExtension><gpxtpx:hr>139</gpxtpx:hr></gpxtpx:TrackPointExtension></extensions></trkpt>
  <trkpt lat="40.7698792" lon="-73.9742845"><time>2026-09-15T05:54:25Z</time><extensions><gpxtpx:TrackPointExtension><gpxtpx:hr>140</gpxtpx:hr></gpxtpx:TrackPointExtension></extensions></trkpt>
  <trkpt lat="40.7698296" lon="-73.9744339"><time>2026-09-15T05:54:30Z</time><extensions><gpxtpx:TrackPointExtension><gpxtpx:hr>141</gpxtpx:hr></gpxtpx:TrackPointExtension></extensions></trkpt>
  <trkpt lat="40.7697471" lon="-73.9745755"><time>2026-09-15T05:54:35Z</time><extensions><gpxtpx:TrackPointExtension><gpxtpx:hr>140</gpxtpx:hr></gpxtpx:TrackPointExtension></extensions></trkpt>
  <trkpt lat="40.7696571" lon="-73.9746935"><time>2026-09-15T05:54:40Z</time><extensions><gpxtpx:TrackPointExtension><gpxtpx:hr>141</gpxtpx:hr></gpxtpx:TrackPointExtension></extensions></trkpt>
  <trkpt lat="40.7695724" lon="-73.9748241"><time>2026-09-15T05:54:45Z</time><extensions><gpxtpx:TrackPointExtension><gpxtpx:hr>139</gpxtpx:hr></gpxtpx:TrackPointExtension></extensions></trkpt>
  <trkpt lat="40.7694608" lon="-73.9749204"><time>2026-09-15T05:54:50Z</time><extensions><gpxtpx:TrackPointExtension><gpxtpx:hr>138</gpxtpx:hr></gpxtpx:TrackPointExtension></extensions></trkpt>
  <trkpt lat="40.7693737" lon="-73.9750374"><time>2026-09-15T05:54:55Z</time><extensions><gpxtpx:TrackPointExtension><gpxtpx:hr>137</gpxtpx:hr></gpxtpx:TrackPointExtension></extensions></trkpt>
  <trkpt lat="40.7692750" lon="-73.9751466"><time>2026-09-15T05:55:00Z</time><extensions><gpxtpx:TrackPointExtension><gpxtpx:hr>136</gpxtpx:hr></gpxtpx:TrackPointExtension></extensions></trkpt>
  <trkpt lat="40.7691692" lon="-73.9752213"><time>2026-09-15T05:55:05Z</time><extensions><gpxtpx:TrackPointExtension><gpxtpx:hr>136</gpxtpx:hr></gpxtpx:TrackPointExtension></extensions></trkpt>
  <trkpt lat="40.7690513" lon="-73.9753078"><time>2026-09-15T05:55:10Z</time><extensions><gpxtpx:TrackPointExtension><gpxtpx:hr>136</gpxtpx:hr></gpxtpx:TrackPointExtension></extensions></trkpt>
  <trkpt lat="40.7689352" lon="-73.9753934"><time>2026-09-15T05:55:15Z</time><extensions><gpxtpx:TrackPointExtension><gpxtpx:hr>135</gpxtpx:hr></gpxtpx:TrackPointExtension></extensions></trkpt>
  <trkpt lat="40.7688250" lon="-73.9754605"><time>2026-09-15T05:55:20Z</time><extensions><gpxtpx:TrackPointExtension><gpxtpx:hr>136</gpxtpx:hr></gpxtpx:TrackPointExtension></extensions></trkpt>
  <trkpt lat="40.7687139" lon="-73.9755400"><time>2026-09-15T05:55:25Z</time><extensions><gpxtpx:TrackPointExtension><gpxtpx:hr>135</gpxtpx:hr></gpxtpx:TrackPointExtension></extensions></trkpt>
  <trkpt lat="40.7686120" lon="-73.9755982"><time>2026-09-15T05:55:30Z</time><extensions><gpxtpx:TrackPointExtension><gpxtpx:hr>136</gpxtpx:hr></gpxtpx:TrackPointExtension></extensions></trkpt>
  <trkpt lat="40.7684928" lon="-73.9756910"><time>2026-09-15T05:55:35Z</time><extensions><gpxtpx:TrackPointExtension><gpxtpx:hr>135</gpxtpx:hr></gpxtpx:TrackPointExtension></extensions></trkpt>
  <trkpt lat="40.7683856" lon="-73.9757461"><time>2026-09-15T05:55:40Z</time><extensions><gpxtpx:TrackPointExtension><gpxtpx:hr>135</gpxtpx:hr></gpxtpx:TrackPointExtension></extensions></trkpt>
  <trkpt lat="40.7682592" lon="-73.9758252"><time>2026-09-15T05:55:45Z</time><extensions><gpxtpx:TrackPointExtension><gpxtpx:hr>135</gpxtpx:hr></gpxtpx:TrackPointExtension></extensions></trkpt>
  <trkpt lat="40.7681420" lon="-73.9758947"><time>2026-09-15T05:55:50Z</time><extensions><gpxtpx:TrackPointExtension><gpxtpx:hr>134</gpxtpx:hr></gpxtpx:TrackPointExtension></extensions></trkpt>
  <trkpt lat="40.7680155" lon="-73.9759451"><time>2026-09-15T05:55:55Z</time><extensions><gpxtpx:TrackPointExtension><gpxtpx:hr>134</gpxtpx:hr></gpxtpx:TrackPointExtension></extensions></trkpt>
  <trkpt lat="40.7678964" lon="-73.9760178"><time>2026-09-15T05:56:00Z</time><extensions><gpxtpx:TrackPointExtension><gpxtpx:hr>133</gpxtpx:hr></gpxtpx:TrackPointExtension></extensions></trkpt>
  <trkpt lat="40.7677939" lon="-73.9760695"><time>2026-09-15T05:56:05Z</time><extensions><gpxtpx:TrackPointExtension><gpxtpx:hr>133</gpxtpx:hr></gpxtpx:TrackPointExtension></extensions></trkpt>
  <trkpt lat="40.7676720" lon="-73.9761483"><time>2026-09-15T05:56:10Z</time><extensions><gpxtpx:TrackPointExtension><gpxtpx:hr>134</gpxtpx:hr></gpxtpx:TrackPointExtension></extensions></trkpt>
  <trkpt lat="40.7675447" lon="-73.9762045"><time>2026-09-15T05:56:15Z</time><extensions><gpxtpx:TrackPointExtension><gpxtpx:hr>134</gpxtpx:hr></gpxtpx:TrackPointExtension></extensions></trkpt>
  <trkpt lat="40.7674614" lon="-73.9763269"><time>2026-09-15T05:56:20Z</time><extensions><gpxtpx:TrackPointExtension><gpxtpx:hr>133</gpxtpx:hr></gpxtpx:TrackPointExtension></extensions></trkpt>
  <trkpt lat="40.7673465" lon="-73.9764240"><time>2026-09-15T05:56:25Z</time><extensions><gpxtpx:TrackPointExtension><gpxtpx:hr>133</gpxtpx:hr></gpxtpx:TrackPointExtension></extensions></trkpt>
  <trkpt lat="40.7672885" lon="-73.9765443"><time>2026-09-15T05:56:30Z</time><extensions><gpxtpx:TrackPointExtension><gpxtpx:hr>133</gpxtpx:hr></gpxtpx:TrackPointExtension></extensions></trkpt>
  <trkpt lat="40.7672081" lon="-73.9766879"><time>2026-09-15T05:56:35Z</time><extensions><gpxtpx:TrackPointExtension><gpxtpx:hr>133</gpxtpx:hr></gpxtpx:TrackPointExtension></extensions></trkpt>
  <trkpt lat="40.7671266" lon="-73.9768216"><time>2026-09-15T05:56:40Z</time><extensions><gpxtpx:TrackPointExtension><gpxtpx:hr>132</gpxtpx:hr></gpxtpx:TrackPointExtension></extensions></trkpt>
  <trkpt lat="40.7670272" lon="-73.9769208"><time>2026-09-15T05:56:45Z</time><extensions><gpxtpx:TrackPointExtension><gpxtpx:hr>131</gpxtpx:hr></gpxtpx:TrackPointExtension></extensions></trkpt>
  <trkpt lat="40.7671226" lon="-73.9768214"><time>2026-09-15T05:56:50Z</time><extensions><gpxtpx:TrackPointExtension><gpxtpx:hr>130</gpxtpx:hr></gpxtpx:TrackPointExtension></extensions></trkpt>
  <trkpt lat="40.7672005" lon="-73.9767263"><time>2026-09-15T05:56:55Z</time><extensions><gpxtpx:TrackPointExtension><gpxtpx:hr>131</gpxtpx:hr></gpxtpx:TrackPointExtension></extensions></trkpt>
  <trkpt lat="40.7671894" lon="-73.9768913"><time>2026-09-15T05:57:00Z</time><extensions><gpxtpx:TrackPointExtension><gpxtpx:hr>132</gpxtpx:hr></gpxtpx:TrackPointExtension></extensions></trkpt>
  <trkpt lat="40.7671780" lon="-73.9770551"><time>2026-09-15T05:57:05Z</time><extensions><gpxtpx:TrackPointExtension><gpxtpx:hr>131</gpxtpx:hr></gpxtpx:TrackPointExtension></extensions></trkpt>
  <trkpt lat="40.7672020" lon="-73.9772155"><time>2026-09-15T05:57:10Z</time><extensions><gpxtpx:TrackPointExtension><gpxtpx:hr>131</gpxtpx:hr></gpxtpx:TrackPointExtension></extensions></trkpt>
  <trkpt lat="40.7672091" lon="-73.9773956"><time>2026-09-15T05:57:15Z</time><extensions><gpxtpx:TrackPointExtension><gpxtpx:hr>130</gpxtpx:hr></gpxtpx:TrackPointExtension></extensions></trkpt>
  <trkpt lat="40.7672457" lon="-73.9775528"><time>2026-09-15T05:57:20Z</time><extensions><gpxtpx:TrackPointExtension><gpxtpx:hr>129</gpxtpx:hr></gpxtpx:TrackPointExtension></extensions></trkpt>
  <trkpt lat="40.7673077" lon="-73.9777218"><time>2026-09-15T05:57:25Z</time><extensions><gpxtpx:TrackPointExtension><gpxtpx:hr>129</gpxtpx:hr></gpxtpx:TrackPointExtension></extensions></trkpt>
  <trkpt lat="40.7673387" lon="-73.9778481"><time>2026-09-15T05:57:30Z</time><extensions><gpxtpx:TrackPointExtension><gpxtpx:hr>129</gpxtpx:hr></gpxtpx:TrackPointExtension></extensions></trkpt>
  <trkpt lat="40.7673965" lon="-73.9779912"><time>2026-09-15T05:57:35Z</time><extensions><gpxtpx:TrackPointExtension><gpxtpx:hr>129</gpxtpx:hr></gpxtpx:TrackPointExtension></extensions></trkpt>
  <trkpt lat="40.7674695" lon="-73.9781441"><time>2026-09-15T05:57:40Z</time><extensions><gpxtpx:TrackPointExtension><gpxtpx:hr>130</gpxtpx:hr></gpxtpx:TrackPointExtension></extensions></trkpt>
  <trkpt lat="40.7675194" lon="-73.9782832"><time>2026-09-15T05:57:45Z</time><extensions><gpxtpx:TrackPointExtension><gpxtpx:hr>130</gpxtpx:hr></gpxtpx:TrackPointExtension></extensions></trkpt>
  <trkpt lat="40.7676157" lon="-73.9784437"><time>2026-09-15T05:57:50Z</time><extensions><gpxtpx:TrackPointExtension><gpxtpx:hr>131</gpxtpx:hr></gpxtpx:TrackPointExtension></extensions></trkpt>
  <trkpt lat="40.7676845" lon="-73.9785695"><time>2026-09-15T05:57:55Z</time><extensions><gpxtpx:TrackPointExtension><gpxtpx:hr>131</gpxtpx:hr></gpxtpx:TrackPointExtension></extensions></trkpt>
  <trkpt lat="40.7677553" lon="-73.9787118"><time>2026-09-15T05:58:00Z</time><extensions><gpxtpx:TrackPointExtension><gpxtpx:hr>132</gpxtpx:hr></gpxtpx:TrackPointExtension></extensions></trkpt>
  <trkpt lat="40.7678237" lon="-73.9788478"><time>2026-09-15T05:58:05Z</time><extensions><gpxtpx:TrackPointExtension><gpxtpx:hr>132</gpxtpx:hr></gpxtpx:TrackPointExtension></extensions></trkpt>
  <trkpt lat="40.7679141" lon="-73.9789682"><time>2026-09-15T05:58:10Z</time><extensions><gpxtpx:TrackPointExtension><gpxtpx:hr>132</gpxtpx:hr></gpxtpx:TrackPointExtension></extensions></trkpt>
  <trkpt lat="40.7679943" lon="-73.9790981"><time>2026-09-15T05:58:15Z</time><extensions><gpxtpx:TrackPointExtension><gpxtpx:hr>131</gpxtpx:hr></gpxtpx:TrackPointExtension></extensions></trkpt>
  <trkpt lat="40.7680764" lon="-73.9792462"><time>2026-09-15T05:58:20Z</time><extensions><gpxtpx:TrackPointExtension><gpxtpx:hr>132</gpxtpx:hr></gpxtpx:TrackPointExtension></extensions></trkpt>
  <trkpt lat="40.7681655" lon="-73.9793653"><time>2026-09-15T05:58:25Z</time><extensions><gpxtpx:TrackPointExtension><gpxtpx:hr>132</gpxtpx:hr></gpxtpx:TrackPointExtension></extensions></trkpt>
  <trkpt lat="40.7682616" lon="-73.9794611"><time>2026-09-15T05:58:30Z</time><extensions><gpxtpx:TrackPointExtension><gpxtpx:hr>133</gpxtpx:hr></gpxtpx:TrackPointExtension></extensions></trkpt>
  <trkpt lat="40.7683478" lon="-73.9795762"><time>2026-09-15T05:58:35Z</time><extensions><gpxtpx:TrackPointExtension><gpxtpx:hr>132</gpxtpx:hr></gpxtpx:TrackPointExtension></extensions></trkpt>
  <trkpt lat="40.7684616" lon="-73.9796742"><time>2026-09-15T05:58:40Z</time><extensions><gpxtpx:TrackPointExtension><gpxtpx:hr>132</gpxtpx:hr></gpxtpx:TrackPointExtension></extensions></trkpt>
  <trkpt lat="40.7685549" lon="-73.9797552"><time>2026-09-15T05:58:45Z</time><extensions><gpxtpx:TrackPointExtension><gpxtpx:hr>131</gpxtpx:hr></gpxtpx:TrackPointExtension></extensions></trkpt>
  <trkpt lat="40.7686740" lon="-73.9798232"><time>2026-09-15T05:58:50Z</time><extensions><gpxtpx:TrackPointExtension><gpxtpx:hr>131</gpxtpx:hr></gpxtpx:TrackPointExtension></extensions></trkpt>
  <trkpt lat="40.7687984" lon="-73.9798908"><time>2026-09-15T05:58:55Z</time><extensions><gpxtpx:TrackPointExtension><gpxtpx:hr>131</gpxtpx:hr></gpxtpx:TrackPointExtension></extensions></trkpt>
  <trkpt lat="40.7689069" lon="-73.9799521"><time>2026-09-15T05:59:00Z</time><extensions><gpxtpx:TrackPointExtension><gpxtpx:hr>132</gpxtpx:hr></gpxtpx:TrackPointExtension></extensions></trkpt>
 </trkseg></trk></gpx>